logFC	AveExpr	t	P.Value	adj.P.Val	B	Gene.Symbol	significant_logFC_1	significant_logFC_2	significant_logFC_3
0.737513003442182	8.43034692732966	4.35498409893738	8.14200849187405e-05	0.353826902921016	-0.569279796817725	ZSCAN18	no	no	no
-1.07480772463135	6.97013647722381	-4.31193737993236	9.32595948658449e-05	0.353826902921016	-0.637496397792014	MYOM1	yes	no	no
-0.670027454332482	6.88819615786726	-4.06537455225638	0.000201247362501196	0.509021662219691	-1.02660011849936	CDC14B	no	no	no
-1.07452885703783	8.81976473132016	-3.85265481216796	0.000385744726990338	0.546575883413197	-1.35900442085573	CTSC	yes	no	no
-1.48589765945609	9.67610584481911	-3.79538985629789	0.000458546793021092	0.546575883413197	-1.44778606776945	SUPT16H	yes	no	no
-0.637370565572459	8.52547910970667	-3.78884096010012	0.000467672969168925	0.546575883413197	-1.45791750742703	TUBA3C	no	no	no
-0.73579010873282	6.61082366060553	-3.76379430267314	0.000504221294661621	0.546575883413197	-1.49662293073947	SREK1	no	no	no
-0.938352637395371	12.6966591405456	-3.61640878954194	0.000781854994327068	0.666112776281153	-1.72289248832171	KRT18	no	no	no
1.62601374464498	8.76985064967614	3.59948593798123	0.000821858965385423	0.666112776281153	-1.7486965727676	BTG3	yes	no	no
-1.05484082799973	9.52452632500805	-3.57280551669527	0.000888947382291483	0.666112776281153	-1.78929966166262	PON2	yes	no	no
-0.933844116686389	7.2140852858434	-3.54457762928382	0.000965635284540416	0.666112776281153	-1.83214905833372	CYB5B	no	no	no
-0.824375648878791	8.56760489796811	-3.45013288761493	0.00127099784240962	0.758785467026681	-1.97465683031219	CLCN3	no	no	no
0.737152095412691	11.24602288491	3.40597073189594	0.00144361654902671	0.758785467026681	-2.04081307716062	SLIRP	no	no	no
-1.27341609857628	11.7579144166233	-3.39012593521515	0.0015108345570226	0.758785467026681	-2.06447056760453	PDLIM1	yes	no	no
-0.942686626585763	8.64193426991653	-3.38265735644215	0.00154354334530158	0.758785467026681	-2.07560703406914	TOX4	no	no	no
-0.603737762100944	7.44652097644016	-3.34011777646716	0.0017430974925183	0.758785467026681	-2.13885489419768	NDE1	no	no	no
-0.733324265325192	9.91170624384087	-3.3379513955664	0.00175389063369254	0.758785467026681	-2.14206738736142	EXTL2	no	no	no
0.572754735226359	7.95933385574645	3.32884372519039	0.0017999655253664	0.758785467026681	-2.15556386850101	SUCLG1	no	no	no
1.53101228639105	9.47770783535292	3.24376078449886	0.00228967362946598	0.770683955314534	-2.28091169925583	NPR1	yes	no	no
1.20991422539103	8.95096056715997	3.21523909941451	0.00248039441655546	0.770683955314534	-2.32262291015533	SCYL2	yes	no	no
-1.07536931648688	6.91205799905092	-3.21042105518336	0.00251406190126655	0.770683955314534	-2.32965319687792	DNAJC22	yes	no	no
-1.45950821114209	8.99532084045929	-3.20035793308212	0.00258578135083661	0.770683955314534	-2.34432196164113	SPRY1	yes	no	no
-1.11187306143022	7.64757208917117	-3.19825597619529	0.00260100438679478	0.770683955314534	-2.34738337281015	GCNT1	yes	no	no
-1.19078757735764	8.99670479186	-3.19446445535097	0.00262867844966725	0.770683955314534	-2.35290331561173	PRIM1	yes	no	no
-0.804432726836149	10.789438819974	-3.18541935639635	0.00269582718839636	0.770683955314534	-2.36606003639571	HEXB	no	no	no
-1.010077857857	9.53981459399132	-3.16771419153294	0.0028319884880386	0.770683955314534	-2.39176519420632	FANCL	yes	no	no
-1.3656792538724	8.42095529399086	-3.15529829044087	0.00293132211912602	0.770683955314534	-2.40975266562429	TPBG	yes	no	no
0.663340767223032	12.2431778280184	3.15386087076777	0.0029430324698568	0.770683955314534	-2.41183305236257	NME2	no	no	no
-0.641462859818884	8.16126517118196	-3.14801497907309	0.00299111444998743	0.770683955314534	-2.42028940468749	KIAA0040	no	no	no
0.851071053724082	11.7767845565119	3.11995888228283	0.00323237321467781	0.770683955314534	-2.46077360663695	PEBP1	no	no	no
-0.377128659639513	9.56544085674427	-3.10987958340782	0.00332344236800791	0.770683955314534	-2.47527677862611	HNRNPC	no	no	no
-1.03704158246487	7.86363482856832	-3.09616579743118	0.00345123900619331	0.770683955314534	-2.49497436230695	SLCO2A1	yes	no	no
0.723305458039442	8.03272762089583	3.09214489118609	0.00348957812492518	0.770683955314534	-2.5007419624436	ACADS	no	no	no
0.356528820221372	7.25891014396248	3.07588984554331	0.00364869509092072	0.770683955314534	-2.52402203431437	NDUFA10	no	no	no
1.27884996382291	11.000675981538	3.06481810268286	0.00376095678877238	0.770683955314534	-2.53984519232438	ARMCX2	yes	no	no
0.559777932323243	8.21751674111129	3.05751773159209	0.00383674766646136	0.770683955314534	-2.55026351104539	AP5S1	no	no	no
0.629821496891644	7.5650082633973	3.05207036215755	0.00389423424901664	0.770683955314534	-2.55802961228142	NFIX	no	no	no
-0.786861210273242	8.90569528694107	-3.04562400635935	0.00396330919608087	0.770683955314534	-2.56721126469823	SPCS3	no	no	no
1.53830277945048	9.4010455701732	3.02811224240114	0.00415681117891964	0.770683955314534	-2.59210579475382	CXADR	yes	no	no
0.598646422089144	7.12467118978301	3.02500617429296	0.00419204587122015	0.770683955314534	-2.59651400543689	LTBP4	no	no	no
-2.50320822616058	7.98314059071912	-3.0215400229741	0.00423169625905648	0.770683955314534	-2.60143062804074	CLDN6	yes	yes	no
-0.814514933089383	7.44338790445514	-3.01597953676252	0.00429604056610996	0.770683955314534	-2.60931218995913	NCOA2	no	no	no
0.576662499830425	13.2708535872662	2.98970301541539	0.00461271691003798	0.770683955314534	-2.64645950842756	RPL29	no	no	no
-0.727034568279831	7.81894697844856	-2.97346084959926	0.00481926900818235	0.770683955314534	-2.66933962348881	NFAT5	no	no	no
-0.557855631003488	7.96013203813158	-2.94611462386302	0.00518671363597122	0.770683955314534	-2.70771868328513	SETX	no	no	no
1.23677379023389	10.2621911081432	2.94428060264176	0.00521227175135797	0.770683955314534	-2.71028614053819	GAB2	yes	no	no
-1.13935553790023	8.018973960126	-2.93702306239274	0.0053145691573176	0.770683955314534	-2.7204379306002	TGM2	yes	no	no
-0.69435217338087	8.72354493849907	-2.93417171226555	0.00535527100960958	0.770683955314534	-2.72442283523879	TBC1D9	no	no	no
1.38034885083261	7.84320637876471	2.93175542258898	0.0053899904144315	0.770683955314534	-2.7277981526143	GATA6	yes	no	no
-1.18494982138076	9.6642644934482	-2.92139325874785	0.00554128195602307	0.770683955314534	-2.74225669156305	ANXA1	yes	no	no
1.19767817405928	9.05250436718559	2.92100903484563	0.00554696731898975	0.770683955314534	-2.74279229472927	C21orf91	yes	no	no
0.753942390283916	7.4639108149602	2.91722337661125	0.00560327573296646	0.770683955314534	-2.74806748821917	LSS	no	no	no
1.17406059095903	11.8222288740251	2.91585720110519	0.00562372716196521	0.770683955314534	-2.74997033263494	DHCR24	yes	no	no
-0.622031305284686	9.36478486414496	-2.91584641844809	0.00562388885349304	0.770683955314534	-2.74998534914424	METTL17	no	no	no
-1.11787008431086	8.43392070814039	-2.91449191100946	0.00564423495106145	0.770683955314534	-2.75187147823143	KLHL2	yes	no	no
-0.821941686062176	8.11445204140936	-2.91161320908512	0.00568770446726593	0.770683955314534	-2.75587849934729	NUP210	no	no	no
-1.75555730291535	8.77513014582833	-2.87253725445505	0.0063095224847753	0.826649766769526	-2.81006340288479	HOXC6	yes	no	no
0.470900945150533	9.57485266891242	2.86290780882944	0.00647219868751397	0.826649766769526	-2.82335619163641	COX6A1	no	no	no
-0.680122781782497	8.27432673263676	-2.85643289008413	0.00658377022711863	0.826649766769526	-2.83228087703918	ZC3H7A	no	no	no
-0.700043322495373	8.48524477201734	-2.85153504011578	0.00666935315751441	0.826649766769526	-2.83902457069274	LITAF	no	no	no
0.499321699383801	9.2261443343245	2.8415583660492	0.00684689227337303	0.826649766769526	-2.85274174417599	ATP5PO	no	no	no
-0.68651889545087	7.79517543670013	-2.84025975182991	0.00687032228015481	0.826649766769526	-2.8545253203659	PLXNA2	no	no	no
0.590302781632505	9.49222764578093	2.82799348835859	0.00709534113541409	0.826649766769526	-2.87135043053322	MRPS22	no	no	no
0.536387447016373	7.18794021644712	2.82785124086455	0.00709799032122228	0.826649766769526	-2.8715453119234	CPNE7	no	no	no
0.530139078236077	6.772003425538	2.82257152210215	0.00719697124768702	0.826649766769526	-2.87877481212752	NDUFB7	no	no	no
-0.743740917148632	10.7722568877697	-2.82209213731866	0.00720602167180181	0.826649766769526	-2.87943086497746	GTF2I	no	no	no
0.751414725562037	9.12432673848809	2.81719438801244	0.00729909519946735	0.826649766769526	-2.88613007634179	FAM117A	no	no	no
0.910965402823521	11.9138567139345	2.80155817947519	0.00760375869900572	0.848157316131298	-2.90747451983639	GPI	no	no	no
-0.475408650489667	7.86923908562412	-2.79611513990216	0.0077125533491117	0.848157316131298	-2.91488917446258	KLHL25	no	no	no
-1.09982521858343	8.45084161352358	-2.77450803358665	0.00815882872505309	0.861667744406081	-2.94424351626829	RAB27A	yes	no	no
-1.22728858514956	7.53409577378064	-2.7733831259318	0.00818270544208666	0.861667744406081	-2.94576826307673	HOXA4	yes	no	no
0.583370185119425	8.53830212257094	2.77009640846887	0.00825283896386319	0.861667744406081	-2.95022122314319	ZBTB22	no	no	no
0.39109106004776	7.20462330330171	2.76838237300845	0.00828963433601001	0.861667744406081	-2.95254227816891	CFAP410	no	no	no
0.417293356062213	7.39939494167612	2.75835909473587	0.00850786401053417	0.862466466859627	-2.96609901205818	TLN2	no	no	no
-0.943898900523836	9.5758333181323	-2.75626950618698	0.00855402378990767	0.862466466859627	-2.96892172561822	CTSO	no	no	no
0.650887746837552	9.96348663139741	2.75242538777617	0.00863954762629999	0.862466466859627	-2.97411136850837	FAM162A	no	no	no
0.691647444960505	9.50340373429709	2.7407783148366	0.00890352419901095	0.862466466859627	-2.98980998879942	THAP4	no	no	no
-0.966053920643533	10.0609318587787	-2.72248548652387	0.00933321395603513	0.862466466859627	-3.01438917161296	RPA3	no	no	no
-0.650359808966673	10.1616155140044	-2.72101687603518	0.00936852846714377	0.862466466859627	-3.01635836555349	CIB1	no	no	no
1.12161758551884	8.48101985595174	2.71912457606603	0.00941421301502133	0.862466466859627	-3.01889476172384	GSTZ1	yes	no	no
1.9721847963821	9.43281274120357	2.71475143630177	0.00952057884055651	0.862466466859627	-3.02475251865053	ADAMTS1	yes	no	no
0.930383034911467	11.0907526871679	2.71472831718649	0.00952114409196327	0.862466466859627	-3.02478347187895	PGM1	no	no	no
-0.826817726168479	7.713278592277	-2.7074271112256	0.00970121266107415	0.862466466859627	-3.03455111278874	TRIB1	no	no	no
-0.682418142727506	7.03296920324654	-2.69449687012364	0.0100278378323281	0.862466466859627	-3.05181180243877	ARHGEF40	no	no	no
-0.750109672374961	9.5815366776769	-2.67744102648255	0.0104741875224281	0.862466466859627	-3.0745058288598	PPID	no	no	no
-0.856603705530703	7.45934112015807	-2.67663637150557	0.0104956905102227	0.862466466859627	-3.07557438851817	CBR4	no	no	no
-1.20173890703542	7.55319140039541	-2.67311426779913	0.0105902917103445	0.862466466859627	-3.08024941761138	LEF1	yes	no	no
-0.739643807970129	7.70207277055493	-2.67283853984121	0.0105977305990982	0.862466466859627	-3.08061524913757	VDR	no	no	no
1.65627706292921	9.97637310685629	2.67162917672389	0.0106304149629892	0.862466466859627	-3.08221955008147	NRIP1	yes	no	no
-0.449854246038829	8.50143744088912	-2.66815103691852	0.0107249333538177	0.862466466859627	-3.08683114445292	ZNF592	no	no	no
1.14616382743499	8.67680445375627	2.66367588894345	0.0108476831103203	0.862466466859627	-3.09275942348457	DDHD2	yes	no	no
-0.849343573842753	7.89212210416919	-2.66077623387489	0.0109279070300942	0.862466466859627	-3.09659748123612	TPR	no	no	no
-0.498021652803708	7.87415323583076	-2.6593051324047	0.0109688159086894	0.862466466859627	-3.09854372058981	TGS1	no	no	no
0.52533986692267	9.62050603848103	2.6584684402359	0.0109921457127518	0.862466466859627	-3.09965036340102	ATG4B	no	no	no
-0.663306136634387	7.45653800793151	-2.64774313874829	0.0112952721998393	0.862466466859627	-3.1138177242146	POGK	no	no	no
0.62727693632133	9.173512922238	2.64612104702152	0.0113417801230343	0.862466466859627	-3.11595741951449	STK25	no	no	no
0.566000372229882	8.28142540622972	2.64545671305289	0.011360878366894	0.862466466859627	-3.11683351401068	EVPL	no	no	no
-0.732261441519531	8.47242803674913	-2.61919790952708	0.01213985016026	0.862466466859627	-3.15135666850536	TMEM106C	no	no	no
0.775607091576249	10.026565792719	2.61801132417585	0.0121761813329357	0.862466466859627	-3.15291180295403	APRT	no	no	no
-0.733027427698207	9.57395502380407	-2.61510462031407	0.0122656012842263	0.862466466859627	-3.15671951703313	ARFGAP3	no	no	no
-1.23041941032615	8.58264250508059	-2.6125674819001	0.0123441439584745	0.862466466859627	-3.16004101507723	GCHFR	yes	no	no
0.306586170132438	6.79299593650001	2.60649327400058	0.012534061428731	0.862466466859627	-3.16798512414891	EYA3	no	no	no
-0.716296832199779	8.78182626228669	-2.60568220058473	0.0125596223024382	0.862466466859627	-3.16904503054055	RAP2C	no	no	no
-0.567822783900599	8.20754565343858	-2.60127214793035	0.0126994424523953	0.862466466859627	-3.17480455070676	SIPA1	no	no	no
-0.941570298664055	8.13968732008964	-2.60109951700344	0.0127049445875777	0.862466466859627	-3.1750298855325	MCM6	no	no	no
0.591491929659402	8.03680712688932	2.60086665139742	0.0127123699971409	0.862466466859627	-3.17533383013663	ACY1	no	no	no
0.494363776685838	8.8062432817728	2.60061693931355	0.0127203370095502	0.862466466859627	-3.17565974494766	TNK1	no	no	no
1.52558036564044	9.34596813509638	2.59893477345013	0.0127741254657852	0.862466466859627	-3.17785474742304	CLU	yes	no	no
-0.808935908010313	8.13144944778415	-2.5969244635293	0.0128386797953089	0.862466466859627	-3.18047679789687	HAUS7	no	no	no
-0.503286635409261	6.51518708736149	-2.58969073161595	0.0130734462370436	0.862466466859627	-3.18990150803271	ZNF75D	no	no	no
0.839364166981591	10.7289546576015	2.58409398812286	0.0132577745395946	0.862466466859627	-3.19718236512008	GYG1	no	no	no
-0.596240524338873	7.33504748714056	-2.57595268460302	0.0135301556961597	0.862466466859627	-3.20775618694477	SMCHD1	no	no	no
-0.398235853854135	6.82051220493119	-2.57427657511968	0.0135868642236138	0.862466466859627	-3.20993054715117	AMBRA1	no	no	no
-0.747059725590907	8.31969134962272	-2.5737993931848	0.013603048623706	0.862466466859627	-3.21054941963443	GLYR1	no	no	no
-0.897792353064756	9.88531048230168	-2.56799621788382	0.0138012883828431	0.862466466859627	-3.21807007604962	MCM7	no	no	no
-0.824857857260586	8.68886164235248	-2.56363654980696	0.0139519503056234	0.862466466859627	-3.22371310825215	METTL3	no	no	no
-0.842708962968408	9.2176575705222	-2.56157430584891	0.01402373985434	0.862466466859627	-3.22638035077813	ERLIN1	no	no	no
0.415875882427281	7.81457322008704	2.55955085343381	0.0140945068748302	0.862466466859627	-3.22899612832443	RRP1	no	no	no
-0.497456919539959	7.52896048876088	-2.5578479205221	0.0141543168622989	0.862466466859627	-3.23119656696823	SLC35D2	no	no	no
0.524794373841914	10.4934118040119	2.55687533741537	0.0141885795993459	0.862466466859627	-3.23245287887457	SERP1	no	no	no
-0.750059307374974	8.65344508437038	-2.55446685364338	0.0142737533861772	0.862466466859627	-3.23556270490317	MCM5	no	no	no
0.788315454532182	9.76785344107212	2.55444318019245	0.0142745928879619	0.862466466859627	-3.23559326294293	SPATA20	no	no	no
0.615851776516268	9.36478313899441	2.54188774326169	0.0147262361246167	0.862466466859627	-3.25177514025918	GYS1	no	no	no
-0.757172737681468	7.43770276355647	-2.54099308092191	0.0147589112474197	0.862466466859627	-3.25292631232153	PHTF1	no	no	no
-0.476710125506806	8.45609467222278	-2.52875016892396	0.0152127440400073	0.862466466859627	-3.26865389216975	FBXO38	no	no	no
-0.613063721083184	8.7632634098153	-2.52614580500215	0.015310911117521	0.862466466859627	-3.27199337775125	HTATSF1	no	no	no
-0.602503390445402	7.50084178386575	-2.52512062735931	0.0153497115293523	0.862466466859627	-3.27330733377922	IDS	no	no	no
-1.11162759868695	7.77259986722169	-2.52477391736345	0.0153628538962232	0.862466466859627	-3.27375163124004	NRGN	yes	no	no
-0.558156565929674	7.75687944123206	-2.52281116736833	0.0154374472682999	0.862466466859627	-3.27626610654667	PSMC3IP	no	no	no
-0.623649823365661	8.12142609926167	-2.52040394896724	0.0155293828782134	0.862466466859627	-3.27934830716076	STX3	no	no	no
-0.964308150832957	9.67899852331714	-2.51986992912892	0.0155498454390862	0.862466466859627	-3.28003181433454	FEN1	no	no	no
0.410174252199492	7.13598291470036	2.50816670002071	0.0160045003327992	0.862466466859627	-3.2949881223504	ZNF787	no	no	no
0.347174961532035	8.08969717809347	2.50792800481068	0.0160138979456187	0.862466466859627	-3.29529270768749	PWP2	no	no	no
0.73359882043912	8.71962969953285	2.50789526195478	0.0160151874484598	0.862466466859627	-3.29533448754445	ECSIT	no	no	no
-0.580092795843526	7.79594604880753	-2.5067057322727	0.0160620984866938	0.862466466859627	-3.29685209193034	GSPT1	no	no	no
-0.445382033332476	7.37815950110228	-2.5019242639916	0.0162519274557899	0.862466466859627	-3.30294768894864	ZNF219	no	no	no
-0.428945872974036	7.49795294768306	-2.49823722663698	0.0163996974536244	0.862466466859627	-3.30764301326757	ABHD17B	no	no	no
0.468054354591578	7.81736965584027	2.49726066400426	0.016439040505105	0.862466466859627	-3.30888589661067	TMEM120B	no	no	no
0.778448056970082	7.86284174645216	2.48789935709909	0.0168205591454479	0.862466466859627	-3.32078442537845	SLC16A5	no	no	no
-0.729219975172686	7.51512767738712	-2.48761359645165	0.0168323308158389	0.862466466859627	-3.32114718781076	DENND3	no	no	no
-0.847871207079919	7.7671581927014	-2.48623546810361	0.0168892068212635	0.862466466859627	-3.32289629607958	CDC45	no	no	no
-0.496428529392532	7.9931264239079	-2.48357802595619	0.016999373907103	0.862466466859627	-3.32626734743839	ZNF510	no	no	no
-0.530573904140282	6.74551889660044	-2.47988206036729	0.0171536793554256	0.862466466859627	-3.33095196075624	ANKRD10	no	no	no
-0.457886334475464	8.69959946682724	-2.47725102087281	0.0172642982530836	0.862466466859627	-3.33428406116788	FURIN	no	no	no
-1.2037358643204	8.47093912022407	-2.47503398384621	0.017358013269329	0.862466466859627	-3.33709008223834	FYN	yes	no	no
-0.420330783425081	9.22237747871508	-2.47010600023801	0.0175679770126687	0.862466466859627	-3.34332146254116	DDX46	no	no	no
0.517134816200606	9.44703185203888	2.46954158651853	0.0175921711719005	0.862466466859627	-3.3440346473809	PLCD1	no	no	no
0.385933613046984	8.70889400872918	2.46769807082607	0.0176714060968839	0.862466466859627	-3.34636335528751	HDLBP	no	no	no
-1.69024132301329	9.40662207322416	-2.46716976810816	0.0176941723344973	0.862466466859627	-3.34703049469249	SDC1	yes	no	no
-0.6517348515957	7.56399311581799	-2.46496114715599	0.0177896372076142	0.862466466859627	-3.34981853874073	LIMS1	no	no	no
0.834528745837383	7.11161662652036	2.46239379074861	0.0179011949508473	0.862466466859627	-3.35305740638663	COL4A5	no	no	no
-1.68132819509167	9.11906214889095	-2.46050313350434	0.0179837537019609	0.862466466859627	-3.35544118569568	INHBB	yes	no	no
-0.632511583665953	8.3943516073882	-2.45774360111263	0.0181048730901006	0.862466466859627	-3.35891833627052	PLAGL2	no	no	no
0.409952528528745	7.78895660777465	2.45623492611095	0.0181714029551748	0.862466466859627	-3.36081827601665	EXD2	no	no	no
0.482285860760343	8.40477354986045	2.45435118208414	0.0182547837293575	0.862466466859627	-3.36318949618282	SETD3	no	no	no
0.911754887250983	10.6539165261644	2.44933882781153	0.0184783385433809	0.862466466859627	-3.36949320627158	MXI1	no	no	no
0.55765734366204	9.90565721802535	2.44884127465107	0.018500664564143	0.862466466859627	-3.37011849019793	THOC7	no	no	no
0.732716698414999	7.20091819278361	2.44841664787045	0.0185197375818205	0.862466466859627	-3.37065206102014	PELI2	no	no	no
0.569062931933632	7.48741037749146	2.44765081295487	0.0185541817257065	0.862466466859627	-3.37161422987871	FAM90A1	no	no	no
-0.454720325924458	8.17012166596143	-2.44561279635528	0.0186461262771929	0.862466466859627	-3.37417377177559	DGKZ	no	no	no
-0.909510736525532	9.79781646842471	-2.44391003847048	0.0187232619009137	0.862466466859627	-3.3763112000359	RFK	no	no	no
-1.08304248944055	9.76759719532202	-2.44341671988306	0.0187456633527285	0.862466466859627	-3.376930269304	ADGRG1	yes	no	no
-1.31372435935451	9.7854232728394	-2.44281612144138	0.01877296910802	0.862466466859627	-3.37768385512593	TMEM176A	yes	no	no
0.396709296611499	7.83990477397924	2.43732399020446	0.0190243399823793	0.862466466859627	-3.38456937236625	NPRL3	no	no	no
0.28839350249214	7.63308814949661	2.43569756970721	0.0190993625238369	0.862466466859627	-3.38660648623089	MVK	no	no	no
-0.459218806810672	7.99997422002909	-2.43438618198965	0.0191600482659115	0.862466466859627	-3.38824837102058	EWSR1	no	no	no
-0.72341630882358	9.22895369356302	-2.43418024931512	0.0191695938345362	0.862466466859627	-3.38850615058557	SMARCA5	no	no	no
0.670347617032137	9.21731383037238	2.43406711558391	0.0191748397376929	0.862466466859627	-3.38864776150836	SLC41A3	no	no	no
0.633648291107748	9.00003607232087	2.42728689825762	0.0194916133329821	0.862466466859627	-3.397126788993	GCN1	no	no	no
-1.15855583040999	8.31053129409876	-2.42581069524261	0.0195612061981238	0.862466466859627	-3.39897080870781	MKI67	yes	no	no
0.316774025352794	7.25857823479079	2.42503137828751	0.0195980361955539	0.862466466859627	-3.39994400703831	PCNT	no	no	no
0.499581831547816	7.71361098952172	2.42359968381449	0.0196658605404382	0.862466466859627	-3.40173134970368	UNC119B	no	no	no
-0.547117456046573	7.60093466033373	-2.42053625261391	0.0198116991879431	0.862466466859627	-3.4055534443401	CCP110	no	no	no
0.30784272948334	6.99051886128213	2.41360861576797	0.0201451090244351	0.862466466859627	-3.41418500837046	SLC6A7	no	no	no
-0.82306415304111	7.88533579315379	-2.41129076585508	0.0202577878122044	0.862466466859627	-3.41706932423456	CBX5	no	no	no
0.375391649904916	6.62113403720564	2.40626534462574	0.020504048168239	0.862466466859627	-3.42331664826753	MAST1	no	no	no
-0.423160762298708	7.43635356644979	-2.40130588008257	0.0207497226610251	0.862466466859627	-3.42947354108174	NPAT	no	no	no
0.58216815151907	11.0124628236744	2.40129047486673	0.0207504899021567	0.862466466859627	-3.42949265269869	GLRX5	no	no	no
1.24962234348953	7.83886447945436	2.401101772765	0.0207598900962131	0.862466466859627	-3.42972674879689	DHRS11	yes	no	no
0.760567015552199	8.81446498979858	2.39991164750725	0.0208192647680242	0.862466466859627	-3.43120288902895	MXRA7	no	no	no
0.891726350119688	9.40993519798914	2.39966977038494	0.0208313505976258	0.862466466859627	-3.43150283568358	TRAPPC6A	no	no	no
-0.529544646062173	8.8422092752028	-2.39534275941688	0.0210486296949417	0.862466466859627	-3.43686528692829	BUB3	no	no	no
0.658661606848224	9.76074540283088	2.39510005687716	0.021060877229752	0.862466466859627	-3.43716587750352	CCDC92	no	no	no
-0.859752323447461	9.28752249540166	-2.39209725279073	0.0212129407420293	0.862466466859627	-3.44088322229105	NUDT21	no	no	no
-0.643152706701767	8.39512851491132	-2.38905478734793	0.021368021686758	0.862466466859627	-3.44464650885278	PTK2	no	no	no
-0.593932080538576	6.95612770410227	-2.38884896538762	0.0213785496870658	0.862466466859627	-3.44490097927242	SLC7A6	no	no	no
-0.575545309865241	8.9794938268542	-2.38581252456563	0.0215344109180685	0.862466466859627	-3.44865342516279	NAA40	no	no	no
-0.985609325700802	11.8974953186327	-2.38361673016516	0.0216477587923923	0.862466466859627	-3.45136501839689	KRT8	no	no	no
-0.562200831507745	8.96949174888412	-2.38117645214525	0.0217743574523617	0.862466466859627	-3.45437657444792	RHOC	no	no	no
-0.729642903625907	9.23778033337937	-2.38045062787043	0.0218121408118742	0.862466466859627	-3.45527192022784	ARMCX3	no	no	no
-0.792089058172251	9.66824320340893	-2.37942910650017	0.021865416966301	0.862466466859627	-3.45653171700788	CHD8	no	no	no
-0.573273972647586	8.71261491852337	-2.37819741646482	0.0219298100392049	0.862466466859627	-3.45805022585816	GTF3C5	no	no	no
-1.11133686495149	8.99968591639144	-2.37806494338623	0.0219367459282957	0.862466466859627	-3.45821351618031	PSRC1	yes	no	no
-1.12065517525967	8.38367225432711	-2.37328643001579	0.0221882590200879	0.865048705217182	-3.46409959501274	MREG	yes	no	no
-0.562096615611316	8.40355427703073	-2.37249001219183	0.0222304292985438	0.865048705217182	-3.46507983769304	NVL	no	no	no
-0.856709228103866	8.7199048562295	-2.36804788326863	0.0224669658796663	0.86639697142294	-3.47054323670251	TDRD7	no	no	no
-0.60775355675524	8.06477380512161	-2.36717719880798	0.0225135930865867	0.86639697142294	-3.4716132927943	MTMR11	no	no	no
-0.835139985313691	8.59411514625092	-2.3654263778486	0.0226076173354958	0.86639697142294	-3.47376422309534	GALNT7	no	no	no
-0.861847719033678	8.92854565595261	-2.36069016481685	0.0228637387359463	0.86882249442736	-3.47957743688818	RIPK2	no	no	no
0.396145513107456	7.37488168372679	2.35952978710099	0.0229268854108006	0.86882249442736	-3.48100048794348	STIMATE	no	no	no
-1.00583134677109	9.03416735938472	-2.35175124290627	0.0233542505802153	0.86882249442736	-3.49052769920751	SDF2L1	yes	no	no
-1.18212100223307	6.96626467545498	-2.34751468994363	0.0235900122022698	0.86882249442736	-3.4957077398479	HOXA3	yes	no	no
-0.591196579414147	8.3481431802664	-2.34656275495493	0.0236432800697042	0.86882249442736	-3.49687080528761	EXOSC9	no	no	no
-0.603618883786409	7.43324420426512	-2.34364238481283	0.0238073712925888	0.86882249442736	-3.50043689865424	REV3L	no	no	no
0.378576230283028	7.07540571641666	2.34305007011952	0.0238407770386213	0.86882249442736	-3.50115981402827	PRODH2	no	no	no
0.461388125503999	7.81133956624633	2.34259257294408	0.0238666080603645	0.86882249442736	-3.50171810113636	DDX49	no	no	no
0.760776318394072	8.60803514534632	2.34047027588195	0.0239867652898729	0.86882249442736	-3.50430699113138	TEX264	no	no	no
0.564271469579617	7.22803269604695	2.34019273241949	0.0240025189407563	0.86882249442736	-3.50464543591496	ZBTB25	no	no	no
-0.471449161098432	7.83886752423225	-2.33953241651626	0.0240400364856193	0.86882249442736	-3.50545053564297	SMYD2	no	no	no
-0.453009601203657	7.19271060548537	-2.33457093914013	0.0243236232357605	0.86882249442736	-3.51149496568124	HEATR1	no	no	no
0.453351328670525	7.77752001864891	2.33392062480604	0.0243610153634311	0.86882249442736	-3.51228658074591	SDHB	no	no	no
0.555568074995134	11.5307173104543	2.33121265721408	0.0245172746168123	0.86882249442736	-3.51558132823054	WDR83OS	no	no	no
1.78628955265529	10.0218498798997	2.33104795704526	0.0245268073337503	0.86882249442736	-3.51578163293004	SPON1	yes	no	no
0.863623416240703	9.09610435654291	2.32936051157872	0.024624667035162	0.86882249442736	-3.51783331299466	DHCR7	no	no	no
0.718739285723987	6.70676502680527	2.3292334228734	0.0246320514256538	0.86882249442736	-3.51798779288632	USP25	no	no	no
-0.624959945092514	7.82443452410387	-2.32666075483	0.0247819618850059	0.86882249442736	-3.52111371122899	ACOT7	no	no	no
0.682839238112968	8.07855106301876	2.32555919879716	0.0248463997483839	0.86882249442736	-3.52245143770502	USE1	no	no	no
-0.620521388978864	8.55648628638495	-2.32124648679028	0.0251001285797433	0.869639654581113	-3.52768463291524	TOR3A	no	no	no
0.538625261955277	7.34707324488949	2.31988774737878	0.0251805466423488	0.869639654581113	-3.52933200363413	RAB3A	no	no	no
0.50946680670748	8.52931987095705	2.31933056844591	0.0252135904069379	0.869639654581113	-3.53000735161414	RNF123	no	no	no
1.11378887728057	10.7489432946152	2.31033555026151	0.0257524468475873	0.880649153704616	-3.54089474271254	PTGS1	yes	no	no
-0.535165403570613	8.13060762993209	-2.31012956115687	0.0257649067109152	0.880649153704616	-3.54114372908694	RANBP2	no	no	no
0.455403898767767	8.55732512313143	2.30337925902282	0.0261762163851682	0.889793335919261	-3.54929464515326	RASSF1	no	no	no
0.629690059187864	9.54675821080419	2.30041833241432	0.0263584779799852	0.889793335919261	-3.55286477038081	HECTD3	no	no	no
-1.12829858732963	10.9419731243367	-2.29380624477661	0.026769592327789	0.889793335919261	-3.56082587567544	IFI16	yes	no	no
-1.17939061106689	9.88311857424319	-2.293407596948	0.0267945609638277	0.889793335919261	-3.56130535296219	IRS2	yes	no	no
-0.551910282615151	7.7397822063068	-2.29324952265371	0.0268044674436438	0.889793335919261	-3.5614954623674	MED23	no	no	no
-1.26300618346112	10.1124950400483	-2.29290430079971	0.026826113800981	0.889793335919261	-3.56191061502448	RAB31	yes	no	no
0.717747443394446	7.96991575039204	2.28982680145452	0.0270197729721685	0.889793335919261	-3.56560961376646	MRM3	no	no	no
-1.41586831237043	10.6644731019745	-2.28929847004571	0.0270531448742332	0.889793335919261	-3.56624429709722	MDK	yes	no	no
0.372268232968411	6.63859386030928	2.2887503678827	0.0270878045067672	0.889793335919261	-3.56690262427887	DNASE1L2	no	no	no
0.671181460365211	11.8588006390056	2.28329848864805	0.0274347238513126	0.891047159777975	-3.57344497030168	FBL	no	no	no
-0.664833592869449	7.97848536683915	-2.27790826338027	0.0277816151571108	0.891047159777975	-3.57990272917306	SSX2IP	no	no	no
-0.65227142442697	7.95497273346703	-2.27633295200262	0.0278837319372134	0.891047159777975	-3.58178803626632	PECR	no	no	no
0.641046026856203	10.4359450918541	2.27546052422516	0.0279404295386516	0.891047159777975	-3.58283175500752	ATP5MC1	no	no	no
0.367436004621867	13.0925317800169	2.27437528098354	0.0280111012223552	0.891047159777975	-3.58412968613374	RPL6	no	no	no
-0.590846726124013	10.5075673270581	-2.2705686050783	0.0282602567878035	0.891047159777975	-3.58867900667621	ALDH18A1	no	no	no
-0.548179433452694	7.39675505895423	-2.27050913382414	0.0282641649496861	0.891047159777975	-3.58875003823638	MARF1	no	no	no
0.491806152868623	8.24065795037901	2.27010692405791	0.0282906088784633	0.891047159777975	-3.58923039755599	PXDC1	no	no	no
-0.614118010593991	8.38570564762336	-2.26944208433942	0.028334368222651	0.891047159777975	-3.59002428642431	SEPTIN8	no	no	no
-0.424467190985105	6.78967398330131	-2.26293809116141	0.0287656511371971	0.891047159777975	-3.59778221760983	BTN2A2	no	no	no
0.563926689670782	7.40786854802809	2.26172547282122	0.0288467045472532	0.891047159777975	-3.59922690985329	ATF5	no	no	no
-0.574181936543116	7.52060114966474	-2.26008833095856	0.0289564566814901	0.891047159777975	-3.60117651661652	JADE1	no	no	no
-0.662617738604283	7.65682239713706	-2.25697424967517	0.0291662485960791	0.891047159777975	-3.60488223619626	EDAR	no	no	no
-0.521822148050176	7.96098907268362	-2.25642835137049	0.0292031642728147	0.891047159777975	-3.60553148168923	SLC17A9	no	no	no
0.356862514671525	7.3324588870521	2.25536382147733	0.0292752714808027	0.891047159777975	-3.60679722881517	REM1	no	no	no
1.08549591186745	7.13474941398683	2.2526363147357	0.0294607465606075	0.891047159777975	-3.61003838585488	FOLR3	yes	no	no
-0.674379547906379	7.4399788922807	-2.25251263796188	0.0294691815347578	0.891047159777975	-3.61018528881698	PUS7L	no	no	no
0.42502035468187	8.18868051993427	2.25190737867123	0.0295104923062154	0.891047159777975	-3.61090413303445	CRADD	no	no	no
1.28043453071136	8.02708084534108	2.25151936716375	0.0295370023759446	0.891047159777975	-3.61136488905412	IGF1	yes	no	no
0.277464223578578	6.60146297051587	2.24719704759843	0.0298337524887572	0.891047159777975	-3.61649380501436	KDM8	no	no	no
0.394177280653753	8.34226694361823	2.24591626687847	0.0299221930107442	0.891047159777975	-3.6180122704361	EXOC7	no	no	no
-0.676852287946019	11.1607072069136	-2.24416855486611	0.0300432524461821	0.891047159777975	-3.62008334145105	RPS23	no	no	no
-0.430881657964326	7.11969881894361	-2.24414561050762	0.0300448446355954	0.891047159777975	-3.62011052343022	OTUD4	no	no	no
0.459845125780995	13.1831036767002	2.24274877624077	0.0301419173730462	0.891047159777975	-3.62176497390882	RPL4	no	no	no
0.345533159414373	7.23999554136529	2.2426325378086	0.030150007902225	0.891047159777975	-3.62190261750058	LMAN1L	no	no	no
-0.284039785214665	6.73744065449441	-2.23888973952798	0.0304115520532082	0.891047159777975	-3.62633197330885	ATM	no	no	no
0.484174793102326	8.81986969739037	2.23804942894645	0.0304705489824551	0.891047159777975	-3.6273257121249	PDXK	no	no	no
0.657007396498527	9.05989270912439	2.23700813472594	0.0305437978397082	0.891047159777975	-3.62855676787176	RFNG	no	no	no
0.465090381594798	8.35376066924256	2.23302328554817	0.030825556173829	0.891047159777975	-3.63326408333126	FNDC4	no	no	no
0.782734338722728	8.28631725305833	2.23194477908873	0.0309022107019304	0.891047159777975	-3.63453711195613	FAM50B	no	no	no
-0.749467387309449	7.74754573580411	-2.23172581847873	0.0309177939326664	0.891047159777975	-3.63479551202997	NREP	no	no	no
0.712334409772488	8.47831476143635	2.2315161438296	0.0309327228344567	0.891047159777975	-3.63504293682753	FERMT2	no	no	no
-0.624438789274942	8.48386043745583	-2.2305567513238	0.031001113624326	0.891047159777975	-3.63617485118533	KBTBD2	no	no	no
-0.628960812381128	8.91077441626941	-2.22827142947352	0.031164565420203	0.892364990220755	-3.63886974860455	SLC17A5	no	no	no
-0.525871298885284	7.83935521631847	-2.2234738844944	0.0315101900025873	0.893015347433244	-3.64452077674955	ERBIN	no	no	no
0.627996621404888	7.15510010654832	2.22174977473659	0.0316352271039922	0.893015347433244	-3.64654950701165	SULT4A1	no	no	no
-0.759389208381567	8.17419354084657	-2.21999986308408	0.0317625856351664	0.893015347433244	-3.64860746180153	RAB36	no	no	no
0.548340775576642	8.93212310426729	2.21745453150729	0.0319486471921364	0.893015347433244	-3.65159881196961	ANO10	no	no	no
0.302386240994723	7.33863379381493	2.21634468490428	0.0320300783797194	0.893015347433244	-3.65290237754742	PTGER1	no	no	no
0.98155797163978	10.1945729935345	2.21559298799035	0.0320853361131103	0.893015347433244	-3.65378501777358	EBAG9	no	no	no
-0.500107437187806	7.479326739289	-2.21502156500487	0.0321273983581109	0.893015347433244	-3.65445583919695	SORBS1	no	no	no
-0.506245066397673	7.14817981108177	-2.21500279351904	0.032128780950089	0.893015347433244	-3.65447787388644	SAP30	no	no	no
0.425944386091629	7.98108444468025	2.20753663707906	0.0326828950843212	0.895409611878479	-3.66323144489494	SMAD3	no	no	no
0.397883038033239	8.05935585018495	2.20243934426663	0.0330660501276397	0.895409611878479	-3.66919563682513	KRI1	no	no	no
-0.578642698964647	9.72009376501728	-2.19724008220396	0.0334609649090923	0.895409611878479	-3.67526904331382	TAF9	no	no	no
-0.395937818469842	7.76659032207531	-2.19525800066012	0.0336126119451858	0.895409611878479	-3.67758167965564	ARAP3	no	no	no
-0.457413518772493	8.76683490205747	-2.19514252463113	0.0336214656273257	0.895409611878479	-3.67771636797765	PIN4	no	no	no
0.530415460049878	11.1171122741267	2.19369104388433	0.0337329285620647	0.895409611878479	-3.67940890793115	KTN1	no	no	no
0.876895960961738	7.32801702520574	2.19218088545233	0.0338492446047181	0.895409611878479	-3.68116902366228	CNN1	no	no	no
-0.660821618107186	7.48975927117153	-2.19090091370897	0.0339481089170492	0.895409611878479	-3.68266017607316	CEP72	no	no	no
0.741532845172565	10.5609373502703	2.18794927558768	0.0341770664829219	0.895409611878479	-3.68609643164664	PIGP	no	no	no
-0.322503075524801	7.45556387088312	-2.1879227786349	0.0341791280147927	0.895409611878479	-3.68612726404923	AQP6	no	no	no
-0.510999521886369	10.9604144726261	-2.18722629199219	0.0342333559537131	0.895409611878479	-3.68693761469447	POLR2H	no	no	no
0.94121605973779	9.31929573399349	2.18658685271329	0.0342832092286449	0.895409611878479	-3.68768142942065	AK4	no	no	no
2.51903256628422	8.92910654574738	2.18598030098426	0.0343305577975873	0.895409611878479	-3.68838684477882	ADIRF	yes	yes	no
0.613096182428999	11.7825576776438	2.18467972342898	0.0344322783539894	0.895409611878479	-3.68989893578995	ATP5PF	no	no	no
-0.429788841200168	7.78484596238278	-2.18240238324473	0.03461103544996	0.895409611878479	-3.69254509095852	DELE1	no	no	no
-0.66744901356114	7.95787545270525	-2.18214012451482	0.0346316737351296	0.895409611878479	-3.69284969570533	NDRG2	no	no	no
0.472572979418814	9.75663035870841	2.18105487107088	0.0347171927910827	0.895409611878479	-3.69410990282881	PWP1	no	no	no
1.52016416142492	8.65329937631794	2.17618466720196	0.0351032727041822	0.895409611878479	-3.69975970382045	SCARA3	yes	no	no
-0.688271414244043	9.234467181563	-2.17408889658922	0.0352705768530012	0.895409611878479	-3.70218816848589	LSM6	no	no	no
-0.517512686422433	8.39758838933634	-2.17194827347	0.0354421883812842	0.895409611878479	-3.70466687271156	OGFOD1	no	no	no
1.22728993679453	9.8907193373667	2.17169771016471	0.0354623239188453	0.895409611878479	-3.70495689436143	NUPR1	yes	no	no
-0.569749867128986	10.8299871517243	-2.16935560830035	0.0356510268869174	0.895409611878479	-3.70766666489917	AIDA	no	no	no
-0.284953036287249	7.36972763593284	-2.16795085529145	0.0357646326304213	0.895409611878479	-3.70929093141326	POLA2	no	no	no
0.437644017060551	7.53193162237041	2.16602419995938	0.0359209656123552	0.895409611878479	-3.71151742503271	RAMP2	no	no	no
0.567819904637512	9.08129610567526	2.1655892632754	0.0359563406606221	0.895409611878479	-3.71201985233215	HSPBP1	no	no	no
0.404969956659246	8.27710048317574	2.16338099792346	0.0361364220418227	0.895409611878479	-3.71456966162073	OGFOD2	no	no	no
0.48847757032404	8.04527587265428	2.1633713156018	0.0361372133728575	0.895409611878479	-3.71458083734702	TMEM115	no	no	no
0.620082506726401	9.85603378767272	2.16016596342195	0.0364000270606905	0.895409611878479	-3.71827860399727	MRPS7	no	no	no
0.754523522446934	10.3599104332585	2.15908284353848	0.036489214754374	0.895409611878479	-3.71952722244619	HLTF	no	no	no
0.456472389894697	9.06140459845178	2.15744450319184	0.0366244874421034	0.895409611878479	-3.72141503987053	AXIN1	no	no	no
0.561398624719121	10.2916907670004	2.15723122316376	0.0366421298082373	0.895409611878479	-3.72166072092377	EIF2B1	no	no	no
0.548923236874361	9.9516023769667	2.15723089534274	0.0366421569311171	0.895409611878479	-3.72166109853314	HMGCL	no	no	no
-1.0256236611153	7.99476192716882	-2.15121062913386	0.0371432502663252	0.895409611878479	-3.72858871526463	SYT17	yes	no	no
-0.846613510340146	7.12798177949172	-2.1510185943013	0.0371593330950994	0.895409611878479	-3.72880946262877	ZNF34	no	no	no
0.398002181556878	8.14400132906437	2.14827804044857	0.0373895228546259	0.895409611878479	-3.73195822383122	CAT	no	no	no
0.272315696951963	13.6352319747954	2.1460541053742	0.0375772422599367	0.895409611878479	-3.73451128058602	RPL9	no	no	no
0.480320664352544	7.49451068730642	2.14398835647955	0.0377523525568962	0.895409611878479	-3.73688102570851	MLXIP	no	no	no
-0.425278867830059	10.2289167032531	-2.14339468634152	0.0378028098011549	0.895409611878479	-3.73756175467205	CTNND1	no	no	no
0.435042573521762	8.75285758851995	2.14238483629781	0.0378887754600403	0.895409611878479	-3.73871938042135	SYNGR2	no	no	no
0.519477559984605	10.886400132664	2.13955991364228	0.03813016793745	0.895409611878479	-3.74195558502959	ACTR10	no	no	no
0.409858044060597	8.0953546445447	2.13735677671774	0.0383193667307835	0.895409611878479	-3.74447732725634	NOC4L	no	no	no
0.496299684683289	8.97604963309374	2.13693561741269	0.0383556285426394	0.895409611878479	-3.74495917751222	RITA1	no	no	no
0.683365903234119	8.23603728898217	2.13488674752203	0.0385324673080815	0.895409611878479	-3.74730231479144	RPS6KA1	no	no	no
0.292375845062659	7.79720116274935	2.13219176783243	0.0387661640851441	0.895409611878479	-3.75038187121708	UBE2O	no	no	no
-0.607285727891845	8.03004794676388	-2.13109414580033	0.0388617017205414	0.895409611878479	-3.75163531445073	CDC23	no	no	no
0.460347034537169	9.11103082403667	2.12643567984872	0.0392694850783013	0.895409611878479	-3.75694987907931	TUSC2	no	no	no
0.64193451271026	8.85626580736992	2.12623232810862	0.0392873710323177	0.895409611878479	-3.75718167792793	RRP9	no	no	no
-0.802245774876877	8.1043729221784	-2.12521455132129	0.0393769979904463	0.895409611878479	-3.75834158988999	KCNH2	no	no	no
0.421655848305047	8.31698869675903	2.1192197388497	0.0399085651290704	0.895409611878479	-3.7651653722364	ZNF606	no	no	no
0.786650759458128	7.34878691798605	2.11892344559855	0.039935000488454	0.895409611878479	-3.76550227234493	SH3BGR	no	no	no
-0.718536071346173	8.80007976297345	-2.11801018558647	0.0400165785553185	0.895409611878479	-3.76654047773791	CERT1	no	no	no
-1.02262028804258	7.0255491141882	-2.11720607448337	0.0400885278747535	0.895409611878479	-3.7674543305558	KHDRBS3	yes	no	no
-0.659280967321706	8.03549410182961	-2.11682346760378	0.0401228021934672	0.895409611878479	-3.76788906497747	SNAP23	no	no	no
0.30121219209801	6.97198295389642	2.11330738503077	0.0404389830308045	0.895409611878479	-3.77188149933726	SAMD14	no	no	no
-1.03703478138504	9.69995572174365	-2.11231515852318	0.0405286029171632	0.895409611878479	-3.77300727219641	SALL2	yes	no	no
-0.307813830070215	8.99696865423127	-2.10852196535867	0.0408728204992085	0.895409611878479	-3.77730743185773	UGP2	no	no	no
-0.539451606564674	7.78000985405421	-2.1061515599435	0.0410892253423658	0.895409611878479	-3.77999176996352	ABHD2	no	no	no
0.454899646193209	12.52347994745	2.10364471234729	0.0413191792217757	0.895409611878479	-3.78282821065675	NDUFA1	no	no	no
-0.401575014682345	8.09710967186045	-2.10299770927172	0.0413787118877363	0.895409611878479	-3.78355987732192	ZMYM3	no	no	no
-0.376516946760394	7.67882843612907	-2.10286927615651	0.0413905383394049	0.895409611878479	-3.78370509689828	ZKSCAN5	no	no	no
0.940243664477649	10.417460227101	2.10195743255054	0.0414745884788585	0.895409611878479	-3.78473593301134	CDKN1B	no	no	no
0.667053054109208	8.94476069293214	2.09833377522926	0.0418100832678027	0.895409611878479	-3.78882921881848	MYL9	no	no	no
-0.63340135256018	6.54862663887966	-2.09783700670148	0.0418562612293537	0.895409611878479	-3.78938996425085	FOSL1	no	no	no
0.50074858695952	8.14649496571399	2.09748721004821	0.0418888039763537	0.895409611878479	-3.78978475128932	APH1B	no	no	no
-0.656617522840352	6.65493152482071	-2.09726069846331	0.0419098889262635	0.895409611878479	-3.79004037066929	CST2	no	no	no
0.868955285763509	7.03745526430724	2.09515583526016	0.0421062662956291	0.895409611878479	-3.7924147473525	PRSS50	no	no	no
-0.34507016460974	7.51776975136287	-2.09435771929397	0.0421809385803378	0.895409611878479	-3.7933145978789	BCL2L13	no	no	no
0.33548382583802	6.61206725034087	2.09254099189718	0.0423513454704205	0.895409611878479	-3.79536195928034	GALK1	no	no	no
0.295106487818941	13.3025279430283	2.09130590320864	0.0424675392770891	0.895409611878479	-3.79675309547661	RPL11	no	no	no
-0.599927513806219	9.48979055593328	-2.0889865542173	0.0426864917147215	0.895409611878479	-3.799363847254	RNF146	no	no	no
0.640456831760134	8.70608363912029	2.08857932174094	0.0427250373043809	0.895409611878479	-3.79982202393292	MRPL58	no	no	no
0.3420807157014	8.33516489571747	2.08801836056644	0.042778183590041	0.895409611878479	-3.80045305266934	ERCC2	no	no	no
-0.370716660204033	8.44644548565701	-2.08708305136295	0.0428669248215329	0.895409611878479	-3.80150490978614	TOR1A	no	no	no
1.38473736434407	8.7804442432286	2.08685575999555	0.0428885143222775	0.895409611878479	-3.80176047117923	ENPP2	yes	no	no
0.279291598502573	8.01379140002241	2.08661215142428	0.0429116642927943	0.895409611878479	-3.80203435647281	RNF122	no	no	no
0.307914331537617	7.04670782441379	2.08613384028437	0.0429571497149267	0.895409611878479	-3.80257204553209	AHDC1	no	no	no
-0.942394940784842	11.0535846638133	-2.08582864257138	0.0429861948046282	0.895409611878479	-3.80291508318095	ATP1B1	no	no	no
0.528985142080665	10.1040615324689	2.08462112478298	0.0431012805421316	0.895409611878479	-3.80427195174244	COX5A	no	no	no
-0.872906714116871	8.63429496505908	-2.08009450934686	0.0435351043836193	0.895409611878479	-3.80935327046082	INPP5A	no	no	no
0.274278875039438	7.73516872145008	2.07980380148596	0.043563095405777	0.895409611878479	-3.80967932338947	ZNF609	no	no	no
0.586133046885804	9.06808684338447	2.07902962096959	0.0436377147179235	0.895409611878479	-3.81054746652241	ATG14	no	no	no
0.467304263579626	6.72064581793268	2.07706100746929	0.0438279628994126	0.895409611878479	-3.81275393428148	LTB4R	no	no	no
-0.484151292165023	7.84544346126577	-2.07653692435565	0.0438787326961088	0.895409611878479	-3.81334107806869	NSMCE4A	no	no	no
-0.456941780876349	9.80776601016683	-2.07574788386782	0.0439552668105583	0.895409611878479	-3.8142248535149	EOLA2	no	no	no
0.451999542125223	8.32854615592436	2.07554767503718	0.0439747049009104	0.895409611878479	-3.81444906055889	KLHL36	no	no	no
0.424569914146743	11.9743660265678	2.07238052754983	0.0442832011950035	0.895409611878479	-3.81799370962599	PPP1CC	no	no	no
0.386996169457372	8.2815108467503	2.06918049981729	0.0445968187736212	0.895409611878479	-3.8215710820751	SPTAN1	no	no	no
-0.720036800281549	8.55143365344084	-2.06712092647668	0.0447996909449439	0.895409611878479	-3.82387134900491	SBNO2	no	no	no
-0.865119496679766	9.47142437008498	-2.0610204901146	0.045405331279891	0.895409611878479	-3.83067473062193	SORT1	no	no	no
-0.698377982771521	8.54766606069037	-2.05990964539018	0.0455163794921922	0.895409611878479	-3.83191196726746	KIF2A	no	no	no
-0.43668966910753	8.51150573881672	-2.05961065366144	0.0455463093432966	0.895409611878479	-3.8322448935042	METTL9	no	no	no
-0.713841695477603	8.7256395872205	-2.05955930192913	0.0455514515126593	0.895409611878479	-3.83230206985839	F2RL1	no	no	no
-1.20885391109405	9.59297588688245	-2.05912621489646	0.0455948393691659	0.895409611878479	-3.83278423801617	SPRY4	yes	no	no
0.631638124578269	8.02721578090307	2.05750460472206	0.0457576171012157	0.895409611878479	-3.83458895242113	PRKDC	no	no	no
-0.457625807849556	8.69406087990371	-2.05643359469847	0.0458654031179094	0.895409611878479	-3.83578031503193	SLC25A14	no	no	no
0.316568667453089	7.2070212956913	2.05542718539262	0.045966889449148	0.895409611878479	-3.83689939640715	MRM1	no	no	no
-0.513742542158815	8.7926056353248	-2.05308845090621	0.0462034839270368	0.895409611878479	-3.83949838589339	ERCC3	no	no	no
-0.873810854567832	7.4540073680932	-2.05185567498651	0.0463286225104057	0.895409611878479	-3.84086745741494	SCML1	no	no	no
0.56915001284787	9.41236567271639	2.05174451265744	0.0463399210588356	0.895409611878479	-3.84099087969366	WASF2	no	no	no
0.300370184828896	7.9598094291489	2.04710275164216	0.0468138586064556	0.895409611878479	-3.84614011858941	ADM2	no	no	no
0.683672896834072	8.80244389932728	2.04703664392807	0.0468206387831769	0.895409611878479	-3.8462133908733	SLC30A9	no	no	no
-0.549837574193343	8.04158048090512	-2.04662811393185	0.0468625576459269	0.895409611878479	-3.84666615699247	CEP170	no	no	no
0.377495365870105	7.38406961790026	2.04613931173018	0.0469127561118654	0.895409611878479	-3.84720779856058	TBKBP1	no	no	no
0.314443128786849	7.8307180136642	2.04503574596812	0.0470262611349954	0.895409611878479	-3.8484303038562	ITPK1	no	no	no
-1.08690111317354	8.38730493355718	-2.04434591759086	0.0470973334413587	0.895409611878479	-3.84919422978174	EZH2	yes	no	no
0.576210132994213	9.90765870872057	2.04129784069859	0.0474124944573632	0.895409611878479	-3.8525674064413	IFRD2	no	no	no
0.281054097166835	6.98077908487063	2.03895787649009	0.0476556830169512	0.895409611878479	-3.85515438901034	CACNB1	no	no	no
0.677116628748977	9.69015904171844	2.03836147366595	0.0477178394812174	0.895409611878479	-3.85581339577138	RASA1	no	no	no
1.33181856390671	10.242648131268	2.03665519920401	0.047896055326899	0.895409611878479	-3.85769797878832	PTGDS	yes	no	no
0.573256514523866	6.85339329278258	2.03558584113645	0.0480080418712837	0.895409611878479	-3.858878483638	RAPGEFL1	no	no	no
0.66690961942918	9.04791600264001	2.03236387738753	0.0483468340356824	0.895409611878479	-3.86243252032787	ZNF580	no	no	no
-0.45783026495392	7.6698898738282	-2.03212943684281	0.0483715665940029	0.895409611878479	-3.862690958726	SEC23IP	no	no	no
-0.708694370908816	8.52861225255083	-2.0302090317801	0.0485745762540698	0.895409611878479	-3.86480709818881	SLC20A1	no	no	no
0.836221426882584	8.19916215033451	2.02862473587812	0.0487426123149157	0.895409611878479	-3.86655174000696	EPHB6	no	no	no
-0.841588830205206	9.33497423472885	-2.02823350022502	0.0487841858632784	0.895409611878479	-3.86698241492504	RRM1	no	no	no
0.589238200536554	9.95381058169648	2.02637676447168	0.0489819070454594	0.895409611878479	-3.86902547133908	WBP2	no	no	no
-2.38813812308631	9.84803679953302	-2.02612741190575	0.0490085132122906	0.895409611878479	-3.86929973893066	S100A9	yes	yes	no
-0.673755096172772	9.23266415679801	-2.02524408763576	0.0491028658427886	0.895409611878479	-3.87027111976795	LMNB2	no	no	no
0.334085676953751	7.877446278887	2.02389434739815	0.0492473436715477	0.895409611878479	-3.8717547971668	RBM19	no	no	no
-0.485583067428554	8.88109066633058	-2.0213931775051	0.0495160482079186	0.895409611878479	-3.87450219494787	RAD1	no	no	no
0.336658094394785	8.94346309144197	2.02019805593693	0.0496448908393426	0.895409611878479	-3.87581406724596	RRP1B	no	no	no
-0.707685871809631	8.97516117366631	-2.0199728562314	0.0496692015388429	0.895409611878479	-3.87606120115204	SEPTIN10	no	no	no
0.368675735224833	7.76608057355391	2.01931103982726	0.0497407055977959	0.895409611878479	-3.87678735762045	HMX1	no	no	no
2.34911378215231	9.20419279504532	2.01800025663374	0.0498825892172129	0.895409611878479	-3.87822504251431	KLK5	yes	yes	no
-0.387900222241054	8.38643416021756	-2.01784929526929	0.0498989523245331	0.895409611878479	-3.87839057382	ELF2	no	no	no
0.352439111321161	8.96699378934642	2.0152235591794	0.0501843090339491	0.895409611878479	-3.88126823760082	WDTC1	no	no	no
-0.437124066222677	7.36821443784942	-2.01410941603212	0.0503058178262939	0.895409611878479	-3.88248842377144	ABHD18	no	no	no
0.391359455922816	9.18397150861406	2.01168030702502	0.0505716223737078	0.895409611878479	-3.88514696724933	RHOT2	no	no	no
0.610502851009759	8.01232974844688	2.01123376278708	0.0506206176689975	0.895409611878479	-3.88563542495586	KIF1C	no	no	no
-0.564383387384197	9.96849224956812	-2.0107878313384	0.0506695868056769	0.895409611878479	-3.88612313062716	UBE2L3	no	no	no
0.48447092695272	8.1873218498844	2.01075235963933	0.0506734838279534	0.895409611878479	-3.88616192175728	LHPP	no	no	no
-0.757147656541619	7.6740843765439	-2.01030660509996	0.0507224778564406	0.895409611878479	-3.88664934581166	IRS1	no	no	no
0.368387039564698	8.88385522940496	2.01013291113001	0.0507415801265159	0.895409611878479	-3.88683925473924	MIIP	no	no	no
0.445296054250562	9.44503378145724	2.00695692840883	0.0510919653013017	0.895409611878479	-3.89030954026305	PREB	no	no	no
-0.593218640826959	7.16338118461191	-2.00656400954904	0.0511354588896632	0.895409611878479	-3.8907385806188	CEP162	no	no	no
0.484383175926658	9.05929604233535	2.00619159936563	0.0511767119190313	0.895409611878479	-3.89114516826644	WWTR1	no	no	no
-0.380328577413316	8.76338100517178	-2.00537549133258	0.051267215611226	0.895409611878479	-3.89203597393896	PLXND1	no	no	no
-0.499527229570556	6.8612144468282	-2.00533277864259	0.0512719561251861	0.895409611878479	-3.89208258853257	CHD9	no	no	no
-0.590378210888002	7.31616559457884	-2.0051879961636	0.0512880277910747	0.895409611878479	-3.89224059163937	C1GALT1	no	no	no
-0.525012716582061	7.91250294437781	-2.00446080609445	0.0513688160088147	0.895409611878479	-3.8930340535878	AP3B1	no	no	no
-0.581349537098269	9.65576937156192	-2.00242812220002	0.0515952250968175	0.895409611878479	-3.89525082895191	ELOC	no	no	no
0.958003798055827	9.28885487747376	1.99933113533213	0.0519418426846216	0.895409611878479	-3.89862502167527	ECHDC3	no	no	no
0.320916721898493	6.9107853748748	1.9952521557055	0.0524014414575775	0.895409611878479	-3.9030630617741	RBP3	no	no	no
-1.02874852373499	7.53177275644333	-1.99388692680947	0.0525560527711972	0.895409611878479	-3.90454693171163	CAMK2N1	no	no	no
0.610842277605333	9.00231447260188	1.99173929774673	0.0528000693632328	0.895409611878479	-3.90687963316761	CLPX	no	no	no
-0.889282268356989	10.8045641170696	-1.99059648546167	0.0529303164027249	0.895409611878479	-3.90812014911307	HLA-F	no	no	no
0.846045310159649	7.43806418510335	1.98833867073914	0.0531884580997798	0.895409611878479	-3.9105694029347	SFTPD	no	no	no
0.254112418881099	7.39554077562304	1.98669708991644	0.0533768271063211	0.895409611878479	-3.9123488456053	ZDHHC18	no	no	no
-0.948943487962379	9.14992688042755	-1.98333621806342	0.0537642821538575	0.895409611878479	-3.91598847835082	TPST2	no	no	no
0.468029014562453	10.663787795051	1.98238349095631	0.0538745576594732	0.895409611878479	-3.9170193739759	TPI1	no	no	no
0.342067367720564	8.98146098810324	1.97728535633796	0.0544679794665842	0.895409611878479	-3.92252938059554	VPS11	no	no	no
0.355581368578573	8.83092106849126	1.97570970670143	0.0546525229957383	0.895409611878479	-3.92423013587438	ZNF419	no	no	no
0.472619825112215	9.13953293351243	1.97454164707208	0.0547896768945232	0.895409611878479	-3.92549027083764	DECR2	no	no	no
-0.488097323288226	9.98107626303868	-1.97429001516896	0.0548192624546627	0.895409611878479	-3.92576166379732	SNRPD1	no	no	no
0.326503107293936	7.83779288616767	1.97370270845931	0.0548883685600546	0.895409611878479	-3.92639498988849	MAN2C1	no	no	no
-0.616140637785941	8.86135887449159	-1.97343565164804	0.0549198169626962	0.895409611878479	-3.926682924784	DEF8	no	no	no
-0.571040888289451	7.71883281335365	-1.97268307512327	0.055008523469364	0.895409611878479	-3.92749417647486	SLC25A13	no	no	no
0.245228627029501	7.18822537456558	1.97205645777598	0.0550824774334237	0.895409611878479	-3.92816946814887	KSR1	no	no	no
-0.761563261314767	8.03660985496597	-1.97097801311978	0.0552099573929344	0.895409611878479	-3.92933130029014	FANCI	no	no	no
0.462061985524043	8.39555141681436	1.96823797005768	0.055534995924039	0.895409611878479	-3.93228102353844	TNS1	no	no	no
-0.622469278735798	8.33378810178144	-1.9666063171768	0.0557293343544083	0.895409611878479	-3.93403604668225	G6PD	no	no	no
0.324716151852397	8.40775887064179	1.96649893475502	0.0557421447087735	0.895409611878479	-3.93415150929582	NECAP2	no	no	no
-0.360642590250065	8.13505314321974	-1.96603532719676	0.0557974806514755	0.895409611878479	-3.93464994649108	RAB20	no	no	no
-0.501213051628228	6.96459961689938	-1.96577262032025	0.0558288582208013	0.895409611878479	-3.93493234993071	RBM41	no	no	no
0.418005467569658	12.7009451493325	1.96484094242957	0.05594026002306	0.895409611878479	-3.93593364788483	CD81	no	no	no
0.418973656819002	8.06041075972814	1.96434301587317	0.055999876224651	0.895409611878479	-3.93646863321939	FOLR2	no	no	no
0.620908372608122	7.03125557167856	1.96387220257143	0.0560562965590531	0.895409611878479	-3.93697439185974	LMOD1	no	no	no
0.386999341226638	6.71526384252504	1.96385013021536	0.0560589428217472	0.895409611878479	-3.93699810022161	SYNE3	no	no	no
0.359416989765832	7.5000866202414	1.96364876671109	0.0560830893376166	0.895409611878479	-3.9372143793909	SMU1	no	no	no
0.503776001457861	8.6097943197097	1.96328099316811	0.0561272140649447	0.895409611878479	-3.93760935130198	AKAP1	no	no	no
-1.44069878653619	10.312319223827	-1.96149345542053	0.0563421056771831	0.895409611878479	-3.93952827758927	ITM2C	no	no	no
-0.379714819231555	12.336419788939	-1.96103915883911	0.0563968325110843	0.895409611878479	-3.94001575264833	SRP9	no	no	no
0.430065467725271	8.97877914616064	1.95994566992132	0.0565287475062047	0.895409611878479	-3.94118874703992	NAT9	no	no	no
-0.86555928810212	9.50305759563209	-1.95882388905591	0.0566643517326539	0.895409611878479	-3.94239156914036	TNFRSF12A	no	no	no
0.431471791430259	8.38658704593262	1.95645570972971	0.0569515448528114	0.895409611878479	-3.94492909892133	MZF1	no	no	no
-0.389748867145406	8.70521865119475	-1.95641445721602	0.0569565587038642	0.895409611878479	-3.94497328056299	OCRL	no	no	no
-0.538084724228982	6.81785619364752	-1.95621068209154	0.0569813312111907	0.895409611878479	-3.94519151421745	PHTF2	no	no	no
-1.7320052946096	8.44379916427629	-1.95617500256668	0.0569856696493899	0.895409611878479	-3.94522972352963	HTR3A	no	no	no
0.43197694149265	8.57821530282526	1.95594688431394	0.0570134143253658	0.895409611878479	-3.94547400342027	PRPSAP1	no	no	no
0.400671564829678	7.53827635868461	1.95325809487633	0.0573413134899814	0.895409611878479	-3.94835163876467	PCYT2	no	no	no
0.505362162525921	9.45833172435398	1.95296587604258	0.0573770473363263	0.895409611878479	-3.94866419828395	DHPS	no	no	no
1.28319433475593	7.47625509110874	1.95147350141502	0.0575598407676314	0.895409611878479	-3.95025989333975	ATP6V1B1	no	no	no
-0.546497339706744	9.38096975041416	-1.95129655901661	0.0575815467489094	0.895409611878479	-3.95044902369188	DDX23	no	no	no
-0.552976611385196	9.073935428449	-1.95006137643123	0.0577332661106729	0.895409611878479	-3.95176891954741	ATP13A3	no	no	no
0.899518366379876	7.61856968281205	1.94722351522607	0.0580831485160083	0.895409611878479	-3.95479897650679	MAP3K20	no	no	no
0.491190380481346	8.62205462300149	1.94588411155168	0.0582489173758054	0.895409611878479	-3.95622791252531	LPAR2	no	no	no
0.30531457892371	7.71956896019721	1.94558823273692	0.0582855910993809	0.895409611878479	-3.95654346727437	CLK3	no	no	no
-0.698740914126786	10.5970464127967	-1.94120513516477	0.0588311994481852	0.895409611878479	-3.96121371109751	MCM3	no	no	no
0.28718687795708	6.99438296446482	1.9401764801074	0.0589598806968295	0.895409611878479	-3.96230857943831	ZFHX2	no	no	no
0.433969320751171	10.5250099565025	1.93854073755941	0.0591650046548498	0.895409611878479	-3.96404869107981	NFE2L1	no	no	no
-0.505256840678323	8.63063065601581	-1.93811040155342	0.0592190710415817	0.895409611878479	-3.96450629671165	PMM2	no	no	no
0.331271402771295	8.17348269249278	1.93662035921641	0.0594066044576736	0.895409611878479	-3.96609015470221	UBOX5	no	no	no
-0.62224845828342	8.51526964050474	-1.93649074914158	0.0594229409837904	0.895409611878479	-3.96622788080635	RPRD1A	no	no	no
0.315488003854487	6.62271551732266	1.93592160045483	0.0594947242431745	0.895409611878479	-3.96683258468201	CPLANE2	no	no	no
0.55352496689378	10.064922293167	1.93549148459915	0.0595490215363378	0.895409611878479	-3.96728947919067	KDM1A	no	no	no
-1.00421637493032	8.47731162003855	-1.93478185552934	0.0596386972630996	0.895409611878479	-3.96804311781375	ST3GAL1	no	no	no
-0.597798909038142	8.55576929846259	-1.93188682257378	0.0600057447688504	0.895409611878479	-3.97111548184257	NABP2	no	no	no
-0.527001829930539	9.96252972116669	-1.93177610388077	0.0600198206838432	0.895409611878479	-3.97123291186806	H2AZ2	no	no	no
-0.861428767885308	9.16785982431798	-1.93014945526343	0.0602269470932511	0.895409611878479	-3.97295756178577	ACP5	no	no	no
-0.650788885814366	9.38994239545786	-1.92900163597582	0.060373471518339	0.895409611878479	-3.97417385807167	SLC22A18	no	no	no
1.74226817780466	8.23820536300522	1.92867474729667	0.06041525628704	0.895409611878479	-3.9745201460023	UPK3B	no	no	no
-0.502446258174802	8.82863920859552	-1.92708680038621	0.0606185899107461	0.895409611878479	-3.97620168376041	ZNF330	no	no	no
0.476203425504264	11.2803416453588	1.9258663235163	0.0607752684365813	0.895409611878479	-3.97749336483403	ATP5F1C	no	no	no
-0.668916115523624	8.63939297355211	-1.92401082193985	0.0610141335627786	0.895409611878479	-3.97945590480757	SH2B2	no	no	no
-0.725276984366986	9.81475611999158	-1.92262444985377	0.0611931310853792	0.895409611878479	-3.98092129606916	IRAK1	no	no	no
0.345374297421081	10.2408932885953	1.92252247559942	0.0612063149615037	0.895409611878479	-3.98102905024389	RPL21	no	no	no
0.745988270018811	7.84385034665859	1.92222590514493	0.0612446713049156	0.895409611878479	-3.9813424051965	NFIB	no	no	no
-0.615736482300406	8.63158915003239	-1.92180197020085	0.0612995358592975	0.895409611878479	-3.9817902678137	BCCIP	no	no	no
-0.578361388134769	10.303071749261	-1.9217826312624	0.0613020396587897	0.895409611878479	-3.98181069645158	HAT1	no	no	no
1.06234532620626	7.49049950298017	1.92153874422903	0.061333623075862	0.895409611878479	-3.9820683122157	AKAP12	no	no	no
-0.509570635333499	9.15036898566	-1.92134029181044	0.0613593329937349	0.895409611878479	-3.98227791708717	MRM2	no	no	no
0.348810446362958	7.7997622848121	1.9209545435931	0.0614093338978522	0.895409611878479	-3.9826852952241	TBC1D16	no	no	no
-0.483643116175155	7.15100184086173	-1.92052943746278	0.0614644768448499	0.895409611878479	-3.98313416472086	ZNF764	no	no	no
-0.810932367184698	8.01512727080927	-1.91744104054327	0.0618663660311053	0.895409611878479	-3.98639288899016	TMEM176B	no	no	no
-0.45841787968883	7.2879680974615	-1.91740903545921	0.0618705425709629	0.895409611878479	-3.98642663787502	IL6ST	no	no	no
0.520098868823241	7.00466604153467	1.9171460921543	0.0619048648022443	0.895409611878479	-3.98670389112648	SEMA3G	no	no	no
-0.677545418962704	8.13843642847403	-1.91604095355757	0.0620492979642345	0.895409611878479	-3.9878688510568	CPD	no	no	no
0.399954609281932	7.94422036385274	1.91598048686942	0.0620572088199231	0.895409611878479	-3.98793257577016	COQ6	no	no	no
0.351495696785481	8.21127555155731	1.91527523062055	0.0621495413008614	0.895409611878479	-3.98867571684175	POMT2	no	no	no
-0.786584950559958	9.89723456062538	-1.91350349018686	0.0623820176231545	0.895409611878479	-3.99054169384452	ZNF185	no	no	no
0.401197260102864	6.83739431942285	1.91329653968895	0.062409220836563	0.895409611878479	-3.99075956426745	WDR25	no	no	no
0.267208446069512	6.5831687274601	1.91162631385938	0.0626291405730945	0.895409611878479	-3.99251725073464	DUSP13	no	no	no
-0.577899926052186	7.62790819937821	-1.91152292758005	0.062642775289567	0.895409611878479	-3.9926260115785	HIP1	no	no	no
0.248599203413049	7.41000831057351	1.91102697605275	0.0627082173568089	0.895409611878479	-3.99314768170091	THRA	no	no	no
-0.414995726931353	11.4808846593358	-1.91076536740173	0.0627427608546937	0.895409611878479	-3.9934228142127	NONO	no	no	no
0.230028668733107	7.27925092030562	1.91072792175528	0.0627477066091364	0.895409611878479	-3.99346219321612	POFUT2	no	no	no
-0.397471033501816	7.57966056305164	-1.91025429403678	0.0628102913250502	0.895409611878479	-3.99396022302201	ZNF696	no	no	no
-0.460818245836224	7.54028448113412	-1.90805018182579	0.0631022439085138	0.895409611878479	-3.99627663139413	FAM111A	no	no	no
0.537439244326157	9.35384581746724	1.90741814087519	0.0631861767959757	0.895409611878479	-3.99694048999269	GYPC	no	no	no
-0.488962960568254	8.29973674761793	-1.90740703915223	0.0631876519201912	0.895409611878479	-3.9969521490592	MAP3K12	no	no	no
0.559811123199226	8.76576387288984	1.90631391287205	0.0633330437284209	0.895409611878479	-3.9980998952799	TOMM40	no	no	no
-0.516303912794873	9.23095403164229	-1.90573952681112	0.0634095548615843	0.895409611878479	-3.99870277625076	HSPA4	no	no	no
0.666133240823309	10.1793512459973	1.90551616827555	0.0634393286929605	0.895409611878479	-3.99893717725574	COPS7A	no	no	no
-0.447087245860091	7.60985366634575	-1.9024169937762	0.0638536861444544	0.895409611878479	-4.00218736109527	CDK2	no	no	no
0.474429869794857	8.01500088663931	1.90014775606403	0.064158547085197	0.895409611878479	-4.00456455404759	C3orf18	no	no	no
-0.691891101395944	8.56140309624293	-1.89980771662439	0.0642043367206647	0.895409611878479	-4.00492057971221	RNF138	no	no	no
-0.560147398642655	11.2775634036007	-1.89761574561108	0.0645001778617398	0.895409611878479	-4.00721440858274	NSA2	no	no	no
-0.500334318834397	7.99485731505573	-1.89748403523808	0.0645179912940906	0.895409611878479	-4.00735217354715	ITFG1	no	no	no
0.414833865912984	8.9032992729519	1.89726832269073	0.06454717484743	0.895409611878479	-4.00757778606049	DGLUCY	no	no	no
-0.743730814120265	8.34751302402673	-1.89551169823229	0.0647852470950982	0.895409611878479	-4.00941428406378	IRF8	no	no	no
-0.39818786571938	7.1593727250218	-1.89509552618981	0.0648417599351692	0.895409611878479	-4.00984918479714	ZNF292	no	no	no
0.401124646793672	8.29185620569348	1.89509247559656	0.0648421743367686	0.895409611878479	-4.00985237239873	COA7	no	no	no
-0.404038602165568	8.62260889560238	-1.89373970841078	0.0650261612671382	0.895409611878479	-4.01126550017034	ROCK2	no	no	no
-0.650781355557498	8.38723810015065	-1.89344361481006	0.0650664917297513	0.895409611878479	-4.01157470034266	MICB	no	no	no
0.615337010511835	7.16053932264456	1.89229294947475	0.065223424965175	0.895409611878479	-4.01277594115994	ACTG2	no	no	no
0.36072975489963	8.72538741224078	1.89199271187291	0.0652644259243707	0.895409611878479	-4.01308928130381	SF3B3	no	no	no
0.461807916280176	9.44198764236464	1.89078491361487	0.0654295872885977	0.895409611878479	-4.01434939591957	PINK1	no	no	no
-0.412226910906523	8.89619940464908	-1.89014226877955	0.0655176116090763	0.895409611878479	-4.01501962078985	DGCR2	no	no	no
-0.470834899149195	10.6525081265599	-1.88965146543277	0.0655849059581767	0.895409611878479	-4.01553136767747	LSM7	no	no	no
-0.36639723930791	9.67203320339951	-1.88938672053748	0.0656212297792102	0.895409611878479	-4.01580736660165	HNRNPA2B1	no	no	no
-0.607319243363971	10.1014600490892	-1.88907993455688	0.0656633432408724	0.895409611878479	-4.01612715590046	EIF3A	no	no	no
0.378028446411777	7.37058948765937	1.88906782023009	0.0656650066852791	0.895409611878479	-4.01613978286702	ISYNA1	no	no	no
0.447544192279905	7.49052709160037	1.88598404310807	0.0660896180765565	0.895409611878479	-4.01935199455285	CSDC2	no	no	no
0.315616862027716	7.95109833532765	1.88487814673996	0.0662424606514745	0.895409611878479	-4.02050294897815	GDF5	no	no	no
-0.439510348567999	7.42457070344803	-1.88472578007841	0.0662635423950659	0.895409611878479	-4.02066148215127	NCBP3	no	no	no
0.298726615590566	7.20859606109922	1.88454712352014	0.0662882689470385	0.895409611878479	-4.02084735642941	GRM2	no	no	no
-0.318693530031838	7.70018736533368	-1.88192844145009	0.0666516055383879	0.895409611878479	-4.02357024907811	MSH6	no	no	no
-0.552936460331967	9.79787719101863	-1.88186928782947	0.0666598325486091	0.895409611878479	-4.02363172245244	RFX5	no	no	no
0.4844977110555	9.49409707699687	1.87951143390975	0.0669884655413713	0.895409611878479	-4.02608080772629	TYK2	no	no	no
0.341011223165423	7.17212848093627	1.87855298522001	0.0671224463812035	0.895409611878479	-4.02707565287185	DNAAF1	no	no	no
0.329437263214201	8.24859892290467	1.87840533062211	0.0671431071937094	0.895409611878479	-4.0272288791698	DHDDS	no	no	no
0.526329688506066	10.0103124525893	1.87777534944708	0.0672313192376711	0.895409611878479	-4.02788252632087	ATP5IF1	no	no	no
-0.900248858274353	7.82649669909623	-1.87674409822833	0.067375931544077	0.895409611878479	-4.02895214634457	CENPU	no	no	no
-0.434796161287042	10.3058250629794	-1.8761187569814	0.0674637521103252	0.895409611878479	-4.02960052946254	HNRNPF	no	no	no
0.322930205530438	7.47091297329628	1.87598523981142	0.0674825153845253	0.895409611878479	-4.02973894434888	VCY	no	no	no
-0.456532380163445	8.58564111613051	-1.87500173884774	0.0676208645673881	0.895409611878479	-4.03075828407325	MYL12A	no	no	no
-0.465611076051629	7.20108646332347	-1.873206979086	0.0678739562706181	0.895409611878479	-4.03261736278439	HPS4	no	no	no
0.484906729412348	11.8600523332165	1.87292566343271	0.0679136995991799	0.895409611878479	-4.03290863317936	NDUFA13	no	no	no
-0.458200272764859	9.12936918972479	-1.87246813257008	0.0679783803363914	0.895409611878479	-4.03338228098987	POLD4	no	no	no
1.39835502564362	9.88778345099904	1.87151376998927	0.0681134665408739	0.895409611878479	-4.03436996919064	DOK5	no	no	no
-0.442288157815696	7.89346353687022	-1.87000913754374	0.0683269053389101	0.895409611878479	-4.03592633830028	ATRX	no	no	no
0.375228744048819	7.77521880312739	1.86751169223766	0.0686824355033928	0.895409611878479	-4.03850748482147	MID2	no	no	no
0.503848804232932	8.10906917594363	1.86633682548839	0.0688502302376933	0.895409611878479	-4.03972078818088	ADGRA2	no	no	no
0.247674217034675	7.80054725230662	1.86538472808903	0.0689864646664801	0.895409611878479	-4.04070359325598	STARD8	no	no	no
-0.505373964131512	7.47919608640264	-1.86528358854588	0.0690009500591016	0.895409611878479	-4.04080797162091	GPT	no	no	no
0.390544108268934	9.2480294496904	1.86499012595417	0.069042994957375	0.895409611878479	-4.04111080663045	CANT1	no	no	no
-0.434149956956548	6.84420835732875	-1.86270962497546	0.0693704694129754	0.895409611878479	-4.04346286181388	AKAP9	no	no	no
-0.626842943817532	9.54012902063413	-1.86062474988715	0.0696710069666238	0.895409611878479	-4.04561116885061	ACBD3	no	no	no
0.387149542667323	6.82077303112003	1.85982987356036	0.0697858804814124	0.895409611878479	-4.04642972977369	PRRG3	no	no	no
-0.433556121594571	8.94372181515611	-1.85842214746875	0.069989716435301	0.895409611878479	-4.0478787244847	HMGXB4	no	no	no
-0.56445517224408	8.12003396431529	-1.85666473411582	0.0702448961427607	0.895409611878479	-4.04968644304499	SOX13	no	no	no
0.392758296544564	7.19046537000667	1.85639362520991	0.0702843319376147	0.895409611878479	-4.04996519217222	MVD	no	no	no
0.40686622185538	10.4800339562407	1.85523733827398	0.0704527378813602	0.895409611878479	-4.05115370411176	SLC25A3	no	no	no
0.323428814984505	8.12695218019408	1.85199589326589	0.0709266617826859	0.895409611878479	-4.05448236857297	ZNF446	no	no	no
0.419376352928548	7.82917096987892	1.85198588270553	0.0709281295840393	0.895409611878479	-4.05449264137076	PRB3	no	no	no
0.276413573361557	6.84790010778067	1.85126186433358	0.0710343573795618	0.895409611878479	-4.05523550983069	LRP1	no	no	no
0.30755021189591	8.7183494929591	1.85114342073454	0.0710517482402937	0.895409611878479	-4.05535701530405	KCTD2	no	no	no
0.328623010886954	8.74132567188488	1.85090460762717	0.0710868237277047	0.895409611878479	-4.05560198326275	PGLS	no	no	no
-0.464038078722707	9.45777375604925	-1.85018946906476	0.0711919470447988	0.895409611878479	-4.05633540343701	PSME3IP1	no	no	no
-0.343843345679461	7.13467483792674	-1.84925676128454	0.0713292506120981	0.895409611878479	-4.05729161800279	CHAF1A	no	no	no
0.365944803842693	8.93092139908286	1.84887879238478	0.0713849552137034	0.895409611878479	-4.05767900419578	UNC119	no	no	no
-0.585352465737364	8.66580504955109	-1.84871658148454	0.0714088729774933	0.895409611878479	-4.05784523746113	CEP57	no	no	no
-0.705150955434567	8.63372346754231	-1.84816045166249	0.0714909251379452	0.895409611878479	-4.05841507013854	TTC13	no	no	no
0.410005052107618	7.42492731107654	1.8476753433658	0.0715625639846047	0.895409611878479	-4.05891202060474	MTHFD1	no	no	no
-0.307812052342216	6.64832165073007	-1.8460881363073	0.0717973820547322	0.895409611878479	-4.0605372522493	NAA15	no	no	no
0.52488360265728	9.18667300023848	1.84572284693099	0.0718515169027007	0.895409611878479	-4.06091113636704	SSBP3	no	no	no
1.00483495750406	10.3331186291892	1.84509437468775	0.071944735710392	0.895409611878479	-4.06155425861448	ALDH2	no	no	no
-0.415901120972805	7.50585327623335	-1.84469718314439	0.0720037024353073	0.895409611878479	-4.06196061947655	SH3TC1	no	no	no
-0.428275251723051	8.72018243854954	-1.84323236997191	0.0722215217298092	0.895409611878479	-4.06345864958187	ZNF638	no	no	no
-0.48678142739919	6.92156750419442	-1.84286465351241	0.0722762891929914	0.895409611878479	-4.06383455659729	VPS13A	no	no	no
0.259052286523049	7.30992332100477	1.84264856840815	0.0723084891949527	0.895409611878479	-4.06405542709203	MUC3A	no	no	no
0.286304113515563	7.34680792083023	1.84201518878028	0.0724029425609147	0.895409611878479	-4.06470271524507	EGLN2	no	no	no
0.465710840323933	7.84439115804778	1.84105106311412	0.0725469194869827	0.895409611878479	-4.06568767388828	ERG28	no	no	no
-0.419383174392987	8.08019372612495	-1.84020716259103	0.0726731417481206	0.895409611878479	-4.06654947413159	ABCD1	no	no	no
-0.301010794500826	7.32512451653062	-1.83972749652926	0.0727449683429995	0.895409611878479	-4.06703917464293	USP15	no	no	no
-1.42297469206384	9.19286403243768	-1.83926194584877	0.0728147387693043	0.895409611878479	-4.06751436769933	ID1	no	no	no
-0.466891848663218	9.48817660311951	-1.83909945835583	0.0728391035355625	0.895409611878479	-4.06768019814704	DNAJA2	no	no	no
0.316536484144716	7.32391763698281	1.83627643153568	0.0732635159807054	0.895409611878479	-4.07055945004565	CATSPERZ	no	no	no
0.605941775100437	11.4299346401854	1.83544987155581	0.0733881762466048	0.895409611878479	-4.07140180810454	PABPC4	no	no	no
0.522945548624454	8.80940458205041	1.83490048007895	0.073471133789443	0.895409611878479	-4.07196153359957	REX1BD	no	no	no
-0.943296103903753	9.35978782091959	-1.83434417236815	0.0735552165634157	0.895409611878479	-4.072528169886	FAT1	no	no	no
0.293396786888487	6.59370211238888	1.83318556823809	0.0737305945752682	0.895409611878479	-4.07370784707718	DUSP26	no	no	no
0.433968359730898	11.542610395713	1.83254086814319	0.0738283360684202	0.895409611878479	-4.07436401686194	NME1	no	no	no
-0.449349599726811	8.24344868882855	-1.83241355744634	0.0738476503098451	0.895409611878479	-4.07449357083533	GPSM3	no	no	no
-0.372225981348249	10.0472134804735	-1.83183198859955	0.0739359342203632	0.895409611878479	-4.07508529627792	NSUN5	no	no	no
-0.634872607607462	8.25688823359262	-1.83131869382838	0.0740139281081734	0.895409611878479	-4.07560743132334	DNAJC10	no	no	no
-0.260088734970593	10.7269195919574	-1.83128650402434	0.0740188215894338	0.895409611878479	-4.07564017164568	B2M	no	no	no
-1.17312782316861	11.1309492298844	-1.83100524580573	0.0740615900001231	0.895409611878479	-4.07592622056178	GJA1	no	no	no
-0.408985690353199	8.06798251417302	-1.83042399512083	0.0741500418317523	0.895409611878479	-4.07651726111038	BCLAF1	no	no	no
0.475925937468132	10.8919389216211	1.82871966460329	0.0744099137682223	0.895409611878479	-4.07824943734713	STUB1	no	no	no
0.246657111450239	7.67465340287405	1.82868674150615	0.0744149413726836	0.895409611878479	-4.0782828857193	ERN2	no	no	no
0.831539457694859	7.88585149944578	1.82836230039434	0.0744645013391607	0.895409611878479	-4.07861247755253	CPT1B	no	no	no
-0.795891962285655	9.24950383973289	-1.82827910103339	0.074477214945073	0.895409611878479	-4.07869699026809	LYN	no	no	no
-0.935529933682884	8.57125830984377	-1.82700958104847	0.0746714367933661	0.895409611878479	-4.07998617102615	OSBPL3	no	no	no
-0.550914885828488	8.41031893857159	-1.82682448234663	0.0746997904966327	0.895409611878479	-4.08017407681392	DDB2	no	no	no
0.442152892603088	13.0604949627607	1.82624155807735	0.0747891432206158	0.895409611878479	-4.08076574237712	COX6C	no	no	no
-0.735750491769874	9.01936622620286	-1.82448412364256	0.0750590761936733	0.895409611878479	-4.08254862119321	MAPK13	no	no	no
-0.439947867887154	10.3232501990172	-1.82429292868144	0.0750884923773568	0.895409611878479	-4.08274250190106	ARMC1	no	no	no
-0.645253148663969	8.79008701474214	-1.82398499380748	0.0751358899952855	0.895409611878479	-4.08305472838305	TOR1B	no	no	no
-0.434020470409747	11.941890949795	-1.8239463974885	0.0751418325591829	0.895409611878479	-4.08309385964972	CLIC1	no	no	no
0.537493716711061	10.0701525060499	1.82123505026596	0.075560286183542	0.895409611878479	-4.08584113607578	OPTN	no	no	no
-0.327303040865794	8.4340150859296	-1.82100490018733	0.0755958966981025	0.895409611878479	-4.08607418607576	ABI2	no	no	no
-0.409879038689224	7.46131511550005	-1.82066632406421	0.0756483094607968	0.895409611878479	-4.08641698565031	MTFR1	no	no	no
0.38485399076857	7.48013336773936	1.8204115950647	0.0756877626316707	0.895409611878479	-4.08667485869919	GPRIN2	no	no	no
-0.453024635185038	7.48086051084253	-1.82041078667294	0.0756878878654116	0.895409611878479	-4.08667567702294	SLF2	no	no	no
0.388868794740931	7.82971209245096	1.82036575788912	0.0756948638722932	0.895409611878479	-4.08672125857805	ITGB7	no	no	no
0.315925728302758	8.65130729455614	1.820090416875	0.0757375324217715	0.895409611878479	-4.08699996012175	USP19	no	no	no
-1.81728804963986	8.69890665585704	-1.81952858053756	0.0758246610924246	0.895409611878479	-4.08756854943195	NPTX2	no	no	no
0.306036489235478	7.39422507736085	1.81869513990481	0.075954065660689	0.895409611878479	-4.08841174984427	TMEM104	no	no	no
-1.0137713573118	7.16107088131909	-1.81866045707952	0.0759594547465982	0.895409611878479	-4.08844683213903	GUCY1A1	no	no	no
0.352798428219411	8.13086685328856	1.81803375837428	0.0760568880804787	0.895409611878479	-4.08908065713062	GDPD2	no	no	no
0.485464562821658	6.84614472182811	1.81737254257367	0.0761598022157899	0.895409611878479	-4.08974920287694	FOXO4	no	no	no
-1.02606098245041	9.37278100781478	-1.81702650111523	0.0762137082773046	0.895409611878479	-4.09009900309054	CHN1	no	no	no
0.319142486734972	7.09651618071769	1.81667947066086	0.0762678007551115	0.895409611878479	-4.09044974968821	SNAI1	no	no	no
-0.926271137566973	7.71152750567293	-1.81605924823773	0.0763645570639051	0.895409611878479	-4.09107648060361	HRH1	no	no	no
-0.54077299724822	11.2719721252502	-1.81270224561141	0.0768900583097477	0.895409611878479	-4.09446574706463	CCT2	no	no	no
-0.661985136698666	10.5564726190151	-1.81228891901345	0.0769549704624574	0.895409611878479	-4.09488269997438	HLA-DRB1	no	no	no
-0.474398565522408	7.51251637017135	-1.81110849326778	0.0771406087071708	0.895409611878479	-4.096073064045	ATP7A	no	no	no
-0.441803739139548	9.26028317886132	-1.81005032246218	0.0773073416499225	0.895409611878479	-4.09713961724234	DPH5	no	no	no
0.278645957856763	7.35966653364926	1.80954976979516	0.0773863181406978	0.895409611878479	-4.09764396156237	FARP2	no	no	no
-0.753924677334351	8.52217330609695	-1.80939203533733	0.0774112193557077	0.895409611878479	-4.09780286775089	ZBED1	no	no	no
0.576830880705672	9.34882226345994	1.80926040865777	0.0774320041615125	0.895409611878479	-4.09793546374629	SNUPN	no	no	no
-0.46385040345987	7.91652332723471	-1.8086306128182	0.0775315186294305	0.895409611878479	-4.09856979079047	SMC6	no	no	no
0.330931834329417	6.56136661406229	1.80752828101043	0.0777059584119475	0.895409611878479	-4.09967962864991	NGF	no	no	no
-0.535635073846227	8.56836730639264	-1.80647935457041	0.0778722541331452	0.895409611878479	-4.10073519514962	TIA1	no	no	no
-1.14754448166649	7.66315077147609	-1.805289824729	0.0780612038964129	0.895409611878479	-4.10193166210334	FBLN2	no	no	no
0.429992626949999	7.15137459296076	1.80438231845479	0.0782056156118392	0.895409611878479	-4.10284403678161	HSF2BP	no	no	no
-0.343808484527208	8.29387809150509	-1.80333123039678	0.0783731568578677	0.895409611878479	-4.10390030465951	BLVRA	no	no	no
-0.442460409934503	7.51897638854385	-1.80316498252159	0.0783996841029441	0.895409611878479	-4.10406732669427	JADE2	no	no	no
0.424014653388494	7.67176851734825	1.80292699399549	0.0784376717691198	0.895409611878479	-4.10430640199984	ACO1	no	no	no
0.389728388939614	8.89257546028807	1.8028865916479	0.0784441223208461	0.895409611878479	-4.1043469863374	EHD2	no	no	no
0.39594848334431	7.71062354914541	1.80229288590442	0.0785389636508026	0.895409611878479	-4.10494328243212	DDX54	no	no	no
0.406720540206272	9.33906246403616	1.80207432936923	0.0785739012102588	0.895409611878479	-4.10516275293852	TGOLN2	no	no	no
0.409083221739969	11.5115985024027	1.80140874507719	0.0786803794671457	0.895409611878479	-4.10583098932771	SRSF9	no	no	no
-0.517358167162714	9.90131524810506	-1.80115882712146	0.0787203919960292	0.895409611878479	-4.10608185206145	BET1	no	no	no
0.43736614884972	7.68151388257418	1.80092499383483	0.078757844845331	0.895409611878479	-4.10631654407864	HEMK1	no	no	no
0.367471684425463	8.87519627684748	1.80013906902275	0.0788838356653855	0.895409611878479	-4.10710517625526	NISCH	no	no	no
-0.620467960224179	8.71302814610534	-1.80012772650794	0.0788856552143838	0.895409611878479	-4.10711655582443	POLA1	no	no	no
0.537378287462238	9.09492425462905	1.79989203870064	0.0789234718929681	0.895409611878479	-4.10735300059233	CSTB	no	no	no
-1.28061840821145	8.26207251172281	-1.79919357545005	0.079035631681579	0.895409611878479	-4.10805356142991	PCSK1N	no	no	no
0.305408135789194	6.8598758430857	1.79862131105099	0.0791276263598679	0.895409611878479	-4.10862738203588	SPTBN4	no	no	no
0.462906922393668	9.00691131177754	1.79786070785698	0.0792500370752637	0.895409611878479	-4.10938982716154	DPP8	no	no	no
0.299242412925122	7.03618821989314	1.79760863780518	0.0792906401324998	0.895409611878479	-4.10964245061679	HSPA1L	no	no	no
-0.317578511165813	7.97102055955308	-1.79495211517174	0.079719614479033	0.895409611878479	-4.11230307849359	ZNF142	no	no	no
-0.439345170203777	8.14076187967367	-1.79263633821023	0.0800951569777919	0.895409611878479	-4.11461985885054	ZNF24	no	no	no
0.317956005072103	8.19517509517916	1.79253508059006	0.0801116115181359	0.895409611878479	-4.11472110557317	GMPPB	no	no	no
-0.474631331979067	7.34509397815211	-1.79104348696376	0.0803543277109514	0.895409611878479	-4.11621200671544	IQCK	no	no	no
-0.381958449160264	10.6209739725067	-1.79069324333205	0.0804114098805561	0.895409611878479	-4.11656194327474	CCT6A	no	no	no
-0.613532792885873	8.6537735496316	-1.78984579321069	0.0805496670821388	0.895409611878479	-4.11740842302086	PSMA5	no	no	no
0.423340985894503	8.2975261907936	1.78978447834387	0.0805596780416576	0.895409611878479	-4.11746965519413	FAAH	no	no	no
-0.481301419223123	9.38641569515064	-1.78819524837098	0.0808195188891518	0.895409611878479	-4.11905615390935	GLA	no	no	no
0.40132221105919	8.44956516341723	1.78737731445088	0.0809535263534765	0.895409611878479	-4.11987224070452	FAM3A	no	no	no
0.25501547306985	6.99411188532219	1.78708575940258	0.0810013388506918	0.895409611878479	-4.12016306479318	SMOX	no	no	no
0.451637513962603	7.35669740740524	1.78477791654321	0.0813806430998515	0.895409611878479	-4.12246377568308	TCAP	no	no	no
-0.593640438859981	7.3503089658793	-1.78323286900606	0.0816354115544238	0.895409611878479	-4.12400271223694	ADAM8	no	no	no
-0.449090329499801	7.63813310212175	-1.7828100885813	0.0817052419631739	0.895409611878479	-4.1244236336234	RDX	no	no	no
0.830943292918054	6.73072412296114	1.78217001132145	0.0818110586345681	0.895409611878479	-4.12506074351007	MZB1	no	no	no
-0.364165720989559	8.3990048424441	-1.78166968330818	0.0818938522741572	0.895409611878479	-4.12555862380809	FBXO28	no	no	no
-0.679967562071695	8.85549157008982	-1.78136475726683	0.0819443455432045	0.895409611878479	-4.12586200289823	BTN3A1	no	no	no
-0.443641664738878	7.30699417237854	-1.78124843874297	0.081963613830093	0.895409611878479	-4.12597772030118	ST20	no	no	no
-0.347950110916706	6.9596918373077	-1.78030509020275	0.0821200210913491	0.895409611878479	-4.12691596899324	HBP1	no	no	no
0.280501866600633	11.4849716178336	1.77867799322894	0.0823903826839716	0.895409611878479	-4.1285333291444	RPS19	no	no	no
0.676026978006515	8.56084189667953	1.77859994171248	0.0824033706317127	0.895409611878479	-4.12861088364786	SQLE	no	no	no
0.61904212780609	8.01311118065476	1.77753648212391	0.0825805039696214	0.895409611878479	-4.12966729820506	PDK1	no	no	no
0.471032159864436	11.4644020858191	1.77595457420169	0.0828445828310532	0.895409611878479	-4.13123778454637	PTDSS1	no	no	no
0.403298295784222	7.26841888578738	1.77544558386677	0.0829297026251709	0.895409611878479	-4.13174286024166	RASL11B	no	no	no
0.371487961953658	8.25553261364135	1.77438344183565	0.0831075637326764	0.895409611878479	-4.13279645740702	GGA3	no	no	no
-1.09042059381296	10.6281866277864	-1.77370307752077	0.0832216622370794	0.895409611878479	-4.1334710810808	CFI	no	no	no
0.249792743441917	7.86688146468994	1.77369177953539	0.0832235580409275	0.895409611878479	-4.13348228197702	KANK2	no	no	no
0.412701349421225	6.71618518337667	1.77342172797158	0.0832688835189428	0.895409611878479	-4.13374999572757	B3GNTL1	no	no	no
0.362358102944776	8.57220009959596	1.77313290205333	0.0833173829940958	0.895409611878479	-4.13403628491559	ZNF444	no	no	no
0.573066191369546	9.36936170094116	1.7730913153692	0.0833243681556853	0.895409611878479	-4.13407750325002	USP16	no	no	no
-0.546647722675799	7.79477870773509	-1.77209842740176	0.0834912857539234	0.895409611878479	-4.13506136521627	NPR2	no	no	no
-0.909570270879367	7.99284082574956	-1.77118457264442	0.0836451644954064	0.895409611878479	-4.13596651943764	PTGES	no	no	no
0.254866264871622	7.26828046422082	1.77088608310391	0.0836954769114579	0.895409611878479	-4.13626208551104	GBX1	no	no	no
0.374025639265141	8.46978886127877	1.76957733625868	0.0839163745248547	0.895409611878479	-4.13755753953904	BRF2	no	no	no
0.301353831479673	8.54900375518572	1.76866456691257	0.0840707258932162	0.895409611878479	-4.13846058023952	SMYD5	no	no	no
0.541214675876206	10.5531076295128	1.76823136175115	0.0841440650758393	0.895409611878479	-4.13888903646848	FBXO34	no	no	no
0.64539464070304	9.32166751563841	1.76773100857897	0.0842288387427605	0.895409611878479	-4.13938379910916	C2CD2	no	no	no
-0.727851710276368	8.0308770083019	-1.76739202280836	0.0842863129609195	0.895409611878479	-4.13971893306134	LGALS8	no	no	no
0.318829253204808	8.47148899437151	1.76626753408195	0.0844772026210235	0.895409611878479	-4.14083027264287	MINK1	no	no	no
0.375688300321043	9.58171127492682	1.7655779032984	0.0845944512134741	0.895409611878479	-4.14151155651662	ARHGEF17	no	no	no
0.561272471742064	8.83105071770333	1.76499748419159	0.0846932376204159	0.895409611878479	-4.14208478389938	TPM1	no	no	no
-0.468978760370416	7.34811320506198	-1.76423917885448	0.084822445519769	0.895409611878479	-4.14283346384395	RNASEL	no	no	no
-0.530346026736321	10.3259691400925	-1.76406054372641	0.0848529072285285	0.895409611878479	-4.14300979364974	PHGDH	no	no	no
0.288276377039159	7.07991169937202	1.76349230049829	0.0849498676761112	0.895409611878479	-4.14357060757894	CACNA1F	no	no	no
0.859011621683532	7.86301473337099	1.76336784885626	0.0849711154802179	0.895409611878479	-4.14369341261817	EPN3	no	no	no
0.312844900773596	7.18651524380471	1.76205390262306	0.0851957189655868	0.895409611878479	-4.14498954652571	NEIL1	no	no	no
0.32879713133938	6.79854181009907	1.76103411379708	0.0853703820738935	0.895409611878479	-4.14599497202038	THAP3	no	no	no
1.21428279469395	8.79114956684209	1.76039121486065	0.0854806477593982	0.895409611878479	-4.14662857392593	NSG1	no	no	no
-0.412118229965218	7.72517803545504	-1.76028419126946	0.0854990152897587	0.895409611878479	-4.14673403165982	UROS	no	no	no
-0.953345489475189	9.52963258216149	-1.75892792982024	0.0857320649212976	0.895409611878479	-4.14807000011286	ENC1	no	no	no
-0.30978202846883	8.08015786105125	-1.75877713197992	0.0857580096727569	0.895409611878479	-4.14821849015334	DIAPH1	no	no	no
-0.619635594460034	10.1815679615621	-1.75858732672929	0.0857906749814843	0.895409611878479	-4.14840537598597	ITGAE	no	no	no
-0.898323079555361	8.8606327870457	-1.75752646352013	0.0859734402874967	0.895409611878479	-4.14944962118206	ID3	no	no	no
-0.451237507203716	7.44476840882749	-1.75709559161893	0.0860477637550887	0.895409611878479	-4.14987359791931	PRMT7	no	no	no
0.273779684390428	7.00173554988669	1.75688087542295	0.0860848213920739	0.895409611878479	-4.15008484661783	TNFRSF13B	no	no	no
-0.919975453868086	7.48046793766595	-1.75505830142457	0.0863999152748502	0.895409611878479	-4.15187714523277	FOXC1	no	no	no
0.498584492870824	9.75890193604827	1.75478703083108	0.0864468959627605	0.895409611878479	-4.15214378078478	TRIAP1	no	no	no
0.647740091466485	7.89665638493757	1.75410708089809	0.0865647486883785	0.895409611878479	-4.1528119660124	LYPD3	no	no	no
0.28292370561661	6.66816794829489	1.75370638156859	0.0866342630137682	0.895409611878479	-4.15320563402024	TREML2	no	no	no
-0.359782885530695	9.02691044917973	-1.75342529157038	0.086683055054912	0.895409611878479	-4.15348174804499	RBM12	no	no	no
0.325587852128445	11.5855327083725	1.7520979562088	0.0869137664152822	0.895409611878479	-4.15478510152157	ISCU	no	no	no
0.819711428473348	7.27047405080866	1.75185931874216	0.0869552996628895	0.895409611878479	-4.15501934247503	ALDH1A2	no	no	no
-0.543582234889816	8.04087897688087	-1.75082926587126	0.0871347637853294	0.895409611878479	-4.15603012133766	IKZF5	no	no	no
0.457779359344647	10.0721552758145	1.74716020094426	0.0877765340018648	0.895409611878479	-4.15962661205978	RAD23A	no	no	no
0.229955590629336	7.73604284978028	1.74690587019819	0.0878211658706516	0.895409611878479	-4.15987568514043	TBC1D2B	no	no	no
0.68229840268402	8.03127198249611	1.74543664352465	0.0880793678481495	0.895409611878479	-4.16131396271289	FZD4	no	no	no
0.242845069818698	6.58608416663474	1.74514316667804	0.0881310193456068	0.895409611878479	-4.16160113971508	SLC19A1	no	no	no
0.76186506114974	9.24952876092513	1.74448513421895	0.0882469240029985	0.895409611878479	-4.16224490408886	AACS	no	no	no
-0.559752053533995	10.5834923512909	-1.74400349042798	0.0883318404925639	0.895409611878479	-4.16271597938133	SCRN1	no	no	no
-0.523413233984485	8.44680416693766	-1.74356549337301	0.0884091210117827	0.895409611878479	-4.1631442738865	NAB2	no	no	no
-0.279620941618744	8.46729221233401	-1.74260785395671	0.088578284157106	0.895409611878479	-4.16408039501396	TGFBRAP1	no	no	no
0.583942780191707	6.95481945121071	1.74250389017258	0.0885966651811471	0.895409611878479	-4.1641819975616	ERBB4	no	no	no
-0.384865297615643	7.5203699954513	-1.74196679723737	0.0886916750801174	0.895409611878479	-4.16470681349297	REV1	no	no	no
-0.418565237391729	9.58927523230225	-1.74134560655944	0.0888016675738452	0.895409611878479	-4.1653136407865	DHX32	no	no	no
0.231773130898379	7.54153473211119	1.74110694921752	0.0888439562069742	0.895409611878479	-4.16554673301473	CROCC	no	no	no
-0.366876240031899	8.17983381102233	-1.74020704786477	0.0890035643858595	0.895409611878479	-4.16642541638383	UGGT1	no	no	no
-0.449066152385164	8.98625906191442	-1.73975871413674	0.0890831708980139	0.895409611878479	-4.16686304134678	SS18	no	no	no
-0.499391244092961	9.19968842798007	-1.73941981787066	0.0891433850020437	0.895409611878479	-4.16719378196223	HSPH1	no	no	no
-0.436641353804941	10.8475964401984	-1.73872138678938	0.0892675872631193	0.895409611878479	-4.1678752397228	BTBD1	no	no	no
0.427173621787787	8.09056408253174	1.73817087267455	0.0893655870543416	0.895409611878479	-4.16841221826018	MRTO4	no	no	no
0.431617476694105	9.19331581603927	1.73795348344791	0.0894043103019533	0.895409611878479	-4.16862422439208	CYP27A1	no	no	no
0.255772896339478	13.1349905697862	1.73665335883115	0.0896361918456939	0.895409611878479	-4.16989170416616	UBA52	no	no	no
-0.398937813675497	7.32493822886895	-1.73661422945773	0.0896431784629415	0.895409611878479	-4.16992983907056	CCNT2	no	no	no
1.18112881806983	11.9789032642819	1.73658402990744	0.0896485709551778	0.895409611878479	-4.16995927062409	FOLR1	no	no	no
0.377123198461616	8.38305287482879	1.73619164699857	0.0897186602162333	0.895409611878479	-4.17034163706678	WIZ	no	no	no
1.10893721786217	9.18490585175338	1.73585815209668	0.0897782665263207	0.895409611878479	-4.17066656344525	TRPS1	no	no	no
0.367933336055965	9.35682596539355	1.7351964099217	0.0898966389441161	0.895409611878479	-4.17131115290761	RNF7	no	no	no
0.553895655252535	8.67538647861759	1.73481272324851	0.0899653323506751	0.895409611878479	-4.17168480254237	APPL1	no	no	no
0.361729300950158	10.8233026391524	1.73397197931479	0.0901160080137677	0.895409611878479	-4.17250331773839	SETD1B	no	no	no
-0.853797208266393	8.0440279172808	-1.7339670192287	0.0901168975693342	0.895409611878479	-4.17250814572388	GPRC5A	no	no	no
-0.52504241099449	9.59709434344572	-1.73347138435567	0.0902058229959409	0.895409611878479	-4.17299052375653	DUSP12	no	no	no
0.389128234932171	7.8169128476174	1.73343644642048	0.0902120942200497	0.895409611878479	-4.17302452296102	MTERF4	no	no	no
-0.468768563291692	8.43173439246958	-1.73320400635649	0.0902538255585088	0.895409611878479	-4.17325070349022	MTMR1	no	no	no
-0.566543902320363	8.46020173152864	-1.73300480194996	0.09028960269853	0.895409611878479	-4.1734445237212	ARFIP1	no	no	no
0.332119758708463	7.57071513668045	1.7325422972135	0.0903727141739277	0.895409611878479	-4.17389445769251	GRIK5	no	no	no
-0.713523311529483	8.49388145073722	-1.73249244943413	0.0903816755553654	0.895409611878479	-4.17394294477908	DHX9	no	no	no
0.402755405633575	6.73204993635268	1.73137204792708	0.0905832910234252	0.895409611878479	-4.17503246273822	EPB41L1	no	no	no
-0.5788962649209	9.76295595860781	-1.73130791982084	0.0905948421547229	0.895409611878479	-4.17509480578877	TOPBP1	no	no	no
-0.5837467729848	10.0455153156368	-1.73069393424654	0.0907054989514677	0.895409611878479	-4.17569160530101	UFD1	no	no	no
-0.36924171506575	8.54323184148217	-1.73038834118533	0.0907606170166878	0.895409611878479	-4.17598858018312	GLRX3	no	no	no
-0.401305425941877	9.41980617806161	-1.72980945796105	0.0908651033084214	0.895409611878479	-4.17655102081397	ATG13	no	no	no
-0.529257163780223	11.3023634558418	-1.72966797725206	0.0908906552793714	0.895409611878479	-4.1766884595693	CDK4	no	no	no
-0.549433465803628	8.36239070172757	-1.72773939066772	0.0912395625250189	0.895409611878479	-4.1785610340425	TRIM45	no	no	no
0.346527226050958	9.59470734871595	1.727735632099	0.0912402435874718	0.895409611878479	-4.1785646817868	MUL1	no	no	no
0.519559041418282	8.37932528289484	1.72627651393434	0.0915049594334228	0.895409611878479	-4.17998028745644	DMTN	no	no	no
-0.665450872460844	10.3660360082902	-1.72505862359642	0.0917264003092194	0.895409611878479	-4.18116111148439	CFAP20	no	no	no
-0.383480046289203	8.08274596905157	-1.72452284231395	0.0918239589483455	0.895409611878479	-4.18168037084316	STX1A	no	no	no
-0.991552173796846	8.91974236198331	-1.72376114167934	0.0919628030541567	0.895409611878479	-4.18241835612432	LAMB1	no	no	no
0.280387916585686	8.52775528855599	1.72365698756041	0.0919818020101093	0.895409611878479	-4.18251924673801	KDM4A	no	no	no
-0.608250638681543	8.67272379989491	-1.72340962517598	0.0920269369482213	0.895409611878479	-4.18275883845692	SPECC1L	no	no	no
-0.436392105458217	8.52314841735765	-1.72101563643511	0.0924647081602779	0.895409611878479	-4.18507617057002	CASP3	no	no	no
-0.283302358978683	7.05616165910528	-1.72001904754409	0.0926474567410399	0.895409611878479	-4.18604007218148	HPF1	no	no	no
-0.339235170338836	8.92464208614156	-1.71995682337815	0.0926588769911896	0.895409611878479	-4.18610024030963	SRSF3	no	no	no
0.671670204584721	9.26670577039027	1.71986827663957	0.0926751303455797	0.895409611878479	-4.18618585818085	STXBP1	no	no	no
-0.472478400609368	9.60267204051068	-1.71934577752231	0.0927710868546971	0.895409611878479	-4.1866910011833	ABCE1	no	no	no
0.239725585778839	7.03851583609716	1.71824726968289	0.0929730961620814	0.895409611878479	-4.18775261004009	FTCD	no	no	no
0.487781797305254	8.34772436942019	1.7176836638292	0.0930768818422731	0.895409611878479	-4.18829706894299	CASKIN2	no	no	no
-0.479978437397376	10.0717036580258	-1.71758330592964	0.0930953724254882	0.895409611878479	-4.18839400213721	TMEM30A	no	no	no
-0.460654463564788	8.51541125989278	-1.71750614406253	0.0931095912981024	0.895409611878479	-4.18846852771152	KREMEN2	no	no	no
-0.320820865360301	7.9401191132104	-1.71658976532344	0.0932785934337667	0.895409611878479	-4.18935338827276	CNIH4	no	no	no
0.341832309967989	8.59054332943808	1.71524742942278	0.0935266121891673	0.895409611878479	-4.19064885794165	DNAJC8	no	no	no
0.498058738428282	11.6406687330813	1.71486935866268	0.0935965657823679	0.895409611878479	-4.19101357906957	TMEM147	no	no	no
0.441342708229283	9.67185978715954	1.71459780917329	0.093646836788426	0.895409611878479	-4.19127549957214	MRPL28	no	no	no
-0.968618327710564	10.3260783123668	-1.71448473062865	0.0936677772347126	0.895409611878479	-4.19138455840453	PSAT1	no	no	no
0.223261025766917	8.00664398152185	1.71435966675031	0.093690941712713	0.895409611878479	-4.19150516965941	ELOA	no	no	no
-0.590590979095368	8.51218112571184	-1.71327096240509	0.0938927938140522	0.895409611878479	-4.192554808806	PRPF38B	no	no	no
0.233793445780437	7.23231112665874	1.71200660015846	0.0941276668890418	0.895409611878479	-4.19377311757583	SEMA7A	no	no	no
0.498796435595737	8.6665186413232	1.71156435354285	0.0942099354544673	0.895409611878479	-4.19419908178056	MAP1S	no	no	no
-0.427057937129435	7.28081862536267	-1.71126301788272	0.0942660253518973	0.895409611878479	-4.19448927137841	GTSE1	no	no	no
0.464060677805965	10.6511730859903	1.710811955909	0.0943500367355319	0.895409611878479	-4.19492357085953	EIF3K	no	no	no
-0.604586800860522	11.4138318307525	-1.71064548141204	0.0943810587065996	0.895409611878479	-4.19508383508585	TAGLN2	no	no	no
0.388405181218217	7.05196353844863	1.71061159251983	0.0943873748261885	0.895409611878479	-4.19511645819987	TUT1	no	no	no
0.327280891564743	8.26446538303446	1.71060667871345	0.094388290677177	0.895409611878479	-4.19512118842756	LRFN4	no	no	no
0.220378920118232	7.68948254355055	1.71052085704649	0.0944042875837955	0.895409611878479	-4.19520380202119	SCAMP5	no	no	no
-1.25071849125697	8.42499284988418	-1.70973303881868	0.0945512397270971	0.895409611878479	-4.19596201236437	HLA-DQA1	no	no	no
0.438822431513684	9.37406049761716	1.70882552345653	0.0947207542236935	0.895409611878479	-4.1968350665549	RSAD1	no	no	no
-0.535712638784094	7.86310185843969	-1.70840217464524	0.0947999176033021	0.895409611878479	-4.19724220953307	HPS5	no	no	no
-0.396377789036573	6.61619327968816	-1.7082785469399	0.0948230455031296	0.895409611878479	-4.19736108915682	MICALL2	no	no	no
-0.668366581438173	8.76675958162799	-1.7079296865924	0.0948883344881627	0.895409611878479	-4.19769651303945	MGMT	no	no	no
-0.854265858005363	7.99553219979234	-1.70742003240682	0.0949837829556224	0.895409611878479	-4.19818643676584	HOMER1	no	no	no
-0.692018647191737	8.58585140166535	-1.70720756696284	0.0950235971743294	0.895409611878479	-4.19839064153532	TFDP1	no	no	no
-1.14643516165693	8.59012968561898	-1.70698186487302	0.0950659069877808	0.895409611878479	-4.19860754548191	GABRE	no	no	no
-0.252067550830953	7.40875212078343	-1.70576265880902	0.0952947279463903	0.895409611878479	-4.1997788187074	ZNF451	no	no	no
-0.330991193549027	8.80766378649719	-1.70525801796938	0.0953895726221127	0.895409611878479	-4.20026341881692	TRIP12	no	no	no
0.309201390198304	8.24606547393138	1.7051224923429	0.0954150573000436	0.895409611878479	-4.20039354229517	SART3	no	no	no
0.367093010341133	8.41490898812285	1.70328814537582	0.0957605494038071	0.895409611878479	-4.20215393606832	DALRD3	no	no	no
-0.427552563135708	9.72616832110653	-1.70106593009778	0.0961804831314459	0.895409611878479	-4.20428447727051	GNAI3	no	no	no
-0.640383370040499	7.42462760416167	-1.70054598088865	0.0962789582626817	0.895409611878479	-4.20478264703815	SMC3	no	no	no
0.228519962169454	7.04994628285152	1.70036626653708	0.0963130144545549	0.895409611878479	-4.20495480449183	ITSN1	no	no	no
-0.427914700143519	9.20396047629781	-1.70022052270455	0.0963406404991281	0.895409611878479	-4.20509440889512	WDR73	no	no	no
0.220595885825765	6.98619852883188	1.69974101622497	0.096431578268246	0.895409611878479	-4.20555364688897	BORCS6	no	no	no
0.358197715427207	7.24174464745831	1.69948079679582	0.0964809582909749	0.895409611878479	-4.20580282243545	SLC2A5	no	no	no
-0.523311648541501	9.23605195103147	-1.69926534892991	0.0965218581727147	0.895409611878479	-4.20600910283498	ACSL3	no	no	no
-0.323254489677836	7.78848835018032	-1.69908495456176	0.096556114662792	0.895409611878479	-4.20618180476135	RBM15	no	no	no
0.311242563962602	7.85096083577194	1.69839875518054	0.0966865144073691	0.895409611878479	-4.20683860532719	ENTPD6	no	no	no
0.324289666602223	6.75575356940573	1.69627013764993	0.0970919476189312	0.895409611878479	-4.20887463911483	MYH11	no	no	no
-0.443696693146088	8.02045196686463	-1.69601018143867	0.0971415572066401	0.895409611878479	-4.20912314475357	CNPY3	no	no	no
-0.558497018530303	6.94832454276216	-1.69587937908802	0.0971665272312847	0.895409611878479	-4.20924817366814	CCZ1B	no	no	no
-1.94636482114635	8.71754684708213	-1.69586447089097	0.0971693735268976	0.895409611878479	-4.20926242333448	IGF2	no	no	no
-0.814229399015808	7.21776427213121	-1.69570974232842	0.0971989186140144	0.895409611878479	-4.20941031108398	GCNT3	no	no	no
-0.447710476723297	7.99721395394921	-1.69556879492292	0.0972258386896916	0.895409611878479	-4.20954501730706	BRD7	no	no	no
0.344622507215149	8.16957686736091	1.69471418826535	0.0973891953960798	0.895409611878479	-4.21036158459842	SAMD4B	no	no	no
-0.601809643382895	8.14203403777955	-1.69423429730167	0.0974810253273667	0.895409611878479	-4.21081996669729	CDC40	no	no	no
0.515322426455474	11.5954262262683	1.69230696928504	0.0978505527263593	0.895409611878479	-4.21265983536662	COX6B1	no	no	no
-0.461938538549082	7.64798242566666	-1.69214753567762	0.0978811728187303	0.895409611878479	-4.21281195693277	CDK19	no	no	no
-0.53517189514599	9.26795071763138	-1.69184817029766	0.0979386889819151	0.895409611878479	-4.21309756076604	LPIN2	no	no	no
-0.835023095310043	7.6823575466271	-1.69081227490336	0.0981379281765743	0.895409611878479	-4.2140855160184	KCNS3	no	no	no
0.7475805778499	7.33185522964284	1.69073191656524	0.098153397916116	0.895409611878479	-4.21416213463747	CKAP2	no	no	no
0.231476620221646	7.20101704629903	1.68924499221228	0.0984400089489197	0.895409611878479	-4.21557931937796	PKD1	no	no	no
0.242374781540184	7.32384868881289	1.68860625159263	0.0985633412063832	0.895409611878479	-4.21618778651347	GNG3	no	no	no
-0.351444660169115	6.5932472888123	-1.68810215629984	0.0986607654086797	0.895409611878479	-4.21666785608375	FBXW7	no	no	no
-0.646205816928341	7.84374831242873	-1.68492551983129	0.099276532119722	0.895409611878479	-4.21969037307758	ETV5	no	no	no
0.321890837208349	7.7540242262292	1.68477032295882	0.0993066970098214	0.895409611878479	-4.21983792009499	ARHGAP10	no	no	no
0.339697995336187	8.18473123021732	1.68464985970894	0.0993301161068968	0.895409611878479	-4.21995243783059	ZCWPW1	no	no	no
0.386728220628658	8.68042632839079	1.68305414741285	0.0996407670449011	0.895409611878479	-4.22146875591115	SDHAF1	no	no	no
-0.551846202006131	7.25299555381924	-1.68281353361558	0.0996876789239165	0.895409611878479	-4.22169729521065	PCDHB11	no	no	no
-0.55674154536717	7.6403414153758	-1.68217869778133	0.0998115388460266	0.895409611878479	-4.22230014429591	LIMA1	no	no	no
0.321701590754904	8.08905866027606	1.68148318538878	0.0999473829267999	0.895409611878479	-4.22296039726993	GOLGA3	no	no	no
-0.269448114008911	7.09545514540003	-1.68123343555606	0.0999962000731662	0.895409611878479	-4.22319743090924	TMEM62	no	no	no
0.367057446660223	11.8389700155122	1.68006563461495	0.100224724588562	0.895409611878479	-4.22430538683144	RTRAF	no	no	no
-0.332166293748357	7.52674524645185	-1.67890897306197	0.100451493981505	0.895409611878479	-4.22540214778137	PDE6D	no	no	no
0.512982869854653	9.67407639992741	1.67796960701984	0.100635972884517	0.895409611878479	-4.22629240748825	BLVRB	no	no	no
-0.41411439985243	7.60966312748162	-1.67796252845854	0.100637364079483	0.895409611878479	-4.22629911444851	FANCE	no	no	no
0.23886374640672	8.0907962763556	1.67768871331054	0.100691190902464	0.895409611878479	-4.22655853727389	BTNL3	no	no	no
-0.591354318871774	8.09959034892814	-1.67706857745019	0.100813185568742	0.895409611878479	-4.22714594816229	LSM8	no	no	no
0.548007967182922	7.98847675028231	1.67694925059477	0.100836673826073	0.895409611878479	-4.22725895748323	MIS18A	no	no	no
0.333518950745343	7.48721301042817	1.67653642034583	0.100917970017221	0.895409611878479	-4.22764987997302	BRAP	no	no	no
-0.775687816628502	11.0854173378039	-1.67648375928163	0.100928344132332	0.895409611878479	-4.22769974074211	MCM2	no	no	no
0.349522337588754	7.03904939610075	1.67639676634385	0.100945483478567	0.895409611878479	-4.22778210492524	TRPV6	no	no	no
0.465790852653629	8.39352403251957	1.67382732400216	0.10145279846788	0.895409611878479	-4.23021323859499	CYB561D2	no	no	no
0.517157373707127	9.83663294200303	1.67362663880969	0.101492510429444	0.895409611878479	-4.23040299147904	BCKDHA	no	no	no
0.406898062973129	9.47384032398205	1.67286563140671	0.101643216446532	0.895409611878479	-4.23112237216468	CHMP2B	no	no	no
-0.33476707067884	8.57830058916248	-1.67230316394124	0.101754723139661	0.895409611878479	-4.23165389907875	UBE2D3	no	no	no
0.249930306776923	7.67909042406878	1.67091684571058	0.102029985134163	0.895409611878479	-4.23296332667673	CHRNB2	no	no	no
-0.530115823503032	7.95274589926028	-1.67087296111577	0.102038708698837	0.895409611878479	-4.23300476259302	ABR	no	no	no
0.28397427262405	7.59975462915546	1.67025554019491	0.102161507391601	0.895409611878479	-4.23358763714025	CDC42EP2	no	no	no
-0.472971802349176	9.19177530153968	-1.66899107312772	0.102413376947814	0.895409611878479	-4.23478079751559	RTL8A	no	no	no
-0.479925614785675	10.356457879269	-1.66854399093179	0.102502553682504	0.895409611878479	-4.23520248859922	PBX1	no	no	no
-0.789984292496486	10.0644269787069	-1.66730142787943	0.102750736012212	0.895409611878479	-4.23637399170002	TNFRSF21	no	no	no
-0.953549105266988	8.02332765654394	-1.66701816553778	0.102807382391062	0.895409611878479	-4.23664095364552	PHLDA1	no	no	no
0.229966169455717	6.68112819631546	1.66681724023402	0.102847578718964	0.895409611878479	-4.23683029388881	IBA57	no	no	no
0.238765188298346	7.08756999748231	1.66678900494437	0.102853228397071	0.895409611878479	-4.23685689965839	MAPK8IP3	no	no	no
0.451936181136344	8.36579531795692	1.66665061590359	0.102880922743	0.895409611878479	-4.23698729656912	ZNF574	no	no	no
-0.4480590324611	8.36325374301062	-1.66657664838713	0.102895727603141	0.895409611878479	-4.23705698869787	RBMX2	no	no	no
-0.454676511044115	10.1297950896107	-1.66586570641545	0.103038114623654	0.895409611878479	-4.2377267069703	PLIN3	no	no	no
0.301259753218305	11.3768030744071	1.66556879001315	0.10309762885587	0.895409611878479	-4.23800633672929	RPL38	no	no	no
-0.339249113528476	8.89326386822703	-1.66480154607051	0.103251547069361	0.895409611878479	-4.23872872010274	FIG4	no	no	no
-0.241981762899482	6.86415791226683	-1.66468885537265	0.103274170078357	0.895409611878479	-4.23883479857981	LIMK1	no	no	no
-0.807646908776623	8.76359707871964	-1.66468016672162	0.103275914521534	0.895409611878479	-4.23884297716998	CX3CL1	no	no	no
-0.52039194242907	7.61280543367042	-1.66411090263538	0.103390260016477	0.895409611878479	-4.23937874596178	THOP1	no	no	no
0.298489691204925	8.35000994427026	1.66369514766577	0.103473836647036	0.895409611878479	-4.2397699421219	UTP20	no	no	no
-0.572011154267308	8.04485113307543	-1.66279938155571	0.10365409585893	0.895409611878479	-4.24061251970289	NEMP1	no	no	no
0.445548581464136	11.9689023821445	1.66271864691444	0.103670355154006	0.895409611878479	-4.24068844203164	SNRPD2	no	no	no
-0.456705164327085	7.05175310962627	-1.6625140523243	0.103711568224409	0.895409611878479	-4.24088082776409	KDM6A	no	no	no
-0.333165286379656	8.28572164558399	-1.6582607133178	0.104571408244259	0.895409611878479	-4.24487590913824	SETD5	no	no	no
1.0386565476107	10.4814934737971	1.6579608089764	0.104632256383888	0.895409611878479	-4.24515728325851	PODXL	no	no	no
-0.451021244020083	8.0467870132042	-1.65692563545346	0.104842508273872	0.895409611878479	-4.24612817194042	LGALSL	no	no	no
-0.39546091923398	10.8144666330342	-1.65659664682746	0.104909401120418	0.895409611878479	-4.24643662480855	ST13	no	no	no
0.895103307804294	8.13307628929529	1.6565876014237	0.104911240806396	0.895409611878479	-4.24644510487219	ALCAM	no	no	no
-0.595623425019567	7.70481349425217	-1.65453141502787	0.105330123713286	0.895409611878479	-4.24837178150174	CHST11	no	no	no
-0.369359950108441	7.09469472190272	-1.65432283171563	0.105372692614293	0.895409611878479	-4.2485671161047	TNKS2	no	no	no
0.4918177431141	11.3131603975609	1.65408818042742	0.105420598511337	0.895409611878479	-4.24878683846285	UQCRC1	no	no	no
-0.530549485408545	9.91748388265566	-1.65378953530309	0.105481595123588	0.895409611878479	-4.24906644581851	GTF2IRD1	no	no	no
-0.389120413633316	7.02562397738045	-1.65315828727102	0.105610619433034	0.895409611878479	-4.24965731560394	ABCA7	no	no	no
-0.909035787280919	8.4801286758674	-1.65295492582378	0.105652213209022	0.895409611878479	-4.24984762897915	CCNA2	no	no	no
-0.566551494138082	8.81108196551228	-1.65071829242406	0.106110562915206	0.895409611878479	-4.25193947196591	SMPD4	no	no	no
-0.395572829696348	7.84248742929461	-1.65039620265822	0.106176702520797	0.895409611878479	-4.25224051706903	GOLM1	no	no	no
0.287942339561494	10.1533119025624	1.64994463859431	0.106269486034838	0.895409611878479	-4.2526624946712	ATP5PD	no	no	no
-0.973432616174132	9.50992665049667	-1.64913671195409	0.106435657923827	0.895409611878479	-4.25341724645049	SLC26A2	no	no	no
0.408238520503388	12.1959877479957	1.64902751951282	0.106458132641327	0.895409611878479	-4.25351922865627	CDK2AP1	no	no	no
1.3394684483686	10.4351690805308	1.64859547257537	0.106547097621663	0.895409611878479	-4.25392269144877	CP	no	no	no
-0.42628293800164	8.7010121496595	-1.64823548889987	0.106621270273874	0.895409611878479	-4.25425879152782	PLEKHF1	no	no	no
0.546303071359411	8.00355009893148	1.64806880549833	0.106655628817996	0.895409611878479	-4.25441439542166	DAAM1	no	no	no
-0.454703805554307	8.45358616602319	-1.64793471868927	0.106683274801009	0.895409611878479	-4.25453955993163	ADAP1	no	no	no
-1.02841027414482	11.4831698944363	-1.64731115723601	0.106811917796416	0.895409611878479	-4.25512151756027	MEST	no	no	no
-0.484062192403926	6.9951824518819	-1.64718690120133	0.106837567468447	0.895409611878479	-4.25523746138064	FAH	no	no	no
-0.522086988540572	10.6106757186457	-1.64574227826159	0.107136146188916	0.895409611878479	-4.25658491095905	FMR1	no	no	no
-0.505136468861578	7.42681523820961	-1.64421997264746	0.107451520781271	0.895409611878479	-4.25800375318384	PTPN12	no	no	no
-0.360198605012522	9.84188321411898	-1.64313323415097	0.107677124681858	0.895409611878479	-4.25901596291872	RAC1	no	no	no
-1.29871411382742	8.77294778276575	-1.6422533011192	0.10786008069821	0.895409611878479	-4.25983514168105	SLC44A4	no	no	no
-0.595140005874032	8.15448225297646	-1.64156203861729	0.108003986896513	0.895409611878479	-4.26047842020639	SERPINA1	no	no	no
-0.853543968968137	9.18580090181315	-1.64095833929571	0.108129792971091	0.895409611878479	-4.26104002921316	SGCE	no	no	no
0.221503179198987	7.41602396129518	1.64040869861358	0.108244438067431	0.895409611878479	-4.26155119891718	TNNT3	no	no	no
-0.367234750757817	11.1376277127597	-1.64023942651731	0.108279765214229	0.895409611878479	-4.2617085944231	HNRNPA1	no	no	no
-0.529954285119025	9.25829921593759	-1.64008277962068	0.108312465892386	0.895409611878479	-4.26185423849101	MISP	no	no	no
-0.714257032277989	7.62168058390216	-1.63888221459023	0.10856335744799	0.895409611878479	-4.26297009135043	CLIP2	no	no	no
0.397123619533754	6.4988084683619	1.63846967094921	0.108649679763672	0.895409611878479	-4.26335336859475	PTH1R	no	no	no
-0.300095677296396	8.11240816564401	-1.63754276612184	0.108843834165855	0.895409611878479	-4.26421422416969	HIPK1	no	no	no
-0.737672898701308	7.36821228428584	-1.63748628080299	0.108855675058937	0.895409611878479	-4.26426667133745	FGF18	no	no	no
-0.559689149550916	9.78715774303678	-1.63700612495401	0.108956371671819	0.895409611878479	-4.26471243980254	NT5C2	no	no	no
0.403661314210657	9.50496851911073	1.63668961017827	0.109022791748347	0.895409611878479	-4.26500622708681	TTC3	no	no	no
-0.400175972620282	8.17959614898477	-1.63566003278333	0.109239076112611	0.895409611878479	-4.26596154749299	RRN3	no	no	no
-0.590968375046133	8.03731295435716	-1.63540139539963	0.109293463493266	0.895409611878479	-4.26620145218139	BARD1	no	no	no
-0.820103059962639	8.27377962291917	-1.63363373084516	0.109665769253584	0.895409611878479	-4.26784024022408	NAT1	no	no	no
0.236986357507529	6.9390736918027	1.63344625504256	0.109705316231773	0.895409611878479	-4.2680139608445	SPTB	no	no	no
-0.566863823933525	9.31479391548516	-1.63250592644775	0.109903849401519	0.895409611878479	-4.26888504608389	ASAP1	no	no	no
0.562502253352652	7.1453488374358	1.63204226508424	0.110001851154743	0.895409611878479	-4.26931441050923	BRCA1	no	no	no
1.40125258727018	10.8645982450337	1.63201572422563	0.11000746312398	0.895409611878479	-4.26933898506513	GPX3	no	no	no
0.513021484731317	9.55231817348515	1.63116934411109	0.110186550013858	0.895409611878479	-4.27012248539783	PFKL	no	no	no
0.485085253316465	10.6491405504145	1.63104336970823	0.110213225509833	0.895409611878479	-4.27023907182217	KLHDC2	no	no	no
-0.593557799445627	8.64062529198677	-1.63071474522277	0.110282837691432	0.895409611878479	-4.27054317086743	CASP7	no	no	no
0.266638108596266	8.00643134830753	1.62922316882502	0.110599248876251	0.895409611878479	-4.27192278676202	CCDC9	no	no	no
0.310532442570148	7.97793585745327	1.62877804145892	0.110693818335273	0.895409611878479	-4.27233429773038	BCAT2	no	no	no
-0.377106718196586	7.3477594875453	-1.62685914057907	0.111102255101795	0.895409611878479	-4.2741072060361	NUP93	no	no	no
0.628740825945787	8.42793781456063	1.62676752831904	0.111121785472292	0.895409611878479	-4.27419180462957	PAIP2B	no	no	no
0.261430429972615	6.90270139580126	1.626218664308	0.111238853874758	0.895409611878479	-4.27469856522535	PLPPR3	no	no	no
-0.334454584508044	7.79679535555695	-1.62574548011448	0.111339861237144	0.895409611878479	-4.27513533666919	GIGYF2	no	no	no
-0.608674975646611	9.09056363271718	-1.62542900923818	0.111407457899161	0.895409611878479	-4.2754273949919	PAXIP1	no	no	no
-0.621318658387609	10.186206244569	-1.62518560733103	0.111459470186675	0.895409611878479	-4.27565198854317	SLC52A2	no	no	no
0.194426234103219	7.30711012531074	1.62481952552892	0.111537735160458	0.895409611878479	-4.27598972920988	GATA1	no	no	no
-0.310080540652178	8.88939652094683	-1.62378325176267	0.111759524533214	0.895409611878479	-4.27694543228484	TM9SF3	no	no	no
-0.5539604894005	8.05935333876077	-1.6236962391126	0.111778163870098	0.895409611878479	-4.27702565646141	CAND1	no	no	no
-0.425548002929176	10.1281426144636	-1.62343487520024	0.111834166973491	0.895409611878479	-4.27726660790115	CKAP5	no	no	no
-0.243735400457932	7.42129753926396	-1.62327256925319	0.11186895620914	0.895409611878479	-4.27741622145444	RHBDD3	no	no	no
0.57402151030927	8.25813477633738	1.62278532213376	0.111973447587445	0.895409611878479	-4.27786529047661	ALS2CL	no	no	no
1.86282707685551	9.41172100717949	1.62212213834482	0.112115797073849	0.895409611878479	-4.27847632948076	DEFB1	no	no	no
-0.313460856406601	7.32787270088734	-1.62154182071453	0.112240480883661	0.895409611878479	-4.27901084648108	SDS	no	no	no
0.395404645440999	8.8660752756257	1.62062284810495	0.112438157754242	0.895409611878479	-4.27985696325134	RHBDF2	no	no	no
-0.475073409207788	8.51664151613928	-1.62038223738181	0.1124899615707	0.895409611878479	-4.28007843212293	PAQR4	no	no	no
-0.387211132765122	8.31439971865371	-1.61999384194662	0.112573624737925	0.895409611878479	-4.28043587057799	CSNK1A1	no	no	no
-0.364669474524715	9.3761627566495	-1.61971976812602	0.112632692763477	0.895409611878479	-4.28068805623387	CCZ1	no	no	no
-0.397226422730879	9.58567694294698	-1.61922334579672	0.112739745438477	0.895409611878479	-4.28114474218971	ZNF532	no	no	no
0.421646042457389	9.17639862112153	1.61849473471985	0.112897019587974	0.895409611878479	-4.28181481896394	KRT19	no	no	no
-0.412380248964268	8.16969976154094	-1.61708571896969	0.113201670092951	0.895409611878479	-4.28310992237266	PPP2CA	no	no	no
-0.835418226870926	8.27424931891598	-1.61605078613523	0.113425865093732	0.895409611878479	-4.28406058383485	SERPINE2	no	no	no
-0.818875757454134	7.94129938019515	-1.61579945512776	0.113480364932647	0.895409611878479	-4.28429137278639	FSCN1	no	no	no
0.747476157286766	8.9769189515639	1.61527517413709	0.113594121307687	0.895409611878479	-4.28477270586681	GPR27	no	no	no
-0.658386175674345	7.06928032343742	-1.61525711007987	0.113598042430374	0.895409611878479	-4.28478928782473	HLA-DQB2	no	no	no
0.362382115093311	7.74211722802488	1.61475176652039	0.113707780911668	0.895409611878479	-4.28525310654334	PTPRCAP	no	no	no
0.257345875507696	7.64289787686714	1.61441252685285	0.113781497378225	0.895409611878479	-4.28556440214252	PRSS53	no	no	no
0.343804278667314	9.16589818496695	1.6142795700662	0.113810399390236	0.895409611878479	-4.28568639197394	ABCF3	no	no	no
0.388300475203988	10.1938775985725	1.61365205366068	0.113946889064368	0.895409611878479	-4.28626203394544	YBX1	no	no	no
0.341953483073815	6.99342525244334	1.61223900021559	0.114254727645849	0.895409611878479	-4.28755758853383	GDF9	no	no	no
-0.839922844851541	6.99561950682377	-1.61191810609197	0.114324729885305	0.895409611878479	-4.28785166691806	CARD9	no	no	no
-0.648927657212638	9.58120016622905	-1.6117601611655	0.114359198002414	0.895409611878479	-4.28799639503931	ELF4	no	no	no
0.542972205214863	9.33447812659283	1.61136300303666	0.114445906723561	0.895409611878479	-4.28836026648422	CDC42EP4	no	no	no
-0.399268273900355	9.36832357441063	-1.61083802609526	0.114560603409735	0.895409611878479	-4.28884112854889	BFAR	no	no	no
-0.379928982328071	10.4779537563909	-1.60984601474486	0.114777593184297	0.895409611878479	-4.28974942030229	HNRNPA3	no	no	no
0.384368340855753	8.51419480064955	1.60963640014379	0.114823486508301	0.895409611878479	-4.28994128465516	SPOP	no	no	no
-0.626517468460782	8.98621563349365	-1.60926529836482	0.11490477272034	0.895409611878479	-4.29028090997639	RECQL	no	no	no
0.33059862964686	8.36114648825178	1.60913596741474	0.114933112408979	0.895409611878479	-4.29039925577189	ILVBL	no	no	no
0.24603979836909	6.9706204159515	1.60912404872666	0.114935724382015	0.895409611878479	-4.29041016170486	NLGN3	no	no	no
-0.544304986659945	9.8866074832993	-1.60908075920769	0.114945211659673	0.895409611878479	-4.29044977225537	STIP1	no	no	no
-0.64598216123189	9.37452867951595	-1.60815434072816	0.115148397301046	0.895409611878479	-4.29129724450718	LMAN1	no	no	no
-0.426127634540365	11.9298403702868	-1.60715616567044	0.115367648070202	0.895409611878479	-4.29220989997596	H2AZ1	no	no	no
0.693413872210194	10.1099624441592	1.6064885774081	0.115514474482419	0.895409611878479	-4.292820026495	BCAM	no	no	no
-0.384368943530626	8.17490131376219	-1.60634569500021	0.115545919160272	0.895409611878479	-4.29295058284371	GLMN	no	no	no
-0.208404055459635	8.1914467330852	-1.60577415666251	0.11567176946718	0.895409611878479	-4.2934727186777	ZFAND5	no	no	no
-0.636406167982291	8.35250805105972	-1.60527486450826	0.115781802748261	0.895409611878479	-4.29392872542239	HEY1	no	no	no
0.306637409233863	6.97911736358688	1.60439413551343	0.115976104157603	0.895409611878479	-4.29473281052225	SLC22A17	no	no	no
0.407724102668718	7.39221002874088	1.6039678415509	0.116070245940306	0.895409611878479	-4.29512187386245	LMCD1	no	no	no
-0.458470005988383	11.9908471700216	-1.60378806722125	0.116109965524864	0.895409611878479	-4.29528592146082	SLC38A2	no	no	no
0.398154674032133	8.70490794594745	1.60201404597442	0.116502513412448	0.895409611878479	-4.2969039220352	MECR	no	no	no
0.318808358341659	7.4670803562504	1.60165303092717	0.11658252931037	0.895409611878479	-4.29723300242075	SLC27A5	no	no	no
0.201641952724079	6.86011304964844	1.60140638682516	0.116637221557705	0.895409611878479	-4.2974577930374	EPS15L1	no	no	no
-0.882778678686418	8.71679061893494	-1.60135462371437	0.116648702448767	0.895409611878479	-4.29750496607025	AMFR	no	no	no
0.316974413657629	7.74371297854038	1.60134817818908	0.116650132109826	0.895409611878479	-4.29751083995082	EPN1	no	no	no
0.465679923458691	7.74737825678881	1.60089146080729	0.116751471389557	0.895409611878479	-4.2979270010983	SLC25A10	no	no	no
0.201520951328135	7.84269767273305	1.60087018709477	0.116756193476796	0.895409611878479	-4.29794638328509	KXD1	no	no	no
0.274132397918299	6.98918006990887	1.60085020389201	0.11676062925337	0.895409611878479	-4.29796458950895	EP400	no	no	no
0.248323076002233	7.90821286140073	1.60036692162062	0.116867947693289	0.895409611878479	-4.29840483837657	PTCRA	no	no	no
0.216129949553929	6.46204155946013	1.59991965722137	0.116967339383617	0.895409611878479	-4.29881217696178	POU6F1	no	no	no
-0.338799820733563	9.50329070709589	-1.5996925249126	0.11701783932928	0.895409611878479	-4.29901899726404	HDAC3	no	no	no
0.498012602784612	9.38975987964676	1.59926606415377	0.11711270526801	0.895409611878479	-4.29940725374532	COPG1	no	no	no
-0.374300578816183	8.43601057855058	-1.59903455229072	0.117164231115375	0.895409611878479	-4.29961798927084	DLG3	no	no	no
0.393401608093978	8.08165980829685	1.59856681931341	0.117268387128694	0.895409611878479	-4.30004366866155	TSC2	no	no	no
0.253982443544428	7.80322779848291	1.59785894968756	0.117426160507406	0.895409611878479	-4.30068769491936	GRK5	no	no	no
-0.34235983423633	9.37471866326081	-1.59691781105522	0.117636193064788	0.895409611878479	-4.30154357979477	CEBPZ	no	no	no
-0.446619691726694	7.98626847672277	-1.59682875590723	0.117656083170925	0.895409611878479	-4.30162454583978	SLC30A1	no	no	no
-0.446725292755572	8.45340450506985	-1.59586231241726	0.117872110158998	0.895409611878479	-4.30250296045219	ELP4	no	no	no
0.259429144535467	6.89277735141828	1.59483808294721	0.118101405452343	0.895409611878479	-4.3034334090057	CCDC71	no	no	no
-0.369457739967279	9.34294785288551	-1.59477767066637	0.118114941316142	0.895409611878479	-4.30348827408731	MGRN1	no	no	no
-0.447835621936326	9.27810795415662	-1.59460343123722	0.118153988136891	0.895409611878479	-4.30364650463705	GLOD4	no	no	no
-0.752623855959169	9.73317107122778	-1.59444455767915	0.11818960062232	0.895409611878479	-4.30379076842392	BHLHE40	no	no	no
1.3063852953684	9.08867445574815	1.59405306204239	0.118277393980943	0.895409611878479	-4.30414621105947	NNMT	no	no	no
-0.509903805589195	9.97358775490181	-1.59381706397842	0.118330342401095	0.895409611878479	-4.30436044045446	ARL2BP	no	no	no
-0.399355132890425	11.2885920078926	-1.59370758757591	0.118354911011426	0.895409611878479	-4.30445980958843	CERS2	no	no	no
-0.666518727250276	7.4181055054977	-1.59346235762194	0.118409960359129	0.895409611878479	-4.30468237814246	APOL6	no	no	no
0.227395961164375	8.09025564436885	1.59165459315087	0.118816409975245	0.895409611878479	-4.30632219913362	KCNN1	no	no	no
0.521136826988901	8.98158698564801	1.59146162910572	0.118859861943631	0.895409611878479	-4.30649714396583	USP3	no	no	no
-0.296482359416065	11.8807574022667	-1.59139125448182	0.118875712228718	0.895409611878479	-4.30656094247619	EIF4H	no	no	no
-0.433604645257052	7.91582647425822	-1.59108592281668	0.118944501115468	0.895409611878479	-4.30683771508193	TGIF1	no	no	no
0.259571074650407	6.66377059808008	1.59027018354264	0.119128439365137	0.895409611878479	-4.30757693506091	DDX51	no	no	no
0.307370330589104	8.09120504718519	1.59009996822828	0.119166849719862	0.895409611878479	-4.30773114327763	DNAJC16	no	no	no
0.463878907655368	7.47357590088342	1.58972970544808	0.119250436976935	0.895409611878479	-4.30806653839393	XAB2	no	no	no
0.4517318228235	9.1654081329452	1.58965683728918	0.119266892649471	0.895409611878479	-4.30813253680207	MTPAP	no	no	no
0.760154676172375	7.17662029428838	1.58780266132966	0.119686237700073	0.895409611878479	-4.30981104955813	ANGPTL4	no	no	no
-0.408403816129311	7.50042973985435	-1.5876691363972	0.119716482126878	0.895409611878479	-4.30993186068828	DAPP1	no	no	no
0.528094058305253	7.22502463307808	1.58763903682727	0.119723300767498	0.895409611878479	-4.30995909309346	DAPK2	no	no	no
0.254892526459712	6.98774268093941	1.58744631521254	0.119766966643633	0.895409611878479	-4.31013344649954	KLHDC4	no	no	no
-0.782504685887357	9.77031178324983	-1.58733054931841	0.119793202494793	0.895409611878479	-4.31023817021856	C8orf33	no	no	no
-1.50640624990777	10.809694190181	-1.58726536184836	0.119807977884228	0.895409611878479	-4.31029713703448	MMP7	no	no	no
-0.570735015760923	9.40282358621518	-1.58659233693174	0.119960612086078	0.895409611878479	-4.31090581771092	DHX29	no	no	no
0.380697838480213	9.04272170234881	1.58617599671276	0.120055112094034	0.895409611878479	-4.31128224490815	RAB3D	no	no	no
0.512451062245674	12.5826224643596	1.58606750264616	0.120079747753802	0.895409611878479	-4.31138032435638	ASS1	no	no	no
-0.542991293402426	12.5786814632695	-1.58576433891281	0.120148608622265	0.895409611878479	-4.31165435663956	SLC25A6	no	no	no
-0.421482339142773	10.6022089261352	-1.58468502316558	0.120394025196974	0.895409611878479	-4.31262960059205	ATP6V1E1	no	no	no
-0.464248926289133	10.7932179515394	-1.58346737332501	0.120671383935601	0.895409611878479	-4.31372916728434	BZW1	no	no	no
-0.342687391444278	8.41174548853853	-1.58283450098943	0.120815745211284	0.895409611878479	-4.31430038427198	NUP133	no	no	no
0.290328691032476	7.31433245559959	1.58258350848459	0.120873036562293	0.895409611878479	-4.31452687133872	TMEM59L	no	no	no
-0.321691310067926	12.5420841412681	-1.58217989087969	0.120965212147533	0.895409611878479	-4.31489101849948	MYL12B	no	no	no
-0.583304199782524	7.56518747725187	-1.58144014959196	0.121134297290198	0.895409611878479	-4.31555821566514	GRK3	no	no	no
-0.647861256464064	9.11162155850876	-1.58140699682209	0.121141879609125	0.895409611878479	-4.31558811107796	CTSS	no	no	no
0.487806561293519	10.4504598338451	1.58126584826374	0.121174165780552	0.895409611878479	-4.3157153854527	PDHB	no	no	no
-0.533153865489749	7.32901565222052	-1.57999174386447	0.12146591852735	0.895409611878479	-4.31686381770413	SKAP2	no	no	no
-0.471239952113381	7.90567753248417	-1.57947057878798	0.121585422097295	0.895409611878479	-4.31733335197705	POLR2D	no	no	no
-0.203624560472488	12.2031609795545	-1.57834993195023	0.12184270969976	0.895409611878479	-4.31834253527598	HNRNPK	no	no	no
-0.51297608695096	8.90929696614758	-1.57709111440086	0.122132245030157	0.895409611878479	-4.31947542450529	SMC4	no	no	no
-0.288143169193932	10.314228819094	-1.5761405523573	0.12235124853093	0.895409611878479	-4.3203303888947	BTF3	no	no	no
-0.61101196512314	10.0685003807839	-1.57386925541179	0.12287582765099	0.895409611878479	-4.32237149743496	DBNDD2	no	no	no
-0.489467343060169	6.9889432288613	-1.57367649029338	0.122920432318527	0.895409611878479	-4.3225446118467	DNAJC17	no	no	no
-0.457681069072077	8.3877091797348	-1.57280683246262	0.123121828612703	0.895409611878479	-4.32332539271495	UBQLN2	no	no	no
-0.553979198734945	8.60402433607751	-1.57225943129699	0.123248733111268	0.895409611878479	-4.32381666352797	AGO2	no	no	no
0.375227680638214	8.58536955140671	1.57171170243398	0.123375819391771	0.895409611878479	-4.32430808360525	AKR7A3	no	no	no
-0.414627764167242	6.80988889983859	-1.57148904997541	0.123427510391912	0.895409611878479	-4.32450780505157	SMIM8	no	no	no
0.454501923216266	9.50805041613441	1.57092748551137	0.123557960961976	0.895409611878479	-4.32501142753928	DDRGK1	no	no	no
0.294182894965145	8.18649189268593	1.57047825868479	0.123662395868172	0.895409611878479	-4.32541419365557	ATN1	no	no	no
-0.292505133467664	8.54417676845238	-1.57031384606785	0.123700635846346	0.895409611878479	-4.32556157773458	ZC3H15	no	no	no
0.414558857460468	7.6228706404364	1.56964873143404	0.123855429337451	0.895409611878479	-4.32615767183227	RBM6	no	no	no
0.241652140369017	7.11463685500454	1.5691489970259	0.123971836486112	0.895409611878479	-4.32660540693858	DTYMK	no	no	no
0.830706686285319	8.45041719955711	1.56910884365411	0.123981193568313	0.895409611878479	-4.32664137695722	GSTM3	no	no	no
0.326083194255659	8.362046807982	1.56896337672629	0.124015097018437	0.895409611878479	-4.32677168198077	PSMF1	no	no	no
-0.372700607025101	10.4201771996122	-1.56887691072512	0.124035252884896	0.895409611878479	-4.32684913085097	DNAJA3	no	no	no
0.274585192400612	8.24223370175235	1.56814433063013	0.124206128947837	0.895409611878479	-4.32750516858583	PPP2CB	no	no	no
-0.607985965554454	8.63154673316021	-1.56796130039392	0.124248850862068	0.895409611878479	-4.32766903471115	CLN5	no	no	no
0.335112815017637	6.64855499659825	1.56764871382227	0.124321840547587	0.895409611878479	-4.32794885456715	NUMB	no	no	no
-0.729430219188206	8.91658011669496	-1.56712821189612	0.124443455781223	0.895409611878479	-4.32841469030941	MAFF	no	no	no
-0.337925989308319	7.91259502212261	-1.56688902909474	0.124499373030436	0.895409611878479	-4.32862870877847	MAFK	no	no	no
0.288013510994366	7.37107349588805	1.56684760783832	0.124509058741881	0.895409611878479	-4.328665769309	ZNF428	no	no	no
0.24648988102019	8.34362858677084	1.56521720543522	0.124890786332269	0.895409611878479	-4.33012386765878	BRD4	no	no	no
0.467928255098946	8.24259342486475	1.56481493352663	0.124985115771495	0.895409611878479	-4.33048342885132	ZNF395	no	no	no
0.293899123875898	7.61596212068081	1.56400251929022	0.125175795533752	0.895409611878479	-4.3312093471772	ZNF528	no	no	no
0.397050517050572	10.936250459742	1.56351951006016	0.125289272682517	0.895409611878479	-4.33164078003594	DIABLO	no	no	no
-0.27747995707573	7.27617557188713	-1.56343135941155	0.125309991560462	0.895409611878479	-4.3317195056505	RAB3GAP2	no	no	no
-0.562405835518855	8.32450945953065	-1.56342489162046	0.125311511855233	0.895409611878479	-4.33172528175963	ZNF281	no	no	no
-0.502759717208609	9.76531271789207	-1.56178303796837	0.125697921491712	0.895409611878479	-4.33319089603282	NRAS	no	no	no
-0.776888564935206	8.07982809484723	-1.56125681992203	0.125821969899431	0.895409611878479	-4.33366035258136	UPP1	no	no	no
0.25218879660059	9.16532826744091	1.5608857949669	0.125909493083165	0.895409611878479	-4.33399127557371	PIGT	no	no	no
0.321552519343039	7.22757365984431	1.56083883055631	0.12592057528471	0.895409611878479	-4.33403315911326	RNF34	no	no	no
-0.402318343538719	8.4184845134224	-1.56080463597448	0.125928644682027	0.895409611878479	-4.33406365366261	CREB1	no	no	no
0.247693025580062	9.20661096333297	1.55948304701047	0.126240839075834	0.895409611878479	-4.33524180552724	NDUFB1	no	no	no
0.28929795249031	9.28027506003498	1.5589381926722	0.126369729660432	0.895409611878479	-4.33572727822319	PIK3R2	no	no	no
0.281851175134871	6.87107042683573	1.55857790448483	0.126455017582435	0.895409611878479	-4.33604822087233	RIMS3	no	no	no
0.247448231697552	6.68862526585344	1.55790309390274	0.126614884516413	0.895409611878479	-4.33664916887294	FLCN	no	no	no
0.435154231256884	8.46138644292756	1.55712566593789	0.126799264049583	0.895409611878479	-4.33734122824103	CRMP1	no	no	no
0.535245249623703	11.1658548581641	1.55687087568643	0.126859738705284	0.895409611878479	-4.33756797642312	PSMD8	no	no	no
-0.847455150907565	10.3954536528332	-1.55674823783264	0.126888855175382	0.895409611878479	-4.33767710559426	PLP2	no	no	no
-0.423103690091525	8.51374803489619	-1.55649873547482	0.126948108220859	0.895409611878479	-4.33789910248746	CRKL	no	no	no
-0.547425287868459	7.59263826528838	-1.55559766326702	0.127162284938606	0.895409611878479	-4.33870058772591	PRKACB	no	no	no
-0.494448466817998	7.93034619684127	-1.55464915868307	0.127388050278559	0.895409611878479	-4.33954383725814	PPFIBP1	no	no	no
-0.517356040245596	9.06779080323553	-1.55368261243941	0.127618441923421	0.895409611878479	-4.34040267695158	TRRAP	no	no	no
-1.00473401617544	11.7438172346098	-1.55358145623668	0.127642573494035	0.895409611878479	-4.34049253463894	LY6E	no	no	no
-0.408899199362903	9.50425669440171	-1.55349278588708	0.127663729492663	0.895409611878479	-4.34057129697667	SLC3A2	no	no	no
0.259327842360077	7.54540451853177	1.55275109236954	0.127840801921175	0.895409611878479	-4.34122996416834	ZBTB17	no	no	no
0.360992905754927	8.84401343746975	1.55118048583597	0.128216422307505	0.895409611878479	-4.34262387217049	BTG1	no	no	no
-1.55019051850739	8.925860661483	-1.55043027033216	0.128396154249497	0.895409611878479	-4.34328926272734	KRT23	no	no	no
-0.485869356031886	11.8056818142181	-1.55030084693108	0.128427181194185	0.895409611878479	-4.34340402487873	DEK	no	no	no
-0.557862245456313	10.4885397922683	-1.54971397728518	0.12856794840257	0.895409611878479	-4.34392431096302	CCNB1IP1	no	no	no
0.284879779091938	9.69299299004207	1.54949098756342	0.128621467501032	0.895409611878479	-4.34412195737064	GIT1	no	no	no
0.423761700514146	9.50405728159598	1.54946457005651	0.128627809075442	0.895409611878479	-4.3441453708625	CLASRP	no	no	no
-0.71522588794047	7.10649024818189	-1.5483931976704	0.128885206153473	0.895409611878479	-4.34509462816944	HOXA10	no	no	no
0.424916776687461	9.72433263189225	1.54823994059927	0.128922059993341	0.895409611878479	-4.34523037133655	RBCK1	no	no	no
-0.5581441121215	8.32177376680895	-1.5479539762083	0.128990848721892	0.895409611878479	-4.34548362574461	SMARCA1	no	no	no
0.868924151239361	9.17440316807243	1.5474821874403	0.129104402022914	0.895409611878479	-4.3459013620571	OLFML2A	no	no	no
0.279828603038525	7.31570374995797	1.54740420998083	0.129123177902654	0.895409611878479	-4.34597039527062	RFPL3	no	no	no
-0.43718837783043	9.23680456080208	-1.5473585266992	0.129134178816862	0.895409611878479	-4.34601083716955	NXT1	no	no	no
-0.602456816226389	8.43098334550633	-1.54726202686857	0.129157419256345	0.895409611878479	-4.34609626194022	KDELR3	no	no	no
0.434097644313367	11.017747073438	1.5472410619241	0.129162468772335	0.895409611878479	-4.34611482018771	OSBPL9	no	no	no
0.345046677837131	7.72461137067101	1.54676627091631	0.129276867171076	0.895409611878479	-4.34653504968195	CSF3	no	no	no
0.243807478891217	7.43816729772552	1.54557350901761	0.129564616313539	0.895409611878479	-4.34759025890762	IQSEC2	no	no	no
-0.45231665230963	10.5746800098868	-1.54508974310095	0.129681469609205	0.895409611878479	-4.34801803810001	GSTO1	no	no	no
0.297555200807888	8.58523159450272	1.54484874250613	0.129739714726553	0.895409611878479	-4.34823110491304	MAP4	no	no	no
0.488364978507512	8.13843055204851	1.54388259780606	0.129973424082457	0.895409611878479	-4.34908498210597	PTCD3	no	no	no
-0.382487438528611	8.38786774130759	-1.54368772231048	0.13002060522975	0.895409611878479	-4.34925715765122	PSME4	no	no	no
-0.973362833836139	10.5030537539451	-1.54312661600889	0.130156531082048	0.895409611878479	-4.34975280048366	IER3	no	no	no
0.214007907947067	8.07621675968835	1.54300075553512	0.130187035971004	0.895409611878479	-4.34986395592784	CRTC1	no	no	no
0.188205768031844	7.20232299953924	1.54197207308226	0.130436573815872	0.895409611878479	-4.35077216182721	ZNF335	no	no	no
0.643532286372788	10.5907994082038	1.54196520382194	0.130438241451865	0.895409611878479	-4.35077822484416	HEBP1	no	no	no
0.261570366540035	7.20639290963149	1.54194623364782	0.130442846890401	0.895409611878479	-4.3507949683742	CFAP298	no	no	no
-0.556876859233544	10.8484107950128	-1.54193623171479	0.130445275138296	0.895409611878479	-4.35080379624921	CD164	no	no	no
0.284022095991279	7.1753846653089	1.54170311694103	0.130501880529622	0.895409611878479	-4.3510095334696	ABCG4	no	no	no
-0.472967128503162	9.9148711284259	-1.54126498666407	0.130608321576121	0.895409611878479	-4.35139613698658	DDIT3	no	no	no
-0.362357292210194	7.76895672816272	-1.54115371421558	0.130635365630391	0.895409611878479	-4.35149430821955	TOR1AIP1	no	no	no
-0.41529706810649	6.87785901056351	-1.54107901860222	0.130653522442303	0.895409611878479	-4.35156020578606	KCNK1	no	no	no
0.356976784499894	6.59653411906807	1.5406270286441	0.130763434204016	0.895409611878479	-4.35195889991219	DMAC2L	no	no	no
-0.282097744592557	12.5084435856128	-1.54006260821672	0.130900790257841	0.895409611878479	-4.35245662750233	PTGES3	no	no	no
-0.737128023199662	9.96463354267436	-1.53977729398855	0.130970267738573	0.895409611878479	-4.35270816940316	GMNN	no	no	no
-0.42805744644773	7.24905727414865	-1.53948519896643	0.131041427092296	0.895409611878479	-4.35296564832097	TICAM1	no	no	no
0.234164141280909	8.4926514276447	1.53878106690696	0.131213093329897	0.895409611878479	-4.3535861627368	COPE	no	no	no
0.498705173928234	10.2663072994554	1.5384949886959	0.131282890275788	0.895409611878479	-4.35383819924315	SSR1	no	no	no
0.672187312139876	9.28739626418363	1.53827972730265	0.131335429082942	0.895409611878479	-4.35402781940065	LAMB2	no	no	no
-0.381586220238104	11.1808381499593	-1.53804255805449	0.131393334473704	0.895409611878479	-4.35423671163347	PPP1CA	no	no	no
0.322037656976579	8.4208540074037	1.53793733618552	0.131419031184097	0.895409611878479	-4.35432937940514	TNPO2	no	no	no
0.279215855879025	6.86621472684029	1.5374921585557	0.131527794666857	0.895409611878479	-4.3547213827629	DIO3	no	no	no
0.370649306585309	7.80009182193814	1.53705796192742	0.131633944899509	0.895409611878479	-4.35510362353927	PPM1A	no	no	no
0.252678929873614	7.06054637127032	1.53646130886655	0.131779923792134	0.895409611878479	-4.3556287310901	SYMPK	no	no	no
-0.524712015891216	8.26188482268343	-1.53609595835914	0.131869375617992	0.895409611878479	-4.35595018608043	PGM3	no	no	no
-0.555829896229898	7.30093108627438	-1.53587366509419	0.131923825371545	0.895409611878479	-4.3561457397275	ZNF250	no	no	no
-0.531481580254719	10.6682452694652	-1.53506416331655	0.132122261696067	0.895409611878479	-4.35685766267269	MGST2	no	no	no
-0.514939684323296	9.41910368911092	-1.53482641218485	0.132180588016845	0.895409611878479	-4.35706669402372	YTHDF3	no	no	no
-0.422656044175626	7.98359290648473	-1.53474623948903	0.132200261046986	0.895409611878479	-4.35713717581826	SEC63	no	no	no
-0.403514559823168	8.97670129643714	-1.53418155656162	0.132338891257562	0.895409611878479	-4.35763351353861	NHEJ1	no	no	no
-0.392580198571769	8.17766960288057	-1.53396546640998	0.132391972431975	0.895409611878479	-4.35782340844802	FBXO11	no	no	no
-0.646474444114001	8.58570350821105	-1.53385285203834	0.132419642203889	0.895409611878479	-4.35792236224571	PTP4A3	no	no	no
0.50590370059801	9.85033960770849	1.53264455652053	0.132716816799339	0.895409611878479	-4.3589836965851	PTOV1	no	no	no
0.431836198442661	9.02680643154135	1.53250423022012	0.132751364015544	0.895409611878479	-4.35910690917792	MRPL42	no	no	no
0.238874102186729	6.49078894116002	1.53248208907036	0.13275681564845	0.895409611878479	-4.35912634919058	RETN	no	no	no
0.232240352054576	8.16369686779007	1.53221886350797	0.132821641260225	0.895409611878479	-4.35935744385769	TRAPPC2L	no	no	no
-0.295470931422205	10.3759596018971	-1.5319530623058	0.132887126929221	0.895409611878479	-4.35959076538445	CTDSP2	no	no	no
0.274597894861839	8.33243850303083	1.53186030414828	0.132909985925926	0.895409611878479	-4.35967218079212	TESK2	no	no	no
0.390382169984908	7.26252130412905	1.5313755756773	0.133029491990475	0.895409611878479	-4.36009756673553	GJA8	no	no	no
0.331221283654427	11.0097393604388	1.5309320345757	0.133138919062358	0.895409611878479	-4.36048670694606	WDR82	no	no	no
-0.415098394139442	9.52784738444993	-1.53072785061021	0.133189318010055	0.895409611878479	-4.36066581513371	RALB	no	no	no
0.2739554335649	7.43082959651318	1.52990059150767	0.133393667720324	0.895409611878479	-4.3613912700254	ARMC7	no	no	no
-0.338912562252077	7.2052171776353	-1.52959085088176	0.133470244513353	0.895409611878479	-4.36166280716364	NFYA	no	no	no
0.75874143353716	11.2104550774327	1.52955619500737	0.133478814632578	0.895409611878479	-4.36169318565305	HTRA1	no	no	no
0.224432324122614	7.47138380305373	1.52945632259489	0.133503514743321	0.895409611878479	-4.36178072807215	GNB3	no	no	no
-0.727224764820861	7.96880818306069	-1.52923335446269	0.133558671687444	0.895409611878479	-4.3619761515114	SLC19A2	no	no	no
-0.386026794119219	12.4873462157208	-1.52838174022633	0.133769508557262	0.895409611878479	-4.36272233636283	HSP90AB1	no	no	no
-0.29812604237688	7.9174873833924	-1.52788460546048	0.133892708975595	0.895409611878479	-4.36315776197643	EXOSC2	no	no	no
-0.503389083620132	8.85278149871062	-1.52759411832304	0.13396473982757	0.895409611878479	-4.36341213503797	DDX11	no	no	no
-0.360026990609682	7.58990896149342	-1.5274040936483	0.134011876218785	0.895409611878479	-4.36357851301969	ZNF74	no	no	no
-0.59622722829104	9.72625551533777	-1.52712526613853	0.134081064551728	0.895409611878479	-4.36382261118867	GSDMD	no	no	no
0.392073607391874	8.85747272905623	1.5269020727534	0.134136468425617	0.895409611878479	-4.3640179772976	ATXN2	no	no	no
-0.408832072324762	7.77539028258591	-1.52551880076122	0.134480250553392	0.895409611878479	-4.36522824157749	HLA-DOB	no	no	no
0.283560036756642	7.25178494098225	1.52500870144868	0.13460720246899	0.895409611878479	-4.36567430545599	CC2D1A	no	no	no
-0.246567578822762	7.08348175442128	-1.52468085426622	0.134688846665815	0.895409611878479	-4.36596092894724	SRGAP3	no	no	no
0.566174235571483	8.45817115223233	1.52422138045743	0.1348033366891	0.895409611878479	-4.36636253959803	VPS37B	no	no	no
-0.393275131212094	8.71166249529757	-1.52407281008783	0.1348403735734	0.895409611878479	-4.3664923778344	IVNS1ABP	no	no	no
0.307714222371835	8.56231599712815	1.52404502031813	0.134847302147173	0.895409611878479	-4.36651666259732	PRMT1	no	no	no
-0.422332310964039	7.27417479034858	-1.5226692902606	0.135190656816679	0.895409611878479	-4.36771840423252	DOK4	no	no	no
-0.494899293724089	9.42983648344444	-1.52264916582562	0.135195684657562	0.895409611878479	-4.3677359766447	CNOT6	no	no	no
-0.321158524491286	7.30464409107987	-1.52225759673116	0.135293543118141	0.895409611878479	-4.36807785048704	IPO9	no	no	no
-0.424034550637305	9.85266563051747	-1.52222165011584	0.135302529506324	0.895409611878479	-4.36810923123656	AMD1	no	no	no
-0.385284029436769	8.97058029948755	-1.52213818975521	0.135323395820665	0.895409611878479	-4.36818208818804	EDEM1	no	no	no
0.270052070561183	6.73269979693436	1.52211428806088	0.135329372068891	0.895409611878479	-4.36820295260847	SARM1	no	no	no
-0.322330627399055	8.06751494688121	-1.52136098565418	0.135517831846029	0.895409611878479	-4.36886038656925	SAR1B	no	no	no
0.368143915844601	7.38798423071406	1.52085311016955	0.135645009581114	0.895409611878479	-4.36930347053872	TRMT1	no	no	no
0.266711379434939	8.1512050574202	1.51994509192759	0.135872625375843	0.895409611878479	-4.37009533413051	LLGL1	no	no	no
0.33663328194436	11.3832958018376	1.51954878880478	0.135972063593549	0.895409611878479	-4.37044081487842	HADHB	no	no	no
-0.442651107739068	12.7576717838142	-1.51728328805969	0.136541627898735	0.895409611878479	-4.3724143046314	HSPB1	no	no	no
-0.293269643544725	9.266994304408	-1.51727656121028	0.136543321914411	0.895409611878479	-4.37242016067202	PRDX3	no	no	no
-0.348039852247093	11.3444754870878	-1.5160683953728	0.136847845518702	0.895409611878479	-4.37347156559149	HSPE1	no	no	no
0.341021769252789	10.1910023202282	1.51601093639596	0.136862341813169	0.895409611878479	-4.3735215513317	OAZ2	no	no	no
0.441865031982479	7.37042609966547	1.51500843685044	0.137115459313396	0.895409611878479	-4.37439340251147	CAB39L	no	no	no
0.368314411623059	9.2056014260357	1.51307077738356	0.137605751383438	0.895409611878479	-4.3760771406034	IRF2BP1	no	no	no
-0.324706912742307	13.4169370410985	-1.51206042003341	0.137861959808038	0.895409611878479	-4.37695436274027	HLA-A	no	no	no
0.219487618205999	7.28214816971539	1.51110224382699	0.138105287595244	0.895409611878479	-4.37778581560165	UBE3B	no	no	no
-0.439934844865468	10.5979693940819	-1.51089354507987	0.138158331829507	0.895409611878479	-4.37796685302231	LYPLA1	no	no	no
-0.62397055207909	7.63321739651263	-1.51081479854339	0.138178350785745	0.895409611878479	-4.37803515677307	RPAP3	no	no	no
-0.417276782358539	7.36412734649349	-1.51027085055197	0.138316696534713	0.895409611878479	-4.37850688701799	CDCP1	no	no	no
0.681648463007585	11.7201709827209	1.50952855147598	0.138505668423892	0.895409611878479	-4.37915039904723	ODC1	no	no	no
0.308815397437417	8.33223147661958	1.50882211776792	0.138685701009972	0.895409611878479	-4.37976256677192	ZNF324	no	no	no
-0.584016465792357	11.0933716218295	-1.50674286157323	0.13921667651091	0.895409611878479	-4.38156294191798	ITGAV	no	no	no
-0.461269832234881	9.56321120974807	-1.50632978703794	0.139322355218009	0.895409611878479	-4.38192035900764	XPC	no	no	no
0.4156503764527	8.38778916201983	1.5060693595646	0.139389014398385	0.895409611878479	-4.38214565339181	TFDP2	no	no	no
-0.271348549872533	8.27246481888671	-1.50563638033785	0.139499896289363	0.895409611878479	-4.3825201473524	MADD	no	no	no
-0.315990264430192	8.40429691637909	-1.50542528165239	0.139553982151675	0.895409611878479	-4.38270269807552	LTBP3	no	no	no
-0.512239116494942	9.08944774742084	-1.50531261237981	0.139582856127482	0.895409611878479	-4.38280012150916	WEE1	no	no	no
-0.252029152766386	7.71203700204574	-1.50493608141085	0.13967938499588	0.895409611878479	-4.383125656789	USB1	no	no	no
-0.395796769725627	7.88980326398702	-1.50480575559004	0.139712808191957	0.895409611878479	-4.38323831557013	ING1	no	no	no
0.350522107246008	8.36944738412016	1.50451260608877	0.13978801223041	0.895409611878479	-4.3834916949535	TRAK1	no	no	no
0.250553876148007	7.41125804178994	1.50386199281414	0.139955034585877	0.895409611878479	-4.38405389137575	SCN1B	no	no	no
0.416676570280594	7.740014643344	1.50363734104803	0.140012743029303	0.895409611878479	-4.38424796498582	MRAS	no	no	no
-0.686147965273004	7.8212039109341	-1.50272301226278	0.140247810961516	0.895409611878479	-4.38503758431297	CFAP45	no	no	no
-0.561001406130345	10.3518228095829	-1.50258094329719	0.140284364155402	0.895409611878479	-4.3851602388197	PPP4R1	no	no	no
0.509198726581981	7.62366440471554	1.50211144546371	0.140405216109264	0.895409611878479	-4.38556550649675	ABCA3	no	no	no
0.374533345603514	6.80480719246418	1.50203317846327	0.140425370629767	0.895409611878479	-4.38563305551653	GCK	no	no	no
-0.486031214970365	8.23275789815078	-1.5016633053102	0.140520647762998	0.895409611878479	-4.38595223687178	DNMT3A	no	no	no
0.530353809035562	8.39776824225456	1.50086150803118	0.140727362702115	0.895409611878479	-4.38664391447952	RBKS	no	no	no
-0.614542073773607	9.37739422118378	-1.50075195391148	0.14075562612652	0.895409611878479	-4.38673839767609	CBFB	no	no	no
0.220803330211786	9.670889756084	1.49996145655598	0.140959697289033	0.895409611878479	-4.38741997380028	SPG21	no	no	no
-0.336612045270443	8.19695136323931	-1.49878960053787	0.141262651432281	0.895409611878479	-4.38842979397034	RO60	no	no	no
0.295108144829689	6.70889039985806	1.49870842132227	0.141283657466163	0.895409611878479	-4.38849972318117	SERPINF2	no	no	no
-0.372742550287734	7.217482212789	-1.4977503145485	0.14153176615589	0.895409611878479	-4.38932480728292	FNBP4	no	no	no
0.327861939655832	8.64874956016193	1.4969929127449	0.141728146021646	0.895409611878479	-4.38997673104643	SMIM27	no	no	no
-0.408728062907656	10.197691259056	-1.4957619544701	0.142047772308275	0.895409611878479	-4.39103565741387	PARN	no	no	no
0.415400357160668	8.41681924283702	1.49553692418157	0.142106264796272	0.895409611878479	-4.39122915771415	TBC1D17	no	no	no
0.488351384324436	10.3067173393934	1.49436269568382	0.142411794644367	0.895409611878479	-4.39223845355244	ECH1	no	no	no
0.424644671507277	7.55582974608271	1.49424860185614	0.142441509240387	0.895409611878479	-4.39233648535502	AUNIP	no	no	no
-0.426095001124335	10.8860356993137	-1.49387594071958	0.142538599441112	0.895409611878479	-4.39265663872436	PITPNB	no	no	no
0.17288052015834	7.48160539420116	1.49387475017604	0.14253890970022	0.895409611878479	-4.3926576614108	PLCB2	no	no	no
0.32495717210224	8.14540404911941	1.49341390141348	0.142659048548238	0.895409611878479	-4.39305348151221	OVOL2	no	no	no
0.205941401250744	6.53469884371359	1.49305905124647	0.142751609402826	0.895409611878479	-4.39335818846957	ITIH4	no	no	no
0.324052193111673	7.13435862932361	1.49272842169642	0.142837895373259	0.895409611878479	-4.39364204129686	RAB11FIP3	no	no	no
-0.517997990666501	7.53906640825173	-1.49263841729417	0.142861391425822	0.895409611878479	-4.39371930271029	TSEN2	no	no	no
-0.300613123585201	9.25590523862576	-1.49247446891972	0.142904198775114	0.895409611878479	-4.39386002866813	CORO1B	no	no	no
-0.356378473319358	6.9612015780475	-1.49181131063951	0.143077455124768	0.895409611878479	-4.39442911833941	RNGTT	no	no	no
0.340360085149963	7.44915918779848	1.49073787843664	0.143358253002494	0.895409611878479	-4.39534982334515	MACO1	no	no	no
0.247424614572895	6.95919438989446	1.48924855718805	0.143748567463847	0.895409611878479	-4.39662629981332	ZNF443	no	no	no
0.271718315484497	7.55251813355043	1.48824902719464	0.144010992473173	0.895409611878479	-4.39748236676427	ARHGEF1	no	no	no
-0.434043956922215	8.11845817594265	-1.48794891118826	0.144089861639689	0.895409611878479	-4.39773931031805	BMPR2	no	no	no
0.198028950343944	6.67244082616147	1.48757717283315	0.144187600370023	0.895409611878479	-4.3980575112648	SLC9A5	no	no	no
-0.280071528059636	6.87784186835068	-1.48726698825747	0.1442691954299	0.895409611878479	-4.39832297092142	CIITA	no	no	no
0.202723453243553	7.52737013697238	1.48694068789913	0.144355069341134	0.895409611878479	-4.39860217117455	FBXO42	no	no	no
-0.313218820865981	10.223423896141	-1.48630169047013	0.144523354608547	0.895409611878479	-4.39914877904984	TMEM109	no	no	no
-0.506236466231877	9.02043281632418	-1.48628401950991	0.144528010613077	0.895409611878479	-4.39916389217411	MRPS14	no	no	no
0.181964547446272	13.6736705766862	1.48565517604968	0.144693777904256	0.895409611878479	-4.39970161099268	RPL13A	no	no	no
0.243826793536756	7.94586497870034	1.48491781083021	0.144888344316696	0.895409611878479	-4.40033187602342	COPB2	no	no	no
-0.303424015410812	9.2169406155611	-1.48469938699095	0.144946018999746	0.895409611878479	-4.40051852264065	POLR2C	no	no	no
-0.324335601778289	7.59444291326129	-1.48454360639497	0.144987163894767	0.895409611878479	-4.40065162515676	TPGS2	no	no	no
0.500159064152112	9.26618205531305	1.48431174041913	0.145048421673483	0.895409611878479	-4.40084971446859	ENY2	no	no	no
-0.488090344864984	9.95328827019843	-1.48335193427666	0.145302215792524	0.895409611878479	-4.40166941875918	KIFAP3	no	no	no
-0.223759112717162	9.04687009589606	-1.48280345108909	0.145447404969986	0.895409611878479	-4.40213763515494	C5orf15	no	no	no
0.183590791066613	7.40521903976531	1.48247345687835	0.145534813251041	0.895409611878479	-4.40241926499778	SFTPC	no	no	no
0.403383136599011	8.8251667184124	1.48218878192931	0.145610250895555	0.895409611878479	-4.40266217418963	POU5F1	no	no	no
0.361350586892141	7.72396308847946	1.48208396614114	0.1456380344369	0.895409611878479	-4.40275160191507	USP48	no	no	no
0.315514210525133	6.71290752944612	1.48184836011839	0.145700501908834	0.895409611878479	-4.40295259857684	PLAAT2	no	no	no
-0.392974880650326	6.96307068787146	-1.481158725148	0.145883470533621	0.895409611878479	-4.40354077114158	GATA2	no	no	no
-0.448850743378132	10.2066802166803	-1.48021764592856	0.146133444108484	0.895409611878479	-4.4043430131513	GDE1	no	no	no
-0.274346826899405	8.61355170889341	-1.4790149853899	0.146453393868417	0.895409611878479	-4.40536760498139	CARHSP1	no	no	no
0.227533678171225	8.23701015396724	1.47891594367454	0.146479767136635	0.895409611878479	-4.40545195031701	NENF	no	no	no
0.306667818062353	6.80413567388991	1.47890440723552	0.146482839355475	0.895409611878479	-4.4054617745958	ACAP1	no	no	no
0.486771850725347	7.74758933269741	1.47888976901498	0.146486737669706	0.895409611878479	-4.40547424021546	CLDN5	no	no	no
-0.571897295300234	7.3259464958457	-1.4782842271063	0.146648071953088	0.895409611878479	-4.40598981442057	PLCB1	no	no	no
-1.57414546881778	10.3544352397176	-1.47814080268213	0.146686305067373	0.895409611878479	-4.40611190302491	LYPD1	no	no	no
-0.472752909538347	9.55708347824646	-1.47811834918284	0.14669229128409	0.895409611878479	-4.40613101541548	POM121C	no	no	no
-0.373910219301368	8.05833375570799	-1.47806124143336	0.146707517371269	0.895409611878479	-4.40617962433119	SLC22A18AS	no	no	no
0.377954793691861	8.85588627366719	1.47800380628536	0.146722832011777	0.895409611878479	-4.40622851028634	ATRN	no	no	no
0.235294006209997	13.6346707490097	1.47783240782755	0.14676854161822	0.895409611878479	-4.40637438642046	RPLP0	no	no	no
0.279906604655088	8.66490317866605	1.47744141752861	0.146872855541332	0.895409611878479	-4.40670710110725	SNX1	no	no	no
0.274829295473635	9.9454879540303	1.4759408619418	0.147273740013848	0.895409611878479	-4.4079832988689	SON	no	no	no
0.454241998559963	9.24979991541402	1.47487505520575	0.147559003781636	0.895409611878479	-4.40888906960856	SUPV3L1	no	no	no
0.434376794185318	9.96848584707861	1.47462753115846	0.1476253162525	0.895409611878479	-4.40909934585684	AKR7A2	no	no	no
0.423506741082839	9.39230484315683	1.47457480354479	0.147639445192017	0.895409611878479	-4.40914413499898	EIF2B2	no	no	no
0.447566471257788	8.97952475287168	1.47421788223435	0.147735114288403	0.895409611878479	-4.40944728319431	ANKRD46	no	no	no
0.381196792114497	11.8939570192507	1.47349678469245	0.14792854672359	0.895409611878479	-4.41005954803729	SPCS1	no	no	no
1.52697479336839	9.38461191706139	1.47326695596468	0.147990239732943	0.895409611878479	-4.41025463513275	GLDC	no	no	no
0.263410046630035	7.03719566261078	1.47323523611621	0.14799875590143	0.895409611878479	-4.41028155804419	CCDC85B	no	no	no
0.352841588453197	10.0998392365009	1.47316296302548	0.148018161282323	0.895409611878479	-4.41034289953131	PTPRF	no	no	no
0.418150253030541	6.80947739675579	1.47188156968453	0.148362550648048	0.895409611878479	-4.41143004499022	LGR4	no	no	no
0.20760722744443	7.18342609786676	1.47166556470048	0.148420666856103	0.895409611878479	-4.41161322499352	MUC5AC	no	no	no
0.243649126893517	6.85672521169637	1.47151080395013	0.148462316351148	0.895409611878479	-4.41174445339167	BRF1	no	no	no
0.245219394052051	8.43131521372018	1.47003341716614	0.148860378687447	0.895409611878479	-4.412996593532	MAP3K10	no	no	no
-0.400366027834147	9.55758001095353	-1.46984883097129	0.148910172225712	0.895409611878479	-4.41315296075606	KANSL2	no	no	no
-0.320165084235338	8.12668817096138	-1.4697622516447	0.148933532196297	0.895409611878479	-4.41322629825104	POLD3	no	no	no
-0.41083126517562	8.79159867711677	-1.46958403856691	0.14898162498809	0.895409611878479	-4.41337724286022	NUP42	no	no	no
-0.341537739997004	8.37433518565056	-1.46911302583727	0.149108792125758	0.895409611878479	-4.41377610950096	VARS1	no	no	no
-0.38465634780147	6.61326873132467	-1.4690819072142	0.149117196757566	0.895409611878479	-4.41380245771966	TOR4A	no	no	no
0.22475716211288	7.17493893920003	1.46832671488473	0.14932127666893	0.895409611878479	-4.41444173301034	NOTCH4	no	no	no
-0.271850736034901	8.50778456299734	-1.46822916534626	0.149347654119972	0.895409611878479	-4.41452428860271	CDC42SE1	no	no	no
-0.391832163860368	7.47410533642244	-1.46717530153944	0.149632854258882	0.895409611878479	-4.41541586472108	DLG1	no	no	no
0.23824199788555	7.16649607017152	1.46679396826238	0.149736157870051	0.895409611878479	-4.41573833885785	SLC29A2	no	no	no
0.313363200150329	7.68488999207827	1.46670598642856	0.149760000242429	0.895409611878479	-4.41581273031727	ACTR6	no	no	no
0.38369483296035	9.32419389108824	1.46511463092329	0.150191762590102	0.895409611878479	-4.4171576057583	RNF10	no	no	no
-0.285150488071537	9.89846010485387	-1.4650519691214	0.150208783912893	0.895409611878479	-4.41721053621222	SRSF7	no	no	no
0.257082682327717	7.56462481074296	1.46468990440072	0.15030716425085	0.895409611878479	-4.41751633408073	SLC66A2	no	no	no
0.645167422377035	7.70578314032833	1.46448057118288	0.150364067538614	0.895409611878479	-4.41769310591353	KIF5C	no	no	no
0.329476995612001	7.72809855667944	1.4637350820473	0.150566852819519	0.895409611878479	-4.41832245796985	PGS1	no	no	no
0.931986884820256	10.3146135979884	1.46365594137595	0.150588393047827	0.895409611878479	-4.41838925330969	TAGLN	no	no	no
0.446158822856635	6.60233157564301	1.46270575895545	0.150847200262523	0.895409611878479	-4.41919097046101	CCL21	no	no	no
-0.352476192843056	9.243454531532	-1.46139477823545	0.151204856389676	0.895409611878479	-4.42029637122241	RBM8A	no	no	no
-0.482240986872725	8.68928413015013	-1.46091954317788	0.151334673038792	0.895409611878479	-4.42069687080076	CHD1	no	no	no
0.363968403124891	11.8972612910297	1.46080862839143	0.151364983506236	0.895409611878479	-4.42079032688273	NPTN	no	no	no
0.262737102769985	8.97843005403318	1.46043537330383	0.151467020729135	0.895409611878479	-4.42110478405372	RNF103	no	no	no
0.345582673953272	7.16587842236133	1.46024061927539	0.151520282418929	0.895409611878479	-4.42126883133883	ABCB6	no	no	no
-0.404967792685024	7.52491679266051	-1.46019435832873	0.151532936118127	0.895409611878479	-4.42130779556548	EXPH5	no	no	no
0.372683171040448	10.3637274995083	1.46018700338231	0.151534947984242	0.895409611878479	-4.4213139903207	ASH2L	no	no	no
-0.258144268205444	9.02084347431531	-1.46006375932141	0.151568663198934	0.895409611878479	-4.42141778947342	RBMX	no	no	no
0.394423954831575	8.97046814493122	1.46001689459135	0.151581485283155	0.895409611878479	-4.42145725809942	MRPL2	no	no	no
-0.288664512802176	7.04879556204029	-1.4596802767575	0.151673608297975	0.895409611878479	-4.42174071927619	TRAPPC2	no	no	no
-0.371083190382528	6.97927701225494	-1.45954595881972	0.151710379731085	0.895409611878479	-4.42185381072693	TOP3B	no	no	no
0.362726115439367	7.53117650562492	1.45914421856547	0.151820403752023	0.895409611878479	-4.42219200947405	TCEA2	no	no	no
0.263661168048063	7.6898334980111	1.45820352744302	0.152078275554156	0.895409611878479	-4.42298359989984	HNF1B	no	no	no
-0.615559538883334	7.97877779948439	-1.45774497507933	0.152204103680073	0.895409611878479	-4.42336931072996	CORO2A	no	no	no
-0.551704102530173	10.1133259994568	-1.45708006769413	0.152386701954564	0.895409611878479	-4.42392841006135	DNMT1	no	no	no
0.283466787735631	8.21128510469016	1.45616888884128	0.15263721211861	0.895409611878479	-4.42469423198324	TPCN1	no	no	no
0.490895951421606	7.17987725378814	1.45522597380082	0.152896788957504	0.895409611878479	-4.42548628995112	RAB40B	no	no	no
0.472276486891104	9.40532577342193	1.45493626729374	0.152976612586817	0.895409611878479	-4.42572955692536	ISOC2	no	no	no
-0.548243038785526	8.59325830523667	-1.45462459082869	0.153062526303359	0.895409611878479	-4.42599122519433	PKD2	no	no	no
0.441377897318094	7.85029373262755	1.45458082819154	0.153074592529735	0.895409611878479	-4.42602796226417	ASPSCR1	no	no	no
-0.292710839813914	8.15871915395422	-1.45448881479464	0.153099964890002	0.895409611878479	-4.42610520088507	RANBP1	no	no	no
-0.469603227760045	9.97285453910219	-1.45408688292342	0.15321083497518	0.895409611878479	-4.42644254405249	LETMD1	no	no	no
-0.429651438512872	9.61478867022221	-1.45396371242278	0.153244823345224	0.895409611878479	-4.42654590539867	SCARB2	no	no	no
0.388613129403558	9.89782492641412	1.45335946461661	0.15341164893751	0.895409611878479	-4.4270528637397	ZNF410	no	no	no
-0.504738886045392	8.1637904199305	-1.45219043315985	0.153734810387871	0.895409611878479	-4.42803315126578	MCM4	no	no	no
-0.516632861031479	7.44275240774461	-1.45183819128771	0.153832287408678	0.895409611878479	-4.42832838833353	NACC2	no	no	no
-0.307242119873211	9.80582957968073	-1.45159228187168	0.153900367535051	0.895409611878479	-4.42853446433379	TCTN3	no	no	no
-0.373643411186086	8.25224725651038	-1.45124637554425	0.153996171977936	0.895409611878479	-4.42882428805045	SLC30A5	no	no	no
-0.358348234791344	8.47409534271846	-1.45109208505696	0.154038920395812	0.895409611878479	-4.42895354372057	ZNF148	no	no	no
0.244206636377723	8.00622707806708	1.45103774760786	0.154053977597363	0.895409611878479	-4.42899906166065	LYL1	no	no	no
-0.33057096616995	11.1672913257694	-1.45051301403066	0.154199443710755	0.895409611878479	-4.4294385496152	TCEAL9	no	no	no
-0.39187740834533	7.04500072700146	-1.45041133055455	0.154227644796594	0.895409611878479	-4.42952369813494	TTC12	no	no	no
0.489239823402001	10.0370319058787	1.4499255797041	0.154362419839717	0.895409611878479	-4.42993038854152	HOOK2	no	no	no
0.313701208470191	9.06868915281534	1.44917578270905	0.154570638219589	0.895409611878479	-4.430557916937	SNX27	no	no	no
0.402179626587598	9.39874311364216	1.4489721382607	0.154627228343463	0.895409611878479	-4.43072830462794	MRPL34	no	no	no
0.561024160874356	7.17071028205952	1.44874178218666	0.154691260915982	0.895409611878479	-4.43092101665883	CGREF1	no	no	no
0.382869566698951	7.39128758569555	1.44855016583503	0.15474454080987	0.895409611878479	-4.43108129941416	ALDH4A1	no	no	no
-0.347350703534476	8.79523873636233	-1.44839940285215	0.154786471360798	0.895409611878479	-4.43120739630535	UBXN4	no	no	no
0.331042790701832	8.09423304814051	1.4483729787966	0.15479382140055	0.895409611878479	-4.4312294959892	MMP19	no	no	no
0.267335802235545	7.21896524302575	1.44835780297079	0.15479804278894	0.895409611878479	-4.43124218808974	PADI3	no	no	no
-0.513474830952171	7.8130960642449	-1.44694021927323	0.155192764701082	0.895409611878479	-4.43242725603338	MALT1	no	no	no
0.375263460625182	7.51655167088527	1.44576181041811	0.155521490919773	0.895409611878479	-4.43341161181254	NACAD	no	no	no
-0.312803344097789	10.8783454411992	-1.4457425875091	0.155526857830356	0.895409611878479	-4.43342766343524	PSMD2	no	no	no
-0.349928392902523	6.861176139449	-1.44537988253535	0.155628149970994	0.895409611878479	-4.43373049663905	COPA	no	no	no
-0.48439528790031	9.23114292286301	-1.44531943289561	0.155645036700634	0.895409611878479	-4.43378096142714	ANKMY2	no	no	no
0.431616693357058	8.35037222690748	1.44502471384131	0.15572738768838	0.895409611878479	-4.43402697358808	CGRRF1	no	no	no
-0.3210647225944	7.20993063369371	-1.44410905597001	0.155983461052015	0.895409611878479	-4.43479102660037	ZNF236	no	no	no
0.266341138248878	8.40159833497296	1.44394518537631	0.156029324063267	0.895409611878479	-4.43492772083855	SYF2	no	no	no
-0.405465969404217	8.85834343883879	-1.44364035420047	0.156114666360601	0.895409611878479	-4.43518196283411	PPP1R26	no	no	no
0.42033436861367	9.12314700136503	1.44282139392652	0.156344128772377	0.895409611878479	-4.43586477896688	ERI3	no	no	no
0.337279608648762	7.82728617295096	1.44231249161621	0.156486850192587	0.895409611878479	-4.43628891152422	NAA80	no	no	no
0.555839131762862	10.2366188438771	1.44216674631616	0.15652774323303	0.895409611878479	-4.43641035552041	GAK	no	no	no
0.317491632098167	7.8186128391326	1.44175655016107	0.156642880611981	0.895409611878479	-4.43675209903296	EVA1B	no	no	no
0.3352906507152	7.07122422609553	1.44163870924487	0.15667596950303	0.895409611878479	-4.4368502592805	TNXB	no	no	no
-0.534028092936743	7.92562495989046	-1.44159306189585	0.156688788428246	0.895409611878479	-4.43688828116859	CERS6	no	no	no
0.321251001263743	6.91811630802426	1.440390760669	0.157026721409325	0.895409611878479	-4.4378893590764	SCARB1	no	no	no
-0.303679338304488	9.06212657044804	-1.43983524481902	0.157183054323355	0.895409611878479	-4.43835165551998	AKIP1	no	no	no
-0.35602534886178	8.50517680913602	-1.43941402416032	0.157301675361427	0.895409611878479	-4.43870208901386	TLE1	no	no	no
0.261568689998305	8.79986487949474	1.4393875907697	0.157309121678363	0.895409611878479	-4.43872407723352	IP6K1	no	no	no
0.195717052825366	7.15063017752702	1.4391464687789	0.157377058792255	0.895409611878479	-4.43892463472663	PSEN1	no	no	no
0.190393859565159	6.78807367711685	1.43709595066321	0.15795573128033	0.895409611878479	-4.44062900785802	CELA3B	no	no	no
0.329518382365268	6.53420033074345	1.43676393916736	0.158049584314756	0.895409611878479	-4.44090477400298	ABCB9	no	no	no
0.231239032187584	7.77344357740492	1.4367152520317	0.158063350873234	0.895409611878479	-4.44094520849272	MAPK8IP2	no	no	no
0.292136077160375	8.75146475520014	1.43616165206321	0.158219950475304	0.895409611878479	-4.44140488736419	ENGASE	no	no	no
-0.302129402956327	8.13246198476344	-1.43557463888524	0.158386134678337	0.895409611878479	-4.4418921422296	EMID1	no	no	no
0.421307038034335	7.81494355122289	1.43528295191792	0.158468762511842	0.895409611878479	-4.44213419476364	CLIP3	no	no	no
0.418606213204378	8.51536958232225	1.43524765887886	0.158478762463548	0.895409611878479	-4.44216347931603	NR1H2	no	no	no
0.501218830587283	9.62691071639632	1.43425095830419	0.158761372488676	0.895409611878479	-4.44299023701197	MCCC1	no	no	no
-1.00569903830581	8.57225062467546	-1.43409490591401	0.158805656185758	0.895409611878479	-4.44311963632932	DNALI1	no	no	no
-0.490797377062501	7.11258540473964	-1.43292432607763	0.159138145619918	0.895409611878479	-4.44408989513516	WHRN	no	no	no
0.431617917449174	7.61621601779595	1.43273911969854	0.159190801242361	0.895409611878479	-4.44424334395191	SEMA3B	no	no	no
-0.421723085370901	9.7734502442214	-1.43221580663678	0.15933965700057	0.895409611878479	-4.44467683048841	ZNF12	no	no	no
0.196964718245863	7.55244634151863	1.43205734405058	0.159384752985701	0.895409611878479	-4.44480806580376	NCOR2	no	no	no
-0.668449241180481	11.1892234335408	-1.43194753596546	0.159416008520047	0.895409611878479	-4.44489899908297	PTTG1	no	no	no
0.260632435552971	9.45497840816129	1.4319472981149	0.159416076226524	0.895409611878479	-4.44489919604304	PRKAR2A	no	no	no
-0.402329665611729	7.32449135037419	-1.43170310791224	0.159485599223537	0.895409611878479	-4.44510139081805	SNX13	no	no	no
-0.824624800694148	8.89483568624812	-1.43158094568835	0.159520388741659	0.895409611878479	-4.44520253250782	BTN3A2	no	no	no
0.352445610356047	8.42043149094537	1.43129511083644	0.159601812384503	0.895409611878479	-4.4454391541827	APEH	no	no	no
-0.318018334779192	9.05601760278638	-1.43042748165416	0.159849166762638	0.895409611878479	-4.44615714843114	EOLA1	no	no	no
0.476531644375421	7.41902239925418	1.42943676863954	0.160131978274629	0.895409611878479	-4.44697653488765	CADM3	no	no	no
0.275294542826043	12.8821962941268	1.4289663968907	0.160266388850568	0.895409611878479	-4.44736539076419	EEF2	no	no	no
0.293657070004124	7.82405223315233	1.42872695637694	0.160334843821601	0.895409611878479	-4.44756329315155	MRPS31	no	no	no
0.483847832860102	7.01667513612795	1.42830155375069	0.160456520962436	0.895409611878479	-4.44791482562873	DIPK1A	no	no	no
-0.3785193211141	7.80015717792741	-1.42762445477753	0.160650339357997	0.895409611878479	-4.44847415969834	MSANTD2	no	no	no
-0.696623010381411	8.63368435834295	-1.42738859031628	0.160717898143654	0.895409611878479	-4.44866894695163	HSF1	no	no	no
0.25745341154311	8.48385129856881	1.42711798658512	0.160795434690969	0.895409611878479	-4.44889238884686	GRWD1	no	no	no
-0.287479766234866	10.5021449269553	-1.42683874338403	0.160875477393451	0.895409611878479	-4.44912292575377	HSPA5	no	no	no
0.20129228314569	7.4341778685254	1.42571972416779	0.161196547500989	0.895409611878479	-4.45004636801519	TMEM94	no	no	no
0.462277759932613	7.60657462611294	1.42515167822341	0.161359723431704	0.895409611878479	-4.45051489166693	LMO4	no	no	no
-0.522946220215911	8.23776989199608	-1.42498276091444	0.161408271239374	0.895409611878479	-4.45065418304739	APOBEC3G	no	no	no
-0.83055449305996	8.40868928229332	-1.42476544950666	0.161470744584285	0.895409611878479	-4.45083335963334	ETV4	no	no	no
-0.453617817689484	8.79153390374869	-1.42392071008746	0.161713772416679	0.895409611878479	-4.45152963370803	PCGF2	no	no	no
-0.649869163514417	9.97531046730591	-1.42365174657971	0.161791212016759	0.895409611878479	-4.45175125047633	LBR	no	no	no
0.481010472668396	8.47945844214528	1.42328947259265	0.161895563245222	0.895409611878479	-4.45204969414619	KLK8	no	no	no
-0.420997140875246	9.25020275382383	-1.42327638628349	0.161899333675835	0.895409611878479	-4.45206047349224	RB1CC1	no	no	no
0.257445608300146	13.3972239251663	1.42211653748097	0.162233782239236	0.895409611878479	-4.45301551087307	RPL19	no	no	no
-0.455884259186699	8.83370393694174	-1.42159975907839	0.162382971753165	0.895409611878479	-4.45344081526788	ECHDC1	no	no	no
-0.374043584340254	9.16429430142593	-1.42136752737737	0.162450049954298	0.895409611878479	-4.45363189610182	STYXL1	no	no	no
-0.568365744249801	10.011006555936	-1.41971347456913	0.162928435608246	0.895409611878479	-4.45499206636236	DEGS1	no	no	no
-0.30852628620135	7.26358065936691	-1.41928963944228	0.163051194194819	0.895409611878479	-4.45534037426783	TJP2	no	no	no
-0.22141563072554	7.51621263896638	-1.41777346278176	0.163490927190368	0.895409611878479	-4.45658562508896	FAM131A	no	no	no
-1.01177854462762	10.023661538809	-1.41635977116495	0.163901769940228	0.895409611878479	-4.45774565612408	DUSP6	no	no	no
-0.436824165452531	8.51621226238026	-1.41635498267188	0.163903162924923	0.895409611878479	-4.45774958369262	NFATC2IP	no	no	no
-0.57299771852328	10.9497179661061	-1.41623523675454	0.163938000317175	0.895409611878479	-4.45784779668356	PCNA	no	no	no
-0.583666906865523	8.75846032251133	-1.41588198950076	0.164040803346397	0.895409611878479	-4.45813748009222	TYMS	no	no	no
-0.435250219506166	9.88630876300007	-1.41563585899651	0.164112462671458	0.895409611878479	-4.4583392841608	LEMD3	no	no	no
0.455806997845488	11.9958572296549	1.4155872706263	0.164126611750537	0.895409611878479	-4.45837911847007	VDAC2	no	no	no
-0.220868289277699	7.69816614819725	-1.41547778214269	0.164158498612819	0.895409611878479	-4.4584688762706	NCSTN	no	no	no
-0.81063964032376	10.9831264196982	-1.41488382585806	0.164331563591528	0.895409611878479	-4.45895569120396	HLA-DMB	no	no	no
-0.459518519908099	13.352831635328	-1.4133220967819	0.164787293838671	0.895409611878479	-4.46023485388562	HLA-B	no	no	no
-0.313306460086728	10.6958171669965	-1.41316562025771	0.164833009710213	0.895409611878479	-4.4603629507437	HNRNPH2	no	no	no
0.343647899585674	10.5413142641802	1.4131464734494	0.164838604282599	0.895409611878479	-4.46037862410248	ARF6	no	no	no
0.23932624915452	6.60724871761943	1.41279797082167	0.164940460341884	0.895409611878479	-4.46066387191924	GPR4	no	no	no
-0.591229149933375	7.99554120985063	-1.41174585319318	0.165248257937914	0.895409611878479	-4.46152465206887	LPGAT1	no	no	no
-0.379390088013117	7.10249862383587	-1.41048752210849	0.165616970921185	0.895409611878479	-4.46255340705509	HIC2	no	no	no
0.297577504946066	7.4737372640765	1.41024338338946	0.165688582003203	0.895409611878479	-4.4627529109291	NGDN	no	no	no
-0.346953854127469	11.1015166551293	-1.41008648390824	0.165734616689066	0.895409611878479	-4.46288110919251	RBX1	no	no	no
0.265576489001435	7.30346260854626	1.40980761453391	0.165816462222886	0.895409611878479	-4.4631089349005	MIA	no	no	no
0.261176145324806	6.82799612267258	1.40963412623718	0.165867395284158	0.895409611878479	-4.46325064836439	NT5M	no	no	no
-0.42106698219005	9.37067098967179	-1.40951226315802	0.165903179389191	0.895409611878479	-4.46335018277722	DNAJB6	no	no	no
-0.457480581487248	11.2318159081421	-1.40906905754375	0.166033373819078	0.895409611878479	-4.46371211743117	RAP1B	no	no	no
-0.352228528364236	9.13608430313665	-1.408973243126	0.166061530361434	0.895409611878479	-4.4637903491869	NAGA	no	no	no
-0.348187799407461	9.62061851201515	-1.40891523832685	0.166078577771653	0.895409611878479	-4.46383770740894	CACYBP	no	no	no
0.501337229168554	10.2386138674357	1.40878844547259	0.166115846498553	0.895409611878479	-4.46394122193772	POP5	no	no	no
-0.259344647111339	8.07882731764703	-1.40872943433315	0.166133194097417	0.895409611878479	-4.46398939624323	PATZ1	no	no	no
0.218285534328348	8.31273506583408	1.40835630139774	0.166242917240853	0.895409611878479	-4.46429396596925	MPRIP	no	no	no
0.18676938244269	7.93089194148755	1.40799097827473	0.166350398488149	0.895409611878479	-4.46459209250638	NXPH3	no	no	no
0.281727564909763	10.2213545635978	1.40741095973588	0.166521156110486	0.895409611878479	-4.46506528484133	USF2	no	no	no
0.615552893623277	9.62572015577952	1.4072635835671	0.166564565425582	0.895409611878479	-4.46518549047826	ATP6V0E2	no	no	no
0.234904679008879	7.67514492268623	1.40704364510676	0.166629364177451	0.895409611878479	-4.46536486019542	ZNF783	no	no	no
0.375115053228707	6.85526671647931	1.40670672878248	0.166728665248194	0.895409611878479	-4.46563958301996	ESPN	no	no	no
-0.423841543299634	7.47926088472273	-1.40663332642307	0.166750305609127	0.895409611878479	-4.46569942793387	CASP4	no	no	no
0.345647838662158	9.03241410116438	1.40611900531675	0.166901998216734	0.895409611878479	-4.46611867700803	TIMM9	no	no	no
-0.506892605445828	7.65983324848661	-1.40589882591259	0.166966970203448	0.895409611878479	-4.4662981152987	CENPM	no	no	no
-0.642288326360517	9.44026980065878	-1.4058808137508	0.16697228622126	0.895409611878479	-4.46631279347333	UGCG	no	no	no
-0.441922740705953	8.38871324704193	-1.40575957786807	0.167008070589186	0.895409611878479	-4.46641158473965	AP4M1	no	no	no
-0.385013721255501	12.0048795450918	-1.40564051203914	0.167043220244225	0.895409611878479	-4.46650860043523	HNRNPAB	no	no	no
0.509021803437743	11.9025155193812	1.40478775156374	0.167295133569375	0.895409611878479	-4.46720322542658	RPL36AL	no	no	no
-0.329962438371324	8.38330529218841	-1.40346605064128	0.167686160023356	0.895409611878479	-4.46827910100428	MTO1	no	no	no
0.235088332409766	9.01586481833349	1.40333188925609	0.167725891491804	0.895409611878479	-4.4683882598838	RTF2	no	no	no
-0.532732417703202	8.63612181826273	-1.40270388129228	0.167911971387178	0.895409611878479	-4.46889910980383	BCR	no	no	no
0.221024700533892	7.32857605773577	1.4024542904758	0.167985970148763	0.895409611878479	-4.46910208255043	JMJD6	no	no	no
-0.760888545446895	8.6507377980759	-1.40205695938395	0.168103823288952	0.895409611878479	-4.46942513563119	FKBP5	no	no	no
0.342433087638548	7.25821579919572	1.40151163099104	0.168265678811576	0.895409611878479	-4.4698683884201	CRYZL1	no	no	no
0.328899050310532	8.75967121927578	1.40149765672736	0.168269828016709	0.895409611878479	-4.4698797449683	YIPF2	no	no	no
0.400296286434037	9.60089376684972	1.40124555783697	0.168344694276426	0.895409611878479	-4.470084602629	PPP3CB	no	no	no
0.222809203657609	7.87260003577698	1.4012197186913	0.168352369236163	0.895409611878479	-4.47010559790895	FOXN3	no	no	no
0.841862233295696	8.55184581335375	1.4011904425645	0.168361065405422	0.895409611878479	-4.47012938545551	G0S2	no	no	no
0.513008837281019	11.4071401836651	1.40106295453402	0.168398938469992	0.895409611878479	-4.47023296742066	LTA4H	no	no	no
0.40444884667321	9.83948756213468	1.40096782206955	0.168427203929988	0.895409611878479	-4.47031025562803	ARL6IP4	no	no	no
0.797858236406364	8.8843661433114	1.40075129619949	0.168491551162805	0.895409611878479	-4.47048614999398	NDN	no	no	no
0.447971177989811	8.64231039446169	1.40070005266236	0.168506782529778	0.895409611878479	-4.47052777409291	GPC1	no	no	no
0.296632370218784	7.25860928804776	1.39983499392914	0.168764069664328	0.895409611878479	-4.47123024246423	AKAP8L	no	no	no
-0.258131999062194	7.28817023060825	-1.39981864602627	0.168768934819867	0.895409611878479	-4.47124351406664	ADAM19	no	no	no
-1.09347676947944	10.9922214206612	-1.39866543946499	0.169112405472208	0.895409611878479	-4.47217937061836	MXRA5	no	no	no
0.34646375320531	8.5510097527554	1.3986610719199	0.169113707331467	0.895409611878479	-4.47218291370685	LGALS3	no	no	no
-0.520620055184718	9.76316809616796	-1.39859815143567	0.169132463265452	0.895409611878479	-4.47223395568482	PUDP	no	no	no
0.461498567026297	7.92161113744717	1.39830620880989	0.169219509425741	0.895409611878479	-4.47247075727956	KLF2	no	no	no
-0.293217983080202	9.11089661355067	-1.39768295909397	0.169405455129888	0.895409611878479	-4.47297614482128	ADPGK	no	no	no
0.759650214675554	8.88283672385213	1.39761466662013	0.169425839736453	0.895409611878479	-4.47303151055394	PYGL	no	no	no
0.188930764395914	7.01575702416272	1.39591137433374	0.169934871390592	0.895409611878479	-4.47441162729781	KDM4B	no	no	no
0.267481879724706	7.35335433633214	1.39580589425935	0.169966433264864	0.895409611878479	-4.47449704546701	CD33	no	no	no
-0.250124385258852	6.51209753042376	-1.39575578556591	0.169981428441879	0.895409611878479	-4.47453762169474	LRCH3	no	no	no
1.01445546019741	9.12433671840236	1.39532111093995	0.170111549210743	0.895409611878479	-4.47488955201665	IGLL5	no	no	no
0.242872728286497	7.01770326906492	1.39462856801994	0.170319023043673	0.895409611878479	-4.4754500642868	VPS33A	no	no	no
-0.307107115698227	7.62650307437081	-1.39461043725521	0.170324457341699	0.895409611878479	-4.47546473520998	TNRC6B	no	no	no
0.363331693211083	7.64421049129501	1.39432770887927	0.170409216359241	0.895409611878479	-4.47569348968461	SLC25A22	no	no	no
0.348895494579418	7.48281107810241	1.39409121054758	0.170480141219958	0.895409611878479	-4.47588480833156	PIK3CB	no	no	no
-0.297055832962116	12.1662428614336	-1.39354588227889	0.17064377015501	0.895409611878479	-4.47632585070794	APEX1	no	no	no
-0.754731666521526	9.81096109301673	-1.39335594705723	0.170700789919891	0.895409611878479	-4.47647942808263	RRM2	no	no	no
-0.315056315003961	8.22100524228543	-1.39296805550831	0.170817283336194	0.895409611878479	-4.47679301142394	TRIM33	no	no	no
-0.290994638478222	9.87646601233036	-1.39255655659313	0.17094093400756	0.895409611878479	-4.47712559587673	DDX18	no	no	no
0.658458020268482	7.59902156284169	1.39244218897731	0.170975312476994	0.895409611878479	-4.47721801552627	FXYD1	no	no	no
0.321224071576112	8.40561714005165	1.39206588943792	0.171088464520614	0.895409611878479	-4.47752205343735	MKS1	no	no	no
-0.341267924619357	8.18893717781176	-1.39150440916636	0.1712574077332	0.895409611878479	-4.47797557723964	HMGB2	no	no	no
0.22935196420081	7.62353830607494	1.39138765411721	0.171292554273263	0.895409611878479	-4.47806986347775	GMEB1	no	no	no
0.253552795863692	7.92808609005801	1.39110579356966	0.171377425233266	0.895409611878479	-4.47829745301222	PRMT2	no	no	no
-0.395525753742114	9.57209818932432	-1.39099924185589	0.171409517481545	0.895409611878479	-4.47838347811177	CNOT8	no	no	no
0.357634891482452	8.28132239950815	1.39046267727782	0.171571195840442	0.895409611878479	-4.47881658844948	ASAP3	no	no	no
-0.54597737670809	8.37083950085128	-1.39009964648948	0.171680651774975	0.895409611878479	-4.47910954054052	ENPP4	no	no	no
0.332969606770281	7.85489386452487	1.3897618338699	0.171782552875021	0.895409611878479	-4.47938208216177	APBA3	no	no	no
-0.426898498513271	8.40119217479159	-1.38914410337053	0.171969012327918	0.895409611878479	-4.47988030637382	PTPN3	no	no	no
0.319567006482701	7.40305846393045	1.38865354318512	0.172117197597285	0.895409611878479	-4.48027582401664	LETM1	no	no	no
0.217644310714422	7.08988593869837	1.38780052304461	0.172375107935152	0.895409611878479	-4.48096328523914	DHRS12	no	no	no
-0.398320148254742	11.647602141108	-1.38758719211559	0.17243965522547	0.895409611878479	-4.48113515367473	SNRPG	no	no	no
-0.305456130813567	6.36108746565645	-1.38753786577123	0.172454582503705	0.895409611878479	-4.48117488976224	HBS1L	no	no	no
0.37289863641019	9.28468802729827	1.38748476257711	0.17247065386135	0.895409611878479	-4.48121766699905	GPS1	no	no	no
0.548972647149011	9.2199766564316	1.38691521367546	0.172643097290484	0.895409611878479	-4.48167637618683	ATP2B1	no	no	no
0.260428475769511	7.34627244376318	1.38647907797721	0.17277523716769	0.895409611878479	-4.48202752374017	PLEKHG3	no	no	no
-0.487614005947194	9.46418672134078	-1.38561919171432	0.173035993827573	0.895409611878479	-4.48271956272215	MRPL40	no	no	no
-0.482817021716282	10.501457170121	-1.38561236666929	0.173038064709613	0.895409611878479	-4.48272505402842	CYB5R3	no	no	no
-0.32959127439977	8.22790379841359	-1.384982420157	0.173229288163622	0.895409611878479	-4.48323179505081	UBN1	no	no	no
-0.275896598506939	7.0928673835024	-1.38484124606487	0.173272164695608	0.895409611878479	-4.4833453303964	PDLIM5	no	no	no
-0.30182378786567	8.21323591413783	-1.38410929325765	0.173494600599414	0.895409611878479	-4.48393381993662	SPATA2L	no	no	no
-0.429170456038266	9.61881367130022	-1.38391531647763	0.173553585950399	0.895409611878479	-4.48408973126315	EIF2AK1	no	no	no
0.386439332342594	8.69407343620965	1.38332699803404	0.173732579408286	0.895409611878479	-4.4845624822128	PPP6R1	no	no	no
-0.41278653922452	7.51542607081746	-1.38318757975824	0.173775017764209	0.895409611878479	-4.48467448766841	UFL1	no	no	no
-0.41507621361938	7.76410779955385	-1.38302694692357	0.173823923686029	0.895409611878479	-4.48480352410325	PITPNM1	no	no	no
-0.454741558451727	9.26167660537179	-1.38272765687277	0.173915073274166	0.895409611878479	-4.48504390878252	EMP2	no	no	no
0.362488677214677	9.87319259704618	1.38256353280118	0.173965073391318	0.895409611878479	-4.48517571101445	RAB11A	no	no	no
-0.448609709867586	9.41183213083406	-1.3825415298942	0.173971777384188	0.895409611878479	-4.48519337972382	UBFD1	no	no	no
0.226116380827542	8.11703351790149	1.38252888880169	0.173975629047168	0.895409611878479	-4.48520353062469	CRY2	no	no	no
0.187846620524396	7.91009774680902	1.38215423448342	0.174089813851163	0.895409611878479	-4.4855043440375	TMEM143	no	no	no
0.216344693950073	6.59155472052595	1.38202527332808	0.174129131230498	0.895409611878479	-4.48560787154504	PRKACG	no	no	no
0.392285663446875	7.26359064566335	1.38136607963804	0.174330211932544	0.895409611878479	-4.48613692665046	MYLK	no	no	no
0.205209518703971	7.71487091527997	1.38119832619659	0.174381412151554	0.895409611878479	-4.48627152660974	S1PR4	no	no	no
0.195808845845454	7.63223347837327	1.38096839735595	0.174451607879699	0.895409611878479	-4.48645599073575	IGHMBP2	no	no	no
-0.479900541804784	11.3095474003025	-1.3808105351876	0.174499814782435	0.895409611878479	-4.4865826225622	SNRPD3	no	no	no
-0.275632528332692	12.101470467825	-1.3801268653935	0.174708708199813	0.895409611878479	-4.48713089285501	NCOA4	no	no	no
-0.505572959671704	8.94601345441149	-1.38009210648039	0.17471933385008	0.895409611878479	-4.48715876144738	MAZ	no	no	no
-0.405402654900257	7.28497864121181	-1.37978703597271	0.17481261402102	0.895409611878479	-4.48740333078267	ZNF518A	no	no	no
-0.296019236270671	7.39361137745413	-1.37930554560973	0.174959915670191	0.895409611878479	-4.48778923578646	PRKCH	no	no	no
0.232534108607875	7.71881661724687	1.37884511428132	0.175100864444187	0.895409611878479	-4.4881581514837	NOL6	no	no	no
-0.537348709662089	8.78932036662322	-1.3784962736513	0.17520771109819	0.895409611878479	-4.48843758412011	UVRAG	no	no	no
0.357444094835608	10.4412584151455	1.3780103986419	0.175356614032225	0.895409611878479	-4.48882668199034	PPP2R1A	no	no	no
-0.585466166089917	8.80838143610948	-1.37798001966531	0.175365927324127	0.895409611878479	-4.48885100603576	ATG5	no	no	no
0.283462625940357	8.65488696465262	1.37724462728855	0.17559149336433	0.895409611878479	-4.48943968092741	NUDC	no	no	no
-0.440069150045295	11.9107113118299	-1.37714481749744	0.175622125165016	0.895409611878479	-4.48951955642624	SEC11A	no	no	no
0.374664735009736	10.340335530651	1.37669211736638	0.175761111437505	0.895409611878479	-4.48988177801002	SNX17	no	no	no
-0.330209131198353	8.66577580903925	-1.37625640530097	0.175894962290929	0.895409611878479	-4.49023030777225	TRAPPC9	no	no	no
0.243279494883814	8.87019419564371	1.37533206159173	0.176179181453381	0.895409611878479	-4.49096937633727	IPO13	no	no	no
0.308743594580518	7.95135925221272	1.37474008773265	0.176361388945867	0.895409611878479	-4.49144246536124	CAMKK2	no	no	no
0.271335059301001	7.67919487011958	1.37464106595132	0.176391881697767	0.895409611878479	-4.49152158329232	PPP2R5C	no	no	no
0.186982396484833	6.91563845287382	1.37451643306607	0.176430266911855	0.895409611878479	-4.49162115723572	CPNE6	no	no	no
0.213204539375738	7.29978889749029	1.37445154060178	0.176450255449783	0.895409611878479	-4.49167299913962	KHK	no	no	no
-0.349203576123432	7.61922260788089	-1.37421774325581	0.176522285498939	0.895409611878479	-4.4918597594859	MIOS	no	no	no
0.310216811626106	8.44456840559084	1.3739670763613	0.176599538046572	0.895409611878479	-4.49205996434669	UBE2G2	no	no	no
0.359290812957399	9.60943875421802	1.37375596561864	0.176664620093225	0.895409611878479	-4.49222855118219	COX16	no	no	no
0.296554278346774	7.21922149452278	1.37348811212735	0.17674722164819	0.895409611878479	-4.49244241825081	MMP24	no	no	no
0.236235868253113	6.89030733946485	1.37297258211106	0.176906286371403	0.895409611878479	-4.49285393868435	PITX3	no	no	no
-0.543805821541291	8.19138686613085	-1.37282488831637	0.176951877043271	0.895409611878479	-4.49297180976164	SGCB	no	no	no
-0.247130180337372	7.92369778614507	-1.372609223248	0.177018465619093	0.895409611878479	-4.49314390709931	RIN2	no	no	no
0.233327197290789	7.70372100310417	1.37232304365403	0.177106856040192	0.895409611878479	-4.49337223712562	FAM193B	no	no	no
-0.30066226683709	9.21996389366017	-1.37215750429179	0.177158000638368	0.895409611878479	-4.49350429449346	PCGF1	no	no	no
-0.451576224506063	7.93987764525528	-1.37186972215445	0.177246940147923	0.895409611878479	-4.49373383638239	P2RY6	no	no	no
0.410015321565058	9.92096588013639	1.37159162228517	0.177332920047046	0.895409611878479	-4.49395561513649	SIAH2	no	no	no
-0.416027950529834	7.60206166729044	-1.3712400637742	0.177441657110709	0.895409611878479	-4.49423591887146	PPP1R9A	no	no	no
-0.634452267501675	11.70068642253	-1.37097748680687	0.177522905709545	0.895409611878479	-4.49444523473926	ARPC1B	no	no	no
-0.341542438440355	9.21971130656969	-1.37070737804442	0.17760651477867	0.895409611878479	-4.49466051777347	CD2BP2	no	no	no
0.331504938994347	8.10074943014471	1.36978828265531	0.177891237601894	0.895409611878479	-4.49539277821724	PIM2	no	no	no
0.304374577586643	9.33529938858562	1.3695129031679	0.177976614748057	0.895409611878479	-4.4956120938585	COX4I1	no	no	no
-0.531498203193614	9.74290787037369	-1.36870981473648	0.178225780207751	0.895409611878479	-4.49625146135383	SPR	no	no	no
-0.745732487712156	9.60523754674208	-1.3682611334068	0.17836510463098	0.895409611878479	-4.49660852860346	BTN3A3	no	no	no
0.383085496164762	8.0462770957701	1.36825654344952	0.178366530336897	0.895409611878479	-4.49661218082583	ERF	no	no	no
0.202290282095176	7.34529980425239	1.36805372914224	0.178429536105778	0.895409611878479	-4.49677354908637	GP1BA	no	no	no
1.14011659984339	8.12708943709251	1.36734507525021	0.178649819307008	0.895409611878479	-4.49733722056045	NR4A2	no	no	no
0.254010124868198	7.7224395423779	1.36732130664616	0.178657211344002	0.895409611878479	-4.49735612191576	NFYC	no	no	no
-0.364959394968569	6.81480663221354	-1.36673095323903	0.17884088687779	0.895409611878479	-4.4978254918625	ZNF124	no	no	no
-0.453714446631607	9.50157804835357	-1.36645697772795	0.178926177744517	0.895409611878479	-4.49804325972139	CPSF1	no	no	no
0.292973348133026	8.5535078512541	1.36642632989584	0.17893572061829	0.895409611878479	-4.49806761757852	FKBP3	no	no	no
0.169700629715451	7.07106577922041	1.36498328563556	0.179385487826704	0.895409611878479	-4.49921395435944	SPN	no	no	no
0.214144480154668	7.58863158258194	1.36459399538761	0.179506970501135	0.895409611878479	-4.49952301867286	PSMA3	no	no	no
0.257269046163267	9.72451743522197	1.3642695417758	0.179608268496302	0.895409611878479	-4.49978054858985	CAPZB	no	no	no
0.28902715949715	9.70321759768529	1.36386862201998	0.179733500820757	0.895409611878479	-4.50009869761871	RNF220	no	no	no
-0.382749148954206	8.22291888503951	-1.36369323947402	0.179788304883167	0.895409611878479	-4.50023784611223	HDAC11	no	no	no
0.394724155971064	12.4011377618157	1.36369048314629	0.179789166291309	0.895409611878479	-4.50024003285625	NPC2	no	no	no
0.37611640963279	8.98137812809938	1.36313205187806	0.179963752856256	0.895409611878479	-4.50068298612636	RCC1	no	no	no
0.347780854958527	8.41529585218967	1.3629444954947	0.180022419267729	0.895409611878479	-4.50083172178786	ITPKC	no	no	no
-0.338748816828212	6.70684075163382	-1.36253191307365	0.180151524129887	0.895409611878479	-4.50115884362873	TRIM2	no	no	no
0.816815478224254	9.97890864006624	1.36241352527087	0.180188583064617	0.895409611878479	-4.50125269293292	PLOD2	no	no	no
0.145063669803442	6.62297625573936	1.36209408584853	0.180288606444811	0.895409611878479	-4.50150588551481	UBR4	no	no	no
-0.636309980633527	8.48377614126072	-1.36192195630735	0.180342521622375	0.895409611878479	-4.5016422962867	KIF4A	no	no	no
0.393562867089732	10.4041351093281	1.36073386843712	0.180714997985326	0.895409611878479	-4.5025834275903	PPDPF	no	no	no
0.42403573573374	9.57645973521891	1.35963025741834	0.181061519684877	0.895409611878479	-4.50345699136419	ARL1	no	no	no
-0.256073571557235	8.06291725168026	-1.35925982273031	0.1811779465016	0.895409611878479	-4.50375006871466	DCTN5	no	no	no
-0.326573471182741	8.23696166508451	-1.35924658140153	0.181182109287229	0.895409611878479	-4.50376054356966	PMS2	no	no	no
0.596556505018608	7.75178021359247	1.35913375117877	0.18121758363568	0.895409611878479	-4.50384979683182	PLA2G2A	no	no	no
0.166967571850753	7.23137962745773	1.3589225253897	0.181284008358069	0.895409611878479	-4.50401686735823	SLC12A4	no	no	no
-0.320737006278132	9.58235877779	-1.35892159422751	0.181284301224474	0.895409611878479	-4.50401760381672	XRCC5	no	no	no
-0.576864730103874	8.8747823628659	-1.35872338677722	0.181346649127278	0.895409611878479	-4.50417435643178	HJURP	no	no	no
0.22768043339451	7.46271601862345	1.35735330623906	0.181778070703566	0.895409611878479	-4.50525733372011	MEPE	no	no	no
-0.322567047159101	12.5218091522567	-1.35715270702537	0.181841303046304	0.895409611878479	-4.50541581589509	OAZ1	no	no	no
0.296292233024368	9.4297737363817	1.35706195871818	0.181869914032153	0.895409611878479	-4.50548750423456	PACS2	no	no	no
0.390018283839409	10.714099674867	1.35626352456068	0.182121792166277	0.895409611878479	-4.50611805970002	ITPA	no	no	no
0.353417811681523	9.78770961067987	1.35470886664606	0.182613000953055	0.895409611878479	-4.50734489386511	TAF2	no	no	no
0.435506891963684	8.22686271371203	1.35383004674566	0.182891121897849	0.895409611878479	-4.50803785038295	PUS1	no	no	no
-0.325349682915017	10.0033251521741	-1.35381162882542	0.182896954109537	0.895409611878479	-4.50805236880503	CTCF	no	no	no
-0.372510529179243	8.67023077965875	-1.35339484077846	0.18302897221486	0.895409611878479	-4.5083808665043	S100PBP	no	no	no
0.294004460559465	7.20876510792694	1.35337636391551	0.183034826475042	0.895409611878479	-4.50839542724745	SNPH	no	no	no
0.314988201225658	8.80526373171181	1.3528046020464	0.183216056099803	0.895409611878479	-4.50884591885356	MGAT2	no	no	no
0.511463316227958	7.69435019330854	1.35252625185742	0.183304333720049	0.895409611878479	-4.50906517022416	ROBO3	no	no	no
-0.667485821598966	9.21869612583629	-1.3523974782234	0.183345184786754	0.895409611878479	-4.50916658936301	NAMPT	no	no	no
-0.233082850096625	7.20251647905443	-1.35153722712684	0.183618262788188	0.895409611878479	-4.50984388404922	NKAPD1	no	no	no
-0.444896682116155	10.0377115797722	-1.3507766446427	0.183859961695747	0.895409611878479	-4.51044238977444	SCRIB	no	no	no
-0.577574196753142	7.47628636603821	-1.34955187954908	0.184249681720813	0.895409611878479	-4.5114055361207	HES1	no	no	no
-0.319445378225244	7.66345814647615	-1.34953662924902	0.184254538351343	0.895409611878479	-4.51141752397055	STK10	no	no	no
0.278079711444951	9.75959005164922	1.34932145232299	0.184323074336304	0.895409611878479	-4.51158665596898	TMEM161A	no	no	no
-0.38355286561689	8.63867941551088	-1.34923303861754	0.184351240640864	0.895409611878479	-4.51165614342658	GATAD1	no	no	no
0.30242292945792	8.60385539274945	1.34913872925689	0.18438128878337	0.895409611878479	-4.51173026004483	SMO	no	no	no
-0.547884933733545	11.3055557269508	-1.34894054754224	0.184444444188441	0.895409611878479	-4.51188599377869	UBE2L6	no	no	no
-0.415277321819828	8.30115261557698	-1.34861009533739	0.184549787653502	0.895409611878479	-4.5121456223145	IGFLR1	no	no	no
-0.345377108451047	9.73638602676208	-1.34807775600764	0.184719586809105	0.895409611878479	-4.51256375037387	AMPD2	no	no	no
-0.346953146961752	9.45707978155329	-1.34753921504897	0.184891485850113	0.895409611878479	-4.51298660077989	ELF1	no	no	no
0.265956299184361	8.4964546110541	1.34726881979411	0.184977840587779	0.895409611878479	-4.51319885270867	DMWD	no	no	no
0.278935478530736	7.34273943352944	1.34642437556063	0.185247725281333	0.895409611878479	-4.51386147248699	FUT5	no	no	no
-0.316026567128481	10.1432337401834	-1.34628972370755	0.185290787924863	0.895409611878479	-4.51396709728987	NGRN	no	no	no
0.327337692869534	7.36367631621814	1.34575139515214	0.185463025904005	0.895409611878479	-4.51438928426793	PSMD6	no	no	no
-0.184171664755178	8.16662594726597	-1.34549899034022	0.185543824909793	0.895409611878479	-4.5145871825499	CAPZA1	no	no	no
0.256510563122519	9.96924892670054	1.34505218466736	0.185686920958492	0.895409611878479	-4.51493742041404	TMED10	no	no	no
-0.556993733821645	10.020544582762	-1.3446947591865	0.185801452502008	0.895409611878479	-4.51521752156612	CELSR2	no	no	no
-0.49683628663896	7.15822244199235	-1.34412835055538	0.18598306023307	0.895409611878479	-4.51566126000811	ZNF117	no	no	no
-0.272513132129001	8.60725539160108	-1.34376079143266	0.186100983460575	0.895409611878479	-4.51594912622337	ZC3H11A	no	no	no
0.296307906231543	8.30593958109108	1.34359347568901	0.186154681968539	0.895409611878479	-4.51608014203295	NFKBIL1	no	no	no
0.334112638592101	8.35197432666567	1.34311995599535	0.186306718182459	0.895409611878479	-4.51645085104852	GNL3	no	no	no
0.434465552330262	8.85897094943962	1.34241508864084	0.186533210710877	0.895409611878479	-4.51700246295689	RRAS2	no	no	no
-0.991326377787075	8.08385269286232	-1.34237898095488	0.186544818734161	0.895409611878479	-4.51703071303572	NIBAN1	no	no	no
0.387641273528113	8.21673092298653	1.34150020398651	0.18682750137884	0.895409611878479	-4.51771804645049	SLC8B1	no	no	no
0.200824048443722	8.93523640918792	1.3413710211108	0.186869084187021	0.895409611878479	-4.51781905290224	UBE2D4	no	no	no
0.473457825946377	7.75444646160905	1.34128840090932	0.18689568259879	0.895409611878479	-4.51788364806808	PLIN2	no	no	no
-0.297419867523612	8.10778356693907	-1.34073969602385	0.187072403882795	0.895409611878479	-4.51831255391322	ANKHD1	no	no	no
-0.422903698273271	7.92475952110071	-1.34072190840892	0.187078134873984	0.895409611878479	-4.51832645534437	SNAP29	no	no	no
0.343107274820488	9.27744579414805	1.34029547842139	0.187215566526654	0.895409611878479	-4.51865967125428	NOSIP	no	no	no
0.155595446409428	7.35820945272372	1.33999304793599	0.187313081867787	0.895409611878479	-4.51889593595773	DYRK1A	no	no	no
0.234637932974492	7.31441086864463	1.3395233131178	0.187464619606485	0.895409611878479	-4.51926280837228	HIGD1B	no	no	no
0.355183841605258	8.03007085569963	1.33931705168849	0.187531189706355	0.895409611878479	-4.51942386668466	MMACHC	no	no	no
-0.260091242541579	7.46242761968701	-1.33907944492879	0.187607898785726	0.895409611878479	-4.51960937359127	CLASP1	no	no	no
-0.152639461135271	6.99353887478865	-1.33853346962063	0.187784252565064	0.895409611878479	-4.52003552269525	KANSL3	no	no	no
0.241727842147766	6.85109751519148	1.33811801593626	0.187918531806305	0.895409611878479	-4.52035969271014	SRSF4	no	no	no
-0.404330429885307	8.15964894985049	-1.33760353084453	0.188084920755637	0.895409611878479	-4.52076101117418	MCAT	no	no	no
-0.276098908780319	12.836280489692	-1.33707644374732	0.188255501989212	0.895409611878479	-4.5211720176951	CD63	no	no	no
-0.42375644891971	8.9770062406574	-1.33699139043042	0.188283038868601	0.895409611878479	-4.52123832622225	PRPS1	no	no	no
-0.320150311527344	7.72070361533704	-1.33693527665977	0.188301207958816	0.895409611878479	-4.52128207110284	ANGEL2	no	no	no
0.210308691242189	7.59118584558024	1.33688547496643	0.188317334381704	0.895409611878479	-4.52132089388257	CASP9	no	no	no
-0.447360028137733	9.63701314884536	-1.33625303417887	0.188522218527314	0.895409611878479	-4.52181379981394	TBK1	no	no	no
0.678740031712168	9.23433875736413	1.33564906626632	0.188718037511855	0.895409611878479	-4.52228432159818	CDR2L	no	no	no
-0.286208352511568	8.21805537960107	-1.33467933664839	0.189032768838482	0.895409611878479	-4.52303939545414	TTC17	no	no	no
-0.521182548753264	9.37687249966892	-1.33449263950318	0.189093408435771	0.895409611878479	-4.52318471012666	IFIT5	no	no	no
-0.327596666564415	8.63937780972301	-1.3333716336748	0.189457825558974	0.895409611878479	-4.52405685919033	RTCA	no	no	no
-0.287147259656281	7.76310312952902	-1.33324196519866	0.189500012803293	0.895409611878479	-4.52415770002993	NFATC3	no	no	no
-0.411319106186208	8.00068988465937	-1.33235255790658	0.189789571958243	0.895409611878479	-4.52484914134544	CHST15	no	no	no
0.368521387027103	6.55887612347476	1.332248459206	0.189823484816375	0.895409611878479	-4.52493004277195	S100A5	no	no	no
-0.390041757229931	8.5037233145858	-1.3320240142598	0.189896619318454	0.895409611878479	-4.52510445347914	COG7	no	no	no
-0.216079708645763	6.7195018160514	-1.33166406541257	0.190013952098697	0.895409611878479	-4.52538410648147	OBSCN	no	no	no
-0.542228418486842	8.71631248674539	-1.33163966180054	0.190021908962168	0.895409611878479	-4.52540306381057	FADS3	no	no	no
-0.451085802363147	9.21004007034625	-1.33097121450694	0.190239956818422	0.895409611878479	-4.52592221020452	CHPF2	no	no	no
-0.254053248145131	7.4087960935338	-1.33089728252382	0.190264085182197	0.895409611878479	-4.52597961490498	NUP50	no	no	no
-0.302605544666315	10.122927720853	-1.33081069616321	0.19029234638163	0.895409611878479	-4.52604684153179	PSMD1	no	no	no
-0.406849867783971	6.89576918814684	-1.33074891035935	0.190312514804622	0.895409611878479	-4.52609481035123	ARID3A	no	no	no
-0.293541353433455	7.68925210371707	-1.33074162647286	0.190314892553708	0.895409611878479	-4.52610046523245	ATG7	no	no	no
0.254747982698041	8.55782989311469	1.33031468034412	0.190454304258255	0.895409611878479	-4.52643187892369	NPRL2	no	no	no
0.671555208205776	8.43941105918184	1.33010040450116	0.190524301577875	0.895409611878479	-4.5265981733132	CAPN5	no	no	no
0.354751517072075	9.55666433750748	1.32955624935618	0.190702148440071	0.895409611878479	-4.52702037222562	RIOX1	no	no	no
-0.429788131816617	11.9654904871546	-1.32871628209465	0.190976924279632	0.895409611878479	-4.52767178437658	HLA-G	no	no	no
0.274642762404363	9.73852872373291	1.32869700853736	0.19098323271629	0.895409611878479	-4.52768672712941	KAT7	no	no	no
0.357063121632676	7.4574337376888	1.32672594526965	0.191629221086793	0.895409611878479	-4.52921387148335	GMDS	no	no	no
-0.317493056814721	7.08445012390479	-1.3262853431535	0.191773849554877	0.895409611878479	-4.52955496647434	LMO2	no	no	no
-0.341533528760404	8.9764264511615	-1.32625028523548	0.191785360950853	0.895409611878479	-4.52958210246329	SSH3	no	no	no
0.241334712862378	7.02152408602827	1.32623421983305	0.191790636260461	0.895409611878479	-4.52959453740345	CYP11B2	no	no	no
-0.598699272442423	6.69125618927291	-1.32595562422922	0.191882134769179	0.895409611878479	-4.52981015462911	CENPF	no	no	no
0.442842792485183	10.3147090411831	1.32586253576199	0.191912715005485	0.895409611878479	-4.52988219085595	FAM171A1	no	no	no
0.25839669196354	7.63459536538013	1.32496040823463	0.192209262681354	0.895409611878479	-4.53058006652986	WNT10B	no	no	no
-0.359025826463167	8.51749256137305	-1.32480278869207	0.192261111207449	0.895409611878479	-4.53070195588173	ACTR2	no	no	no
-0.281430325684632	8.21191121070391	-1.32459016275068	0.192331070805981	0.895409611878479	-4.53086636200372	WDR26	no	no	no
-0.289780699543569	9.07250347321797	-1.32458313679126	0.192333382864424	0.895409611878479	-4.53087179419872	IRF2	no	no	no
-0.293806449176904	8.79579848161046	-1.32419856093102	0.192459968934031	0.895409611878479	-4.5311690940114	TESK1	no	no	no
0.299553469855659	10.0366040796396	1.32397177544764	0.192534646812973	0.895409611878479	-4.53134437657086	DDX24	no	no	no
-0.370254450903706	7.60897608808214	-1.32387464007454	0.192566639129673	0.895409611878479	-4.53141944435836	SHC2	no	no	no
0.390584848664343	8.43194104330722	1.32385988533685	0.192571499075111	0.895409611878479	-4.53143084662973	GCDH	no	no	no
-0.815961046690932	9.97775117450388	-1.32283975350299	0.192907738507864	0.895409611878479	-4.53221891729008	PRC1	no	no	no
0.320145478695326	12.8155102660093	1.32183511252865	0.193239308384167	0.895409611878479	-4.53299449276147	PABPC3	no	no	no
0.208979203305062	7.54597941086572	1.32175123557493	0.1932670105719	0.895409611878479	-4.53305922144244	CA7	no	no	no
-0.429238626902808	8.21646303848461	-1.32151929270306	0.193343630470603	0.895409611878479	-4.53323819504063	FUS	no	no	no
0.165632643922573	7.11930445031918	1.3214160603129	0.19337773963659	0.895409611878479	-4.53331784304831	MVB12B	no	no	no
0.225039796036202	6.58974779240678	1.321301849057	0.193415481676903	0.895409611878479	-4.5334059552483	LSM14B	no	no	no
-0.496499625638543	6.96236944901334	-1.32088762759469	0.193552411528897	0.895409611878479	-4.53372546377298	TSHZ2	no	no	no
-0.245833171530053	7.98362055415245	-1.32083742002288	0.193569013733077	0.895409611878479	-4.5337641851801	AEN	no	no	no
0.423001588807885	6.50984521929665	1.3201743097728	0.193788386863228	0.895409611878479	-4.53427547044263	CLDN11	no	no	no
0.370300860049941	8.16717855188694	1.31994128923027	0.193865520627857	0.895409611878479	-4.53445508460023	CRYL1	no	no	no
-0.427189378880406	8.54168497442674	-1.31921772645533	0.194105180945439	0.895409611878479	-4.53501263288315	TFRC	no	no	no
0.508496807929207	8.38840409235749	1.31893661836178	0.194198350989891	0.895409611878479	-4.53522917003497	ERLIN2	no	no	no
-0.400349351011556	9.04029434072401	-1.31855280320991	0.194325616974646	0.895409611878479	-4.53552475594397	ABRAXAS2	no	no	no
0.417180024371015	8.93449457115826	1.31846847537851	0.194353587007828	0.895409611878479	-4.53558968871087	PRKCD	no	no	no
-0.355334614965309	8.77166854095267	-1.31833037076492	0.194399400443733	0.895409611878479	-4.5356960218287	TTI1	no	no	no
0.184517056213192	7.44167996731501	1.31832925768213	0.194399769719952	0.895409611878479	-4.53569687880224	TBXA2R	no	no	no
0.270112560671782	7.77139788525646	1.31831946807334	0.194403017542395	0.895409611878479	-4.53570441589193	SIRT2	no	no	no
-0.276308028614087	8.9693191798179	-1.31820009826852	0.194442623250907	0.895409611878479	-4.53579631554843	PPP1R10	no	no	no
0.263510024872987	8.03252639003977	1.31784530528213	0.194560376203325	0.895409611878479	-4.53606941754875	BCAS3	no	no	no
0.341275116515082	10.2410961691297	1.31735359842629	0.194723659317373	0.895409611878479	-4.53644780081135	UNG	no	no	no
-0.22651390412482	8.90792492405337	-1.31734438552746	0.194726719675493	0.895409611878479	-4.53645488921495	COMT	no	no	no
-0.267485578235473	8.53122558667712	-1.31716333007215	0.194786870431647	0.895409611878479	-4.53659418430864	TBL2	no	no	no
0.241358522933228	9.69181384817932	1.31711308357632	0.194803565965972	0.895409611878479	-4.53663283844975	SEPTIN2	no	no	no
0.479830647904135	9.75354751978881	1.31695003472289	0.194857750119077	0.895409611878479	-4.53675826130423	FBXO21	no	no	no
-0.216431320641837	7.43891486111755	-1.31571197951858	0.19526955223346	0.895409611878479	-4.53771016528799	DDX31	no	no	no
-0.278577093754972	8.5386546703894	-1.3151180515331	0.195467338990699	0.895409611878479	-4.53816653587211	TUBGCP4	no	no	no
-0.387856084789472	9.09314356375421	-1.31469788590609	0.195607352134037	0.895409611878479	-4.53848927766986	GNAQ	no	no	no
-0.410909072305458	9.92641983603297	-1.31459217312084	0.195642591126416	0.895409611878479	-4.53857046435891	NDUFA6	no	no	no
0.309168466494616	7.47721571461104	1.31458138867404	0.195646186355357	0.895409611878479	-4.53857874641263	GPN2	no	no	no
0.246455039613456	8.33409523737595	1.31429495165721	0.195741694690675	0.895409611878479	-4.53879869722371	GPATCH3	no	no	no
0.248812799179934	12.4326004502121	1.31414808608008	0.19579067863987	0.895409611878479	-4.5389114565983	ERH	no	no	no
0.38506072916641	8.02915684438971	1.31405463635184	0.195821851688811	0.895409611878479	-4.53898319889967	COQ8A	no	no	no
0.569816363226658	6.93709650248305	1.31303762134838	0.196161352063683	0.895409611878479	-4.53976367763566	CES1	no	no	no
0.324136574336045	8.12772584310219	1.31250453329083	0.196339486000301	0.895409611878479	-4.54017256551634	PDK2	no	no	no
0.30879655036623	7.2478432170624	1.31211243006532	0.196470587464083	0.895409611878479	-4.5404732211035	IRGQ	no	no	no
-0.513281464552696	10.8291058232985	-1.31185410729987	0.196556995101195	0.895409611878479	-4.54067125320824	MEIS1	no	no	no
0.262137655398727	6.75366361188022	1.31156918183509	0.196652334621238	0.895409611878479	-4.54088963882517	IL13	no	no	no
0.57491608274204	10.5527988106811	1.31131715297244	0.196736695759431	0.895409611878479	-4.54108277507719	PNMA1	no	no	no
-0.280747917429027	9.66082819281115	-1.31115137146056	0.196792202445324	0.895409611878479	-4.54120979970734	HSD17B7	no	no	no
0.328906592193484	9.02629822838288	1.31046058840027	0.197023617071139	0.895409611878479	-4.54173893537533	VTI1B	no	no	no
0.84027840963937	7.56337229349685	1.31008755222985	0.197148671169734	0.895409611878479	-4.54202457545481	SERPINE1	no	no	no
1.04952191501081	9.25858903202175	1.30966071113491	0.197291836250186	0.895409611878479	-4.54235132591537	CXCL12	no	no	no
0.303917826289632	7.49463127159443	1.30950096205736	0.197345437310741	0.895409611878479	-4.54247359076532	SFSWAP	no	no	no
0.291109731519055	7.41881269257955	1.30942875281975	0.197369669501779	0.895409611878479	-4.54252885214452	SAYSD1	no	no	no
-0.447167580395035	9.14207882372415	-1.30916508332819	0.197458171642431	0.895409611878479	-4.54273061404863	ITGB3BP	no	no	no
0.490419837912005	8.39950001668723	1.30878887605935	0.197584499771288	0.895409611878479	-4.54301842798154	PRPF39	no	no	no
0.21580571219173	7.49734429358284	1.30850786282421	0.197678902261553	0.895409611878479	-4.54323336645344	CCL22	no	no	no
0.35763003491651	10.3619452693508	1.30811816359407	0.197809872841287	0.895409611878479	-4.54353136740624	WASHC5	no	no	no
-0.425399413877157	7.21112429016632	-1.30783227714167	0.197905995686931	0.895409611878479	-4.54374993292613	SCYL3	no	no	no
-0.263942214265766	9.21843110258405	-1.30775197210811	0.197933002799297	0.895409611878479	-4.54381131995439	AIMP2	no	no	no
-0.358492194052541	6.43539084468641	-1.30696260571261	0.198198620505742	0.895409611878479	-4.5444145509339	FAM83E	no	no	no
-0.425924248607958	9.47001194756584	-1.3066273134424	0.198311526254571	0.895409611878479	-4.54467068176355	STAT6	no	no	no
-0.353686474471298	8.0202608318355	-1.3064985412531	0.198354901722745	0.895409611878479	-4.5447690356641	SNN	no	no	no
-0.507127460109639	9.07060374199375	-1.30593107515793	0.198546131884829	0.895409611878479	-4.54520235310246	CALHM2	no	no	no
0.586166056236691	7.36166116895527	1.30559385198221	0.198659838670738	0.895409611878479	-4.54545977734169	MARCO	no	no	no
0.372349934014625	9.9849510408266	1.30542597503806	0.198716462725029	0.895409611878479	-4.54558790654176	UQCRB	no	no	no
0.238248512501908	6.79944456022415	1.30511788501811	0.198820411726898	0.895409611878479	-4.54582301271489	ZNF552	no	no	no
-0.379584480540625	9.93281039108816	-1.3042705002272	0.199106530022403	0.895409611878479	-4.54646940396471	UBAC1	no	no	no
-0.411675334633967	7.07801275330691	-1.30379130563948	0.199268467243873	0.895409611878479	-4.5468347711905	SFXN1	no	no	no
-0.814982506487889	8.16156145398344	-1.30296778921096	0.199546996007184	0.895409611878479	-4.54746239043773	RAP1GAP2	no	no	no
0.435314534114501	7.25000501935014	1.30258106128604	0.1996778962318	0.895409611878479	-4.54775700178262	C1orf56	no	no	no
-0.421161270328894	11.1102429617216	-1.30235353810365	0.199754938939855	0.895409611878479	-4.54793029364259	HLA-E	no	no	no
-0.369535575788342	9.59728556946196	-1.30226360524857	0.199785397729585	0.895409611878479	-4.54799878308498	MSRB1	no	no	no
0.221659492797546	6.76935761910535	1.30197853891334	0.199881968251332	0.895409611878479	-4.54821585085544	MYCN	no	no	no
0.439076867302966	8.81116223473582	1.3018782972247	0.199915935021762	0.895409611878479	-4.5482921712147	ERAL1	no	no	no
-0.434688018874931	8.65903048082197	-1.30114914229979	0.200163139587362	0.895409611878479	-4.5488471652196	RECQL4	no	no	no
0.229916071261405	8.77007954453064	1.30039530972332	0.200418953439515	0.895409611878479	-4.54942065059051	REST	no	no	no
-0.614714184231566	8.34285518043573	-1.30008682586774	0.20052370896314	0.895409611878479	-4.54965524704991	ATAD2	no	no	no
0.347928818725366	7.06613735583627	1.29975591418493	0.200636126560998	0.895409611878479	-4.54990684419972	VPS13D	no	no	no
-0.314885727564368	8.48255135956328	-1.29972495690307	0.200646645830413	0.895409611878479	-4.54993037856207	NUBP1	no	no	no
-0.323732690143276	7.36785435565378	-1.29961187832643	0.20068507341717	0.895409611878479	-4.55001633896651	KLK1	no	no	no
0.21519374900371	7.28393491392426	1.29928123693363	0.200797467456567	0.895409611878479	-4.55026764858075	DDX50	no	no	no
0.204659681429085	7.4590378652343	1.29905393072766	0.200874762623076	0.895409611878479	-4.55044038339196	EZH1	no	no	no
0.296369591469393	7.02093697695565	1.29901989131704	0.200886339613154	0.895409611878479	-4.55046624833822	ARMC8	no	no	no
-0.302182169705387	10.7287786987517	-1.29867535611544	0.201003546293302	0.895409611878479	-4.55072801034146	DNTTIP2	no	no	no
0.231271635105717	7.00146601292083	1.29861929142946	0.201022623702301	0.895409611878479	-4.55077059984278	AMN	no	no	no
0.330845814936263	12.3715081050776	1.29647266550789	0.201754095796356	0.895409611878479	-4.55240004692492	CAPNS1	no	no	no
0.417849015625559	9.5284258329079	1.29646334822406	0.201757275074728	0.895409611878479	-4.55240711417781	SUCLA2	no	no	no
-0.453422786237785	7.65583116044481	-1.29632323930208	0.201805088124326	0.895409611878479	-4.5525133827209	EHBP1L1	no	no	no
-0.380080647400247	8.29079769548982	-1.29524369367867	0.202173776706739	0.895409611878479	-4.55333184236945	UTRN	no	no	no
-0.233701754303904	7.50950128058159	-1.29459575346027	0.202395306491643	0.895409611878479	-4.55382278677673	BRD8	no	no	no
-0.310707948812376	8.30224294927625	-1.29453661615423	0.202415534563753	0.895409611878479	-4.55386758418485	NAGPA	no	no	no
0.275170497252134	7.89996803130952	1.29423309378316	0.20251937919703	0.895409611878479	-4.55409747819733	MT3	no	no	no
0.690571872771182	8.48934476235224	1.2936450275176	0.202720689674719	0.895409611878479	-4.55454275436209	UCHL1	no	no	no
0.399888333106297	8.93308413378428	1.29359106734782	0.202739169210442	0.895409611878479	-4.55458360323959	MRPL4	no	no	no
-0.392357230444888	9.09207788461219	-1.29348243138652	0.202776377211774	0.895409611878479	-4.55466583811184	ZKSCAN1	no	no	no
0.406676953222879	10.4145128523623	1.29281429628876	0.203005327860069	0.895409611878479	-4.55517146488233	IDH3B	no	no	no
-0.388029934043484	9.39890484297471	-1.29231394987066	0.203176909760733	0.895409611878479	-4.55554996065683	PLEKHA1	no	no	no
-0.299411944801253	9.19404920427488	-1.29202500212388	0.203276047304876	0.895409611878479	-4.55576848052364	MPPE1	no	no	no
0.266192915347202	7.52754765783189	1.29196628013158	0.203296199191162	0.895409611878479	-4.55581288432287	LRP3	no	no	no
0.288860993250814	10.819510670242	1.29184393097232	0.203338191131831	0.895409611878479	-4.555905395267	YTHDF2	no	no	no
-0.795938527107777	8.48760662877383	-1.29153615006661	0.203443854749046	0.895409611878479	-4.55613808065738	KIF11	no	no	no
0.34369205040105	10.4474628543455	1.29143101737161	0.203479957115128	0.895409611878479	-4.55621755064329	DDX41	no	no	no
0.229804048697164	7.90350914186162	1.29092917275349	0.203652356134576	0.895409611878479	-4.55659681610444	SPRR2B	no	no	no
0.331925038118297	10.5249481314006	1.29055338808656	0.203781521748923	0.895409611878479	-4.5568807263077	LSM1	no	no	no
0.364762097332628	8.65706557509949	1.28977861226317	0.204048024387089	0.895409611878479	-4.55746584607031	NECAB3	no	no	no
-0.509228300291017	8.95401619862172	-1.28967129136656	0.204084960665311	0.895409611878479	-4.55754687127214	SLK	no	no	no
0.328775253278532	8.24760805481483	1.28909362024124	0.204283862349455	0.895409611878479	-4.55798289815117	PXN	no	no	no
-0.283525778498187	8.94207571628736	-1.28800443851155	0.204659282662945	0.895409611878479	-4.55880453823427	A2M	no	no	no
0.242000759183762	7.84544034491879	1.28735079413904	0.204884830777323	0.895409611878479	-4.55929732586807	PRDM14	no	no	no
0.223909749175983	7.98956822397482	1.28731335495943	0.204897755295102	0.895409611878479	-4.55932554477923	ARMC6	no	no	no
-0.272326913892586	8.84225776310505	-1.28641296349604	0.205208767655407	0.895409611878479	-4.56000397257968	CSNK1G2	no	no	no
0.304945612527914	8.11075441927976	1.28630995776957	0.205244370429908	0.895409611878479	-4.56008155833752	GGCX	no	no	no
0.512104385356253	6.62974316641974	1.28602119728955	0.205344202032779	0.895409611878479	-4.56029902824461	PRR7	no	no	no
0.353539792291523	9.24432240295783	1.28512279583811	0.205655035202181	0.895409611878479	-4.56097534839358	DLST	no	no	no
-0.302120946525721	9.93011916336783	-1.28494640657195	0.205716104739991	0.895409611878479	-4.56110808521474	MAGT1	no	no	no
-0.247812454075134	8.42961392739094	-1.28421138214494	0.205970731952702	0.895409611878479	-4.56166103164715	BTN2A1	no	no	no
1.0178724292782	7.83745662967268	1.28409878827981	0.206009757653538	0.895409611878479	-4.56174570907388	PGA5	no	no	no
-0.341755183883128	9.48842070447747	-1.28400146117449	0.206043496285618	0.895409611878479	-4.56181889961054	TOP1	no	no	no
-0.359932594691559	9.24624348909722	-1.28350889864394	0.206214307782923	0.895409611878479	-4.5621892332143	CDK7	no	no	no
0.660665854780554	7.99392350043802	1.28346988287116	0.206227842274629	0.895409611878479	-4.56221856181903	CAVIN3	no	no	no
0.323370386705462	6.86288214522222	1.28334925870952	0.206269690773947	0.895409611878479	-4.56230923133546	ADGRD2	no	no	no
-0.410705463661081	10.6888557926671	-1.28223954945307	0.206654985107063	0.895409611878479	-4.56314300782609	DECR1	no	no	no
0.442408044334405	9.30210403323609	1.28201165542977	0.206734177494124	0.895409611878479	-4.56331415527744	ANAPC15	no	no	no
-0.435553794131013	7.46369999731131	-1.28187347452615	0.20678220598749	0.895409611878479	-4.56341791527811	TSPAN5	no	no	no
-0.483370040652677	9.29906857963034	-1.28121869900237	0.207009904864071	0.895409611878479	-4.5639094497534	RBP1	no	no	no
-0.306372353082704	7.19576431726589	-1.28117723176511	0.207024331480288	0.895409611878479	-4.56394057128105	HIVEP2	no	no	no
-0.308987911750791	13.0933913395769	-1.28034824615603	0.20731289738365	0.895409611878479	-4.56456254286465	HLA-C	no	no	no
-0.462516565829721	9.2288497288636	-1.28033321614889	0.20731813204413	0.895409611878479	-4.56457381625264	NFU1	no	no	no
-0.298471538863658	9.13837836619136	-1.28022359153964	0.207356315176067	0.895409611878479	-4.56465603755923	OSER1	no	no	no
-0.718992050434906	8.60711882267512	-1.28002863704971	0.207424232440648	0.895409611878479	-4.56480224290321	GALNT6	no	no	no
0.399804249462283	8.5372219556911	1.27982039953036	0.207496795633837	0.895409611878479	-4.56495838775589	FBXL2	no	no	no
-0.251026462506746	8.21882620029512	-1.27923230831551	0.207701826958465	0.895409611878479	-4.56539923917888	APEX2	no	no	no
0.280351103327158	8.0382108585477	1.27911024935869	0.207744400485942	0.895409611878479	-4.56549071559595	PRPF31	no	no	no
-0.305393913379074	9.39077495148699	-1.27894762593894	0.207801132867046	0.895409611878479	-4.56561258066829	PLEKHB2	no	no	no
-0.29564463970681	10.0800044485394	-1.27839756480508	0.207993111974807	0.895409611878479	-4.5660246768764	CGGBP1	no	no	no
-0.391404624839998	8.27536686749669	-1.27794259105079	0.208152004832493	0.895409611878479	-4.56636541515934	CUL4A	no	no	no
0.189998953446862	6.88671290717379	1.27794147305646	0.208152395387675	0.895409611878479	-4.56636625231208	MAP6D1	no	no	no
0.29075505684905	6.95507637057786	1.27782468532334	0.208193196526452	0.895409611878479	-4.56645369920013	OR10H1	no	no	no
0.284259657820029	8.02638973522811	1.27772302141003	0.208228718871724	0.895409611878479	-4.56652981602478	PLEKHM2	no	no	no
-0.342984396883904	9.94022350260185	-1.27766777472768	0.208248024499475	0.895409611878479	-4.56657117751035	MRPL9	no	no	no
-0.377004069125354	8.53075899256895	-1.27757527578818	0.208280350716635	0.895409611878479	-4.56664042502013	IQSEC1	no	no	no
-0.281732753224076	9.80585824631965	-1.27735828879532	0.20835619737818	0.895409611878479	-4.5668028504151	YIPF5	no	no	no
0.304289513910588	8.23405131285647	1.27721307054852	0.208406969229345	0.895409611878479	-4.5669115395666	PTPRA	no	no	no
-0.381068451176256	9.54598755840395	-1.27698152567996	0.208487942182327	0.895409611878479	-4.5670848172842	TSKU	no	no	no
0.248983151341453	8.63216247499325	1.27691851997268	0.20850997982964	0.895409611878479	-4.56713196303188	HAX1	no	no	no
-0.415260406209078	8.66528473805005	-1.27655887444179	0.208635807318969	0.895409611878479	-4.56740103771298	IL15RA	no	no	no
-0.330360045509681	7.50699287221591	-1.27642915959012	0.208681204020766	0.895409611878479	-4.56749806931651	RRP7A	no	no	no
-0.325104316757433	9.60801683107067	-1.27595514899756	0.208847157975062	0.895409611878479	-4.56785257191024	TYW1	no	no	no
-0.332805319080051	11.0439468386376	-1.27478768985354	0.209256314597117	0.895409611878479	-4.56872518639764	COPS5	no	no	no
0.417021815976101	7.82604846112817	1.27428782384723	0.209431685118282	0.895409611878479	-4.56909859089669	DMAC2	no	no	no
0.211775334551893	6.81161891255902	1.27404527550331	0.209516819279149	0.895409611878479	-4.56927972938602	AIRE	no	no	no
-0.367075781802253	8.09605447554126	-1.27382729628993	0.209593351840614	0.895409611878479	-4.56944249290597	USP47	no	no	no
-0.541028622810709	9.38631924014163	-1.27362892517192	0.209663018207432	0.895409611878479	-4.56959059347982	IL13RA1	no	no	no
-0.516163050638875	9.47754768190872	-1.27355608079227	0.209688604934153	0.895409611878479	-4.56964497268466	APOC1	no	no	no
0.338604787907133	10.0065793089474	1.27335717756893	0.209758481990506	0.895409611878479	-4.56979344211471	DUS1L	no	no	no
0.952033269032877	8.53569754648131	1.27328755228675	0.209782946299973	0.895409611878479	-4.56984540833051	TMEM47	no	no	no
0.245619538711489	7.0704623680661	1.2730989204788	0.209849236804974	0.895409611878479	-4.56998618462257	ATPAF2	no	no	no
-0.449404675903719	8.83613066900544	-1.27298903757985	0.209887859971944	0.895409611878479	-4.57006818181947	TRMT11	no	no	no
0.223258775671807	7.54614364317646	1.27236288595293	0.210108050123971	0.895409611878479	-4.57053530961307	NT5C	no	no	no
-0.316366262679289	9.71027591562496	-1.27183795450611	0.210292778910733	0.895409611878479	-4.57092676516064	SUMO1	no	no	no
0.274827875334172	7.4252060224834	1.27181581763088	0.210300571778432	0.895409611878479	-4.57094327003948	PCBP3	no	no	no
0.860815635143202	11.0439369020345	1.27177590378554	0.21031462323853	0.895409611878479	-4.57097302847411	MSLN	no	no	no
0.372646306133769	8.89782562741718	1.27172680333991	0.210331909757976	0.895409611878479	-4.5710096349821	DEXI	no	no	no
-0.253915823716887	8.76665020398029	-1.27143953708905	0.210433067313739	0.895409611878479	-4.57122377898229	RNF115	no	no	no
-0.310121348805463	8.62226950946464	-1.27132576457727	0.210473141088825	0.895409611878479	-4.57130857923819	CBX3	no	no	no
-0.427116526972322	7.47870354413857	-1.27122639549023	0.21050814626237	0.895409611878479	-4.57138263833854	DGKA	no	no	no
-0.416379182103577	8.74579429850547	-1.27090384228589	0.210621803513256	0.895409611878479	-4.57162299921728	SOX4	no	no	no
-0.422467638575894	7.97962547675788	-1.27073206256527	0.210682351849771	0.895409611878479	-4.57175098404346	EXO1	no	no	no
-0.616914880846164	9.1797766311377	-1.27053632893779	0.210751359267445	0.895409611878479	-4.57189679684245	DGAT1	no	no	no
0.84378377265495	7.22994086631227	1.2705091425357	0.210760945384342	0.895409611878479	-4.57191704790101	RYR1	no	no	no
0.68745378721194	9.66371196671446	1.27033335321608	0.210822937819093	0.895409611878479	-4.57204798337591	TMPRSS3	no	no	no
-0.31561585753594	8.34835872252384	-1.27021958903242	0.210863064250133	0.895409611878479	-4.57213271118059	RPUSD2	no	no	no
-0.40025292823421	8.90321975524306	-1.27015423420464	0.210886118520272	0.895409611878479	-4.57218138221514	ABHD11	no	no	no
0.336467200638571	6.97778820616598	1.26949699211445	0.211118069176187	0.895409611878479	-4.57267071838938	VAX2	no	no	no
-0.599457273705336	6.95107668343269	-1.26942987311371	0.211141767229398	0.895409611878479	-4.57272067767048	ASPM	no	no	no
-0.436119345018004	7.76957136808052	-1.26927914427743	0.211194993098054	0.895409611878479	-4.57283286235651	LPAR1	no	no	no
-0.346791150848324	8.47280345933728	-1.26924769043992	0.211206101448548	0.895409611878479	-4.57285627135741	NIT1	no	no	no
-0.376969727440735	7.97572139934127	-1.26912748557303	0.211248557461926	0.895409611878479	-4.57294572705119	ZNF318	no	no	no
-0.616676502875144	7.78042492345241	-1.26907757184957	0.211266188722621	0.895409611878479	-4.57298287028937	ZBTB18	no	no	no
-0.759576767184771	10.8093923999133	-1.26901347913988	0.211288830109058	0.895409611878479	-4.57303056287931	RARRES2	no	no	no
-0.309428698687726	10.3577193816178	-1.26889423102526	0.211330960523685	0.895409611878479	-4.57311929188574	RUSC1	no	no	no
-0.310413112847413	6.90533803547979	-1.26822675193887	0.211566897307559	0.895409611878479	-4.57361580510888	TRIM34	no	no	no
-0.31700939150901	7.37189167043949	-1.26798667256224	0.211651807411896	0.895409611878479	-4.57379433397284	KIZ	no	no	no
0.24188077872578	6.59232131134202	1.26797275451332	0.21165673066156	0.895409611878479	-4.57380468284145	B4GALT1	no	no	no
-0.272729834679571	8.67678221849679	-1.26775669648258	0.211733168142781	0.895409611878479	-4.5739653213067	ANAPC1	no	no	no
-0.366711424047854	8.39595838193477	-1.2674860504056	0.211828947042508	0.895409611878479	-4.5741665111154	CEP350	no	no	no
0.286049791547184	7.28981997482826	1.26653208470403	0.212166804327185	0.895409611878479	-4.57487535155288	SLC25A15	no	no	no
1.14263928388359	9.48553308905512	1.2660918328676	0.212322860143871	0.895409611878479	-4.57520231721434	IFI6	no	no	no
-0.405951467774163	10.6592578716486	-1.26517628542051	0.212647668583914	0.895409611878479	-4.57588194768762	DAP	no	no	no
-0.686748148221954	10.0298248161846	-1.26504634983913	0.212693795871465	0.895409611878479	-4.57597836584852	TUBA4A	no	no	no
0.15195796196839	6.86637486045609	1.26497962213849	0.212717487192479	0.895409611878479	-4.57602787740389	HAP1	no	no	no
-0.361493497389912	9.2090894219709	-1.26462677470532	0.212842796627105	0.895409611878479	-4.57628964906778	HARS2	no	no	no
-1.03908724313375	10.440057765469	-1.26389801613243	0.213101780954567	0.895409611878479	-4.57683009518313	KLK6	no	no	no
0.239604125886749	9.60902562088129	1.26387219439532	0.213110961734842	0.895409611878479	-4.57684923940232	GNAI2	no	no	no
0.238947685141629	7.54493242042526	1.26348499310363	0.213248664530891	0.895409611878479	-4.57713626802246	DPF1	no	no	no
0.3389527290926	8.29226442463588	1.26335699327683	0.213294200522956	0.895409611878479	-4.57723113568303	RIOX2	no	no	no
0.210410934013171	7.29948551215741	1.26264007006625	0.213549380576704	0.895409611878479	-4.57776232687781	TBCD	no	no	no
0.599750399688764	9.51885368735619	1.26257263968203	0.213573393327512	0.895409611878479	-4.57781227424429	MFSD10	no	no	no
0.490081472095408	9.16370403696092	1.26202655487997	0.213767934851225	0.895409611878479	-4.57821668450183	BTG2	no	no	no
0.338022072516959	9.38284741981608	1.26202258066906	0.213769351140207	0.895409611878479	-4.57821962707919	FARSA	no	no	no
-0.225874907663538	6.60345198553327	-1.26158758935458	0.213924411302499	0.895409611878479	-4.57854165211415	ZC3H3	no	no	no
-0.379522147998912	10.2818329875284	-1.26148548047968	0.213960821943597	0.895409611878479	-4.5786172290728	UNC50	no	no	no
0.257362595744362	8.2625294420876	1.26145188346587	0.213972803195305	0.895409611878479	-4.57864209505341	CAPRIN2	no	no	no
0.307554962320944	8.35971379212844	1.26144402932232	0.213975604185262	0.895409611878479	-4.57864790801335	VAMP2	no	no	no
-0.397384738827055	8.2370897506409	-1.26090459918244	0.214168044399234	0.895409611878479	-4.57904706980783	NR1H3	no	no	no
-0.788879498365767	9.64964631483239	-1.26086040314787	0.214183816938404	0.895409611878479	-4.57907976671509	SNX7	no	no	no
-0.351237918936108	8.00968363290486	-1.26015818198343	0.214434539753846	0.895409611878479	-4.57959914243913	PREP	no	no	no
0.49232296376444	8.25729987159864	1.26010952118845	0.214451921840531	0.895409611878479	-4.57963512321817	ICAM3	no	no	no
-0.474571477047289	8.21607036837736	-1.26009173802186	0.214458274414769	0.895409611878479	-4.5796482721405	B3GNT3	no	no	no
0.30232249899031	7.55544626724905	1.25977619264405	0.214571018163615	0.895409611878479	-4.57988155950213	ALDH1B1	no	no	no
0.436780064961162	8.2330777023805	1.25968544522904	0.214603450227755	0.895409611878479	-4.57994864067617	RPP14	no	no	no
-0.479011917126343	7.88576550077493	-1.25935461651801	0.214721715520145	0.895409611878479	-4.58019315494359	RMDN1	no	no	no
-0.297632893140888	8.22581539463091	-1.25902639885708	0.214839095467952	0.895409611878479	-4.58043568229547	TIAL1	no	no	no
0.349505764791814	7.97243143193986	1.25883665394202	0.214906975471651	0.895409611878479	-4.58057586310184	EFNA3	no	no	no
-0.433107439762777	9.41932245693523	-1.25877518357111	0.21492896952695	0.895409611878479	-4.58062127244853	PARP2	no	no	no
0.304468771321673	8.20069642370312	1.25732439743902	0.21544854747899	0.895409611878479	-4.5816924168235	SPDEF	no	no	no
-0.453633323268226	7.79353312795464	-1.25591088359125	0.215955677343325	0.895409611878479	-4.58273497306746	CYP20A1	no	no	no
-0.364317726282002	8.06237531452615	-1.25582458999139	0.215986665909998	0.895409611878479	-4.58279858588946	SMAD1	no	no	no
-0.365039683102868	9.51129699268973	-1.25564983544155	0.216049431505813	0.895409611878479	-4.58292739718052	TMEM41B	no	no	no
0.3440217793742	9.51460976176022	1.25514706903394	0.216230083076905	0.895409611878479	-4.58329789547071	TXN	no	no	no
0.213680477759897	7.78236103022259	1.25484251511735	0.216339568643717	0.895409611878479	-4.5835222621735	AQP7	no	no	no
-0.468154704804701	11.7253072821527	-1.25466186846327	0.21640452970417	0.895409611878479	-4.58365532248811	PUF60	no	no	no
-0.375147517436747	10.1601218416699	-1.25457070688531	0.216437317189896	0.895409611878479	-4.58372246353416	COPS6	no	no	no
-0.526494708793429	9.00451017284038	-1.25448169810907	0.216469333963085	0.895409611878479	-4.58378801479069	TCF4	no	no	no
0.47464241918067	9.35537947527428	1.25385470931743	0.216694964052131	0.895409611878479	-4.58424964727236	PLPP1	no	no	no
-0.640863536293316	8.67734616874614	-1.25364930352049	0.216768920094749	0.895409611878479	-4.58440083602342	PLEC	no	no	no
-0.257739796041289	8.06663330682703	-1.25332844214114	0.2168844833672	0.895409611878479	-4.58463696111461	ARHGEF16	no	no	no
0.406580541805213	10.6891192631492	1.25299192366718	0.21700573508671	0.895409611878479	-4.58488454993536	SNRPF	no	no	no
0.705363591806376	7.1842273240871	1.25289190056019	0.217041784366398	0.895409611878479	-4.5849581290113	DZIP1	no	no	no
-0.256252770112357	8.72732834414652	-1.25263168000869	0.217135591224959	0.895409611878479	-4.58514952787107	TRA2B	no	no	no
0.334632395922841	7.37093918844182	1.2524709755876	0.217193538611289	0.895409611878479	-4.58526771219032	SH3D21	no	no	no
0.483521414303552	10.6674447073087	1.25198875883066	0.217367487209686	0.895409611878479	-4.58562225927919	WSB2	no	no	no
0.509961489119048	9.37614053876355	1.25193108548479	0.217388298484968	0.895409611878479	-4.58566465504004	SLC27A3	no	no	no
0.190872807283681	7.60707775385546	1.25187347146877	0.217409089832431	0.895409611878479	-4.58570700543088	BATF3	no	no	no
0.232026817439464	7.79702977272249	1.25121884377597	0.217645431332292	0.895409611878479	-4.58618807993499	URM1	no	no	no
0.263164442909868	7.6217222573316	1.25095212906197	0.217741778675202	0.895409611878479	-4.58638401894316	DBP	no	no	no
0.354404202148929	9.41693988214782	1.250685408621	0.217838159830203	0.895409611878479	-4.58657992452314	CHD3	no	no	no
-0.275129053328324	8.8088732289502	-1.25046960706834	0.217916164350665	0.895409611878479	-4.58673840274519	PSMA2	no	no	no
-0.286593316458593	7.67686421190399	-1.25045325516242	0.217922075825235	0.895409611878479	-4.58675041009279	CUL3	no	no	no
0.517969027094304	8.02801116265714	1.25041700689402	0.217935180577397	0.895409611878479	-4.58677702700904	FHIT	no	no	no
0.175488746618803	6.54496177325223	1.25024807612407	0.217996261461078	0.895409611878479	-4.58690106283096	LY6G6D	no	no	no
0.215321005396533	6.94430544927458	1.25004507419885	0.218069678421611	0.895409611878479	-4.58705009510111	KCNE2	no	no	no
-0.14455445749584	7.35566698835773	-1.25004352829241	0.218070237579261	0.895409611878479	-4.58705122993252	CDK13	no	no	no
-0.285331004906659	8.58646345226765	-1.24894102440035	0.218469287325268	0.895554363419871	-4.58786024276437	MAN2A2	no	no	no
-0.248361115095613	7.17659970139214	-1.24853789370933	0.218615335453751	0.895554363419871	-4.58815589778468	COG2	no	no	no
0.298676792251635	7.95650638578036	1.24790134795021	0.218846094150673	0.895554363419871	-4.58862256365154	RFTN1	no	no	no
0.276288265302943	11.994879267572	1.24786511446443	0.218859234853717	0.895554363419871	-4.58864912077376	PPIB	no	no	no
-0.382928841835154	9.5028484640161	-1.24727881977249	0.219071946369806	0.895554363419871	-4.58907874542638	SLC39A6	no	no	no
0.252846831183841	7.4729081733627	1.24723013707098	0.219089615678189	0.895554363419871	-4.58911441092144	DLEC1	no	no	no
0.728388967895134	9.55848750295114	1.24709497879287	0.219138676712181	0.895554363419871	-4.58921342281834	CAV1	no	no	no
-0.390529884531811	9.28569300991073	-1.24673447675	0.219269575106685	0.895554363419871	-4.58947746581232	CMTR1	no	no	no
-0.243735843797049	6.73385051369298	-1.24597495818943	0.219545546708535	0.895554363419871	-4.59003353574316	TRAF3IP2	no	no	no
0.493796581432252	10.0809324038344	1.24588576267511	0.21957797289005	0.895554363419871	-4.59009881883034	SLC25A38	no	no	no
-0.710940480254789	6.80236058421847	-1.24555082417678	0.219699768371938	0.895554363419871	-4.59034392603453	FGFR3	no	no	no
0.284160214715198	7.52388070442819	1.24485182770156	0.219954109886125	0.895554363419871	-4.5908552585721	SCPEP1	no	no	no
0.210238203101942	7.86296588617158	1.24457716946661	0.220054108698647	0.895554363419871	-4.59105610675616	ZNF544	no	no	no
-0.522787573595431	8.83057153552378	-1.24442970279939	0.220107812961056	0.895554363419871	-4.59116392759976	NCAPG2	no	no	no
0.312517492565398	8.32154633821027	1.2443077553312	0.22015223102059	0.895554363419871	-4.59125308127416	CLCN6	no	no	no
-0.620523706137567	9.75147928083761	-1.24409760116165	0.22022879304851	0.895554363419871	-4.5914067028425	RACGAP1	no	no	no
0.336284813220056	10.7267590983437	1.24337097794052	0.220493664175917	0.895554363419871	-4.59193768014129	VAT1	no	no	no
-0.348304280628033	8.86825949162939	-1.24332841039773	0.220509188370288	0.895554363419871	-4.59196877754275	ZNF322	no	no	no
0.627912263494018	8.06016092123311	1.24273671589079	0.22072506078497	0.895554363419871	-4.59240093609458	DNAJC15	no	no	no
0.366425635216375	8.48646573175418	1.24272186169381	0.220730482172818	0.895554363419871	-4.59241178283254	ZGPAT	no	no	no
-0.306808777510349	9.31215979700627	-1.24219969750814	0.220921121066134	0.895554363419871	-4.59279299993826	PRPF40A	no	no	no
0.369800756234648	10.0637960818813	1.2413782030134	0.221221290918941	0.895554363419871	-4.59339245689952	GOLGA5	no	no	no
0.294598372090694	7.14472931220257	1.24069288983804	0.221471932274135	0.895554363419871	-4.59389226649033	TRAIP	no	no	no
0.312480431229316	7.66963284206022	1.24050068945277	0.221542264029989	0.895554363419871	-4.5940323965042	SIPA1L1	no	no	no
-0.267912073756244	7.81400009616439	-1.24047630380614	0.221551188637325	0.895554363419871	-4.5940501742614	MTREX	no	no	no
0.265582680975469	8.10682832592871	1.24046236784955	0.221556289008973	0.895554363419871	-4.5940603337869	CIAO3	no	no	no
0.320927738548002	7.79690716067479	1.23924720618686	0.222001356725283	0.895554363419871	-4.59494580907831	TMEM30B	no	no	no
0.665903021808179	9.14422393027406	1.23899388842342	0.22209422088418	0.895554363419871	-4.59513030034162	CILP	no	no	no
0.170682532628098	7.63451755353757	1.23870870491276	0.222198801219052	0.895554363419871	-4.59533795867671	CD40LG	no	no	no
0.239267300898168	7.73770694565405	1.23792158547171	0.22248763713226	0.895554363419871	-4.59591088115947	FAAP100	no	no	no
0.198638322091106	7.98661775017375	1.23769695779022	0.222570115974175	0.895554363419871	-4.5960743211307	CDX1	no	no	no
-0.634157514301732	8.60406696329395	-1.23751666755033	0.222636331376043	0.895554363419871	-4.59620548163331	OSMR	no	no	no
0.270326745573525	9.15773936890266	1.23705090685609	0.222807459409679	0.895554363419871	-4.59654424100367	ATP2A2	no	no	no
-0.454515384279392	7.88421944519793	-1.23692299580077	0.222854473060976	0.895554363419871	-4.59663725374883	IFRD1	no	no	no
-0.366297232497742	8.52801100109475	-1.23611219419174	0.223152653807184	0.895554363419871	-4.59722664017608	OSGEP	no	no	no
0.255547880080425	9.66220437774918	1.23473387541386	0.223660222966492	0.895554363419871	-4.59822776402676	TMEM222	no	no	no
0.189556635585276	6.9894910607772	1.23388171400473	0.223974460765651	0.895554363419871	-4.59884621555442	TSPAN32	no	no	no
-0.434455500064256	9.665301278082	-1.23376968604021	0.224015795802701	0.895554363419871	-4.598927490551	SLC35F2	no	no	no
-0.302612278956468	7.79900556826521	-1.23352221278283	0.224107126198325	0.895554363419871	-4.59910700591152	RPE	no	no	no
-0.706733613100933	9.58739307281058	-1.23324980183559	0.224207691749119	0.895554363419871	-4.59930457327259	HLA-DQB1	no	no	no
0.470989520342642	8.1384386089399	1.23249642936703	0.224485987055141	0.895554363419871	-4.5998507549824	RETSAT	no	no	no
0.346246430829652	9.75549141832905	1.23170285619967	0.224779408787835	0.895554363419871	-4.60042575526837	POLR1D	no	no	no
0.203973813377014	7.4154019332096	1.23161302208493	0.224812642598536	0.895554363419871	-4.60049082539186	GORASP1	no	no	no
0.191567774758359	6.96833379907542	1.23145016072455	0.224872901845531	0.895554363419871	-4.60060878087247	CLN6	no	no	no
0.203157718212608	7.27414742935484	1.23033876396271	0.225284441318836	0.895554363419871	-4.60141335494832	SIPA1L3	no	no	no
0.590771014072901	7.9796372751613	1.2302385831924	0.225321564631826	0.895554363419871	-4.6014858466008	PRSS3	no	no	no
0.31034123296536	9.47098781008472	1.23009665133018	0.22537416710827	0.895554363419871	-4.60158854055977	EIF2B4	no	no	no
0.302732972405005	7.70873441858791	1.230004813071	0.225408208840661	0.895554363419871	-4.60165498388033	RASAL1	no	no	no
-1.10369114925943	8.48334779228536	-1.22915627798895	0.225722915581919	0.895554363419871	-4.60226867149296	UPK1B	no	no	no
0.165086791888308	7.88623967134102	1.22907205860347	0.225754168777639	0.895554363419871	-4.60232956074568	VRK3	no	no	no
0.255716029517354	9.23148027649079	1.22854986730424	0.225948021527186	0.895554363419871	-4.60270701238247	EIF2S1	no	no	no
0.291611457194608	9.41492014380152	1.22831983364764	0.226033455793958	0.895554363419871	-4.60287323986725	LYPLA2	no	no	no
0.427036977822243	8.46347829695359	1.22822403099495	0.226069043841468	0.895554363419871	-4.60294246071141	C12orf43	no	no	no
0.451063921460991	9.38899594222397	1.2280883030852	0.226119470109742	0.895554363419871	-4.60304052062274	GPD1L	no	no	no
0.662766295035997	7.9087062216162	1.22774412150807	0.226247379314548	0.895554363419871	-4.60328913898698	MFAP4	no	no	no
-0.391759997692739	8.80963975367203	-1.22696926852858	0.226535535793772	0.895554363419871	-4.60384862064864	PPRC1	no	no	no
0.274031490225061	7.85079762204942	1.22692834585529	0.226550761869101	0.895554363419871	-4.60387815993298	PAQR6	no	no	no
0.264667839719032	7.60570263881614	1.22644864618178	0.226729299808008	0.895554363419871	-4.60422435592353	SNTA1	no	no	no
0.365341221077581	7.78817582321573	1.22610509951051	0.226857227215025	0.895554363419871	-4.60447221595233	LILRA4	no	no	no
0.386721769827399	8.39227516904271	1.2258418894319	0.226955275518017	0.895554363419871	-4.60466207270434	CPTP	no	no	no
-0.31596492843009	9.99111309571011	-1.22578827394466	0.226975251641103	0.895554363419871	-4.6047007417108	SEMA4C	no	no	no
0.310756581117619	7.82304700990963	1.22577133511925	0.226981562998981	0.895554363419871	-4.60471295815287	ATP13A2	no	no	no
-0.215800324601058	8.48623329122981	-1.22571299419751	0.227003301651061	0.895554363419871	-4.60475503301177	FRMD8	no	no	no
-0.191261723189644	9.29548924133304	-1.225505070771	0.22708078935876	0.895554363419871	-4.60490497046288	HMGXB3	no	no	no
-0.253186686884387	7.7740842313162	-1.22547263098787	0.227092880591309	0.895554363419871	-4.60492836131847	SFXN3	no	no	no
0.327405286093779	7.93190044372413	1.22546293046655	0.227096496344626	0.895554363419871	-4.6049353558154	CHST3	no	no	no
0.55363631740223	8.31087378765605	1.22537128356895	0.227130658727078	0.895554363419871	-4.60500143473411	SARS2	no	no	no
0.515872502501533	8.55938064504795	1.22509767251904	0.227232672803693	0.895554363419871	-4.605198686192	SLC5A3	no	no	no
0.398356531031198	9.5529799803381	1.22472803635587	0.227370542909564	0.895554363419871	-4.6054651006993	IPO4	no	no	no
-0.250668215454205	7.91103636625721	-1.22441194926035	0.227488488777827	0.895554363419871	-4.60569286211902	WDFY3	no	no	no
0.231862254932946	7.99213170764019	1.22435155627905	0.227511029166968	0.895554363419871	-4.60573637315708	FBXO31	no	no	no
-0.355040998262872	9.9290857336749	-1.22429870333293	0.227530756751376	0.895554363419871	-4.60577445026889	TRIM27	no	no	no
-0.468088435084369	10.1178334474336	-1.22393115796173	0.227667979517149	0.895554363419871	-4.60603920167195	NUP107	no	no	no
0.227725313184457	9.02075084435119	1.22327158380939	0.227914384077345	0.895554363419871	-4.60651412773082	TRIM25	no	no	no
0.164810955134539	7.96441725683928	1.22322278688085	0.227932621508895	0.895554363419871	-4.60654925473056	TOM1L2	no	no	no
0.362609900739154	8.13461859006561	1.22302276384915	0.228007389643169	0.895554363419871	-4.60669323022973	TIMM50	no	no	no
-0.268754426625664	8.63442478505024	-1.22282975921919	0.22807955146299	0.895554363419871	-4.60683213371686	ASH1L	no	no	no
-0.269571364283508	7.91502109165112	-1.22257605445488	0.228174433863254	0.895554363419871	-4.60701469229124	USP34	no	no	no
0.416234893361064	8.52793277066035	1.22256995402154	0.228176715707155	0.895554363419871	-4.60701908156357	EMD	no	no	no
0.332392516516608	7.65324837940542	1.22231332879692	0.228272720641459	0.895554363419871	-4.60720370589617	HEATR6	no	no	no
0.23384648472894	7.57881633614361	1.22194704242198	0.228409802020686	0.895554363419871	-4.60746716315853	PER1	no	no	no
0.894138622885498	8.33066451178175	1.22185220877819	0.228445303065726	0.895554363419871	-4.60753536210492	ZFPM2	no	no	no
-0.403138434202315	8.18540874512695	-1.22124518026703	0.228672641007363	0.895554363419871	-4.60797178886346	AXL	no	no	no
0.302095389008453	8.89079132727895	1.22096711150091	0.228776836077654	0.895554363419871	-4.60817164247638	NRSN2	no	no	no
0.248152516698587	7.75307358875608	1.22073218810672	0.228864891424799	0.895554363419871	-4.60834045452808	ATP1B3	no	no	no
-0.484089176012406	7.82119956347704	-1.21938293168989	0.229371111280363	0.895554363419871	-4.60930943810878	KNTC1	no	no	no
0.267889095183593	11.5567428295888	1.21914272593367	0.229461319146233	0.895554363419871	-4.6094818427849	PSMC1	no	no	no
0.440062239729037	9.81821997059962	1.21903240153798	0.22950275958413	0.895554363419871	-4.6095610164296	PMVK	no	no	no
0.512582102710918	8.74182161052629	1.21901751959374	0.229508350014362	0.895554363419871	-4.60957169587137	MPZL2	no	no	no
0.386255952777278	7.77866246885505	1.21884945877185	0.22957148933955	0.895554363419871	-4.60969228991082	ANXA8	no	no	no
0.255811794796076	8.3568783583876	1.21879692070073	0.229591230165716	0.895554363419871	-4.60972998613788	SAP30BP	no	no	no
0.550212645897841	10.3285497328491	1.21866613569725	0.22964037717944	0.895554363419871	-4.6098238183861	PDHA1	no	no	no
-0.432731535946256	9.19593822782571	-1.21852335444711	0.229694041046795	0.895554363419871	-4.60992624697696	PCID2	no	no	no
0.288942536209056	10.0925213410672	1.21829831738704	0.229778639240683	0.895554363419871	-4.61008766227217	SNW1	no	no	no
-0.398238325995372	6.44734680209494	-1.21795507602561	0.229907718170006	0.895554363419871	-4.61033381150926	CCNJ	no	no	no
0.446895839970295	12.3225749434043	1.21776016614287	0.229981039507284	0.895554363419871	-4.61047355957925	SPINT2	no	no	no
-0.330818944650256	7.56310741022526	-1.21691986685696	0.230297341002646	0.895554363419871	-4.61107581217894	OBP2A	no	no	no
-0.565763656194229	9.07492390858108	-1.21669586212807	0.230381713840193	0.895554363419871	-4.61123629546928	HLA-DPB1	no	no	no
0.325188182871606	10.4430906981215	1.2163305292115	0.230519367665796	0.895554363419871	-4.61149797281416	RPS29	no	no	no
0.225900321557025	9.56629645318168	1.21603378205492	0.230631223599682	0.895554363419871	-4.61171047175848	RPS28	no	no	no
0.21090401602563	8.02112276099563	1.21545596691158	0.230849139947663	0.895554363419871	-4.61212410705457	PKD2L1	no	no	no
-0.597940711989285	9.87137588443791	-1.21543908807165	0.230855507884822	0.895554363419871	-4.61213618727855	MYL6B	no	no	no
0.446107659627804	10.7608579504339	1.21513219495216	0.23097131302986	0.895554363419871	-4.61235580486456	NIPSNAP2	no	no	no
0.208054986774705	7.63186654894481	1.21503344227972	0.231008586124111	0.895554363419871	-4.61242646315399	GRM4	no	no	no
0.214167003262968	6.76650098366097	1.2148784131904	0.231067109049057	0.895554363419871	-4.61253737714879	RAX	no	no	no
0.235487179953502	8.30681547675788	1.21479275166241	0.231099450645932	0.895554363419871	-4.61259865732061	REEP2	no	no	no
-0.41296683167328	8.27472413897872	-1.21472438250176	0.231125265881133	0.895554363419871	-4.61264756414324	CEP192	no	no	no
-0.806440685322783	7.99847938749184	-1.21455331726446	0.231189867005965	0.895554363419871	-4.61276992208589	GPM6B	no	no	no
-0.287179150103334	7.54743564721288	-1.21422220798674	0.231314944935673	0.895554363419871	-4.61300671045335	FBXL6	no	no	no
0.394551635911653	9.94181145156517	1.21373236710883	0.231500075656604	0.895554363419871	-4.61335690626006	DCXR	no	no	no
-0.178354621618055	8.2900605315461	-1.21307473714572	0.231748791956664	0.895554363419871	-4.61382685596861	TCF20	no	no	no
0.543564170103759	12.2979749597888	1.21294034891701	0.231799641881159	0.895554363419871	-4.61392286287893	SOD1	no	no	no
1.25014059376395	8.16454932852347	1.21270706653152	0.23188793093005	0.895554363419871	-4.61408949684382	MEOX1	no	no	no
0.505619659046008	11.6857615059898	1.21266301544887	0.231904605465193	0.895554363419871	-4.61412095933747	UCP2	no	no	no
-0.395432224641415	11.710380259272	-1.21215724677209	0.232096115842553	0.895554363419871	-4.61448211896721	TAX1BP3	no	no	no
0.472493225795413	8.31718960029804	1.21186337279613	0.23220744521682	0.895554363419871	-4.61469190593426	KLHL21	no	no	no
-0.30970339521987	7.74879390283962	-1.21128924670306	0.232425056753222	0.895554363419871	-4.61510162257445	NOTCH1	no	no	no
-0.560113559367654	9.521142164484	-1.21035541803142	0.232779326660163	0.895554363419871	-4.61576765951975	THEM6	no	no	no
0.310703336103182	8.06514547830187	1.21004541767633	0.232897020236737	0.895554363419871	-4.61598865883123	PDS5A	no	no	no
-0.321222648280548	7.81384551940969	-1.21003023278899	0.232902786396845	0.895554363419871	-4.61599948282094	TBC1D8	no	no	no
-0.364374085471734	8.45736807981943	-1.20971342133875	0.233023113180464	0.895554363419871	-4.61622528213346	CUX1	no	no	no
-0.272624976519384	7.3698184115609	-1.2083662228857	0.23353529656178	0.895554363419871	-4.61718486453202	DENND10	no	no	no
-0.234425040476311	7.28304645132427	-1.20828595694486	0.233565838454575	0.895554363419871	-4.61724200572633	BMP1	no	no	no
-0.239942479478812	7.51481400037037	-1.20694266468403	0.234077408039059	0.895554363419871	-4.61819778212281	RGPD5	no	no	no
0.19152981736166	6.76688866400365	1.20679943358913	0.234132003578937	0.895554363419871	-4.61829963667448	GRIN1	no	no	no
0.202330779185383	7.22781000172646	1.20676523408466	0.23414504081966	0.895554363419871	-4.61832395501676	SLC66A1	no	no	no
0.157352291964064	8.09163357459608	1.20597270295073	0.234447311892074	0.895554363419871	-4.61888732724726	STAT5B	no	no	no
-0.244900282891658	9.14601676199959	-1.20592246725419	0.23446648140786	0.895554363419871	-4.61892302606309	MACROH2A1	no	no	no
0.30610019261211	7.41205211917458	1.20571187765666	0.234546853121352	0.895554363419871	-4.61907266191517	ARL4D	no	no	no
0.245684884022895	7.14093007552734	1.20554817296655	0.234609345121942	0.895554363419871	-4.61918896699275	SMAD6	no	no	no
0.173903194445813	8.27900143338363	1.20532055056004	0.234696257114995	0.895554363419871	-4.61935065900794	ATP6V1D	no	no	no
0.219234806950123	7.62140664459477	1.20526062016613	0.234719143980904	0.895554363419871	-4.61939322606905	LRRC41	no	no	no
0.183063864838009	7.32761747701037	1.20517378487532	0.234752308482472	0.895554363419871	-4.61945489959693	UTP11	no	no	no
-0.331491843393527	11.0475307502233	-1.20516884543738	0.234754195076767	0.895554363419871	-4.61945840764107	KDELR2	no	no	no
-0.442816628522162	8.64712175590442	-1.20509584456633	0.23478207870055	0.895554363419871	-4.61951025215525	PHLDA3	no	no	no
-0.330405377639025	8.87039747222514	-1.20460595864645	0.234969259765451	0.895554363419871	-4.61985809064001	MAP3K7	no	no	no
-0.473272085303277	8.50460330386975	-1.20448549399237	0.23501530499379	0.895554363419871	-4.61994360566447	ORC6	no	no	no
0.181833458396638	8.98735167056518	1.2044262503294	0.235037952136694	0.895554363419871	-4.61998565849886	CHERP	no	no	no
-0.231224101752524	11.8914843283416	-1.20432249865876	0.235077617260291	0.895554363419871	-4.62005929985645	UQCRQ	no	no	no
0.455365320607598	10.6624881756609	1.20407051152239	0.235173974459339	0.895554363419871	-4.62023813250798	GCSH	no	no	no
0.419468436100724	8.59095744694289	1.20379318367515	0.235280055132096	0.895554363419871	-4.62043490992015	VRK1	no	no	no
0.154833861508353	7.32605929163975	1.20371837568717	0.235308675939218	0.895554363419871	-4.62048798272749	PHLDB1	no	no	no
0.228271627973588	7.91040459434476	1.20356279011419	0.235368209633953	0.895554363419871	-4.62059835390278	MYL3	no	no	no
0.211116137230838	6.85475801111091	1.2034289381726	0.235419435943146	0.895554363419871	-4.62069329704423	AGRP	no	no	no
-0.370818748579069	7.84233666965893	-1.20310811849704	0.235542249694102	0.895554363419871	-4.62092082009897	DCUN1D2	no	no	no
0.454917447276236	7.49441116927314	1.20294824747018	0.235603467827067	0.895554363419871	-4.62103417893818	FUT2	no	no	no
-0.784041333609139	9.34057361103123	-1.20285641910275	0.235638636199028	0.895554363419871	-4.62109928496995	NQO1	no	no	no
0.358063988770204	8.94255737040262	1.20223540027424	0.235876574560985	0.895554363419871	-4.62153946692792	MAPKAPK5	no	no	no
0.274785818530307	8.24415942516825	1.20209784839665	0.23592930025198	0.895554363419871	-4.62163693661238	CEP164	no	no	no
0.199581481236761	6.59403307081763	1.20187318150388	0.236015436992798	0.895554363419871	-4.62179611447978	DKKL1	no	no	no
0.227391821764796	7.79203168479607	1.20124010441574	0.236258281087853	0.895554363419871	-4.6222445080885	ANGEL1	no	no	no
-0.30382245466301	10.1693268475376	-1.20064715423945	0.236485898646471	0.895554363419871	-4.62266428609804	KDM3B	no	no	no
-0.541844198202351	8.16691832632669	-1.20031318099075	0.23661417260707	0.895554363419871	-4.6229006389591	EED	no	no	no
-0.275486673402431	8.58402049928723	-1.20023526028129	0.2366441080725	0.895554363419871	-4.62295577484813	KCTD20	no	no	no
-0.446380001652263	9.43256878392768	-1.20018328182922	0.236664078620271	0.895554363419871	-4.62299255245553	LRBA	no	no	no
-0.540060269240397	8.11945388241084	-1.20005753995379	0.236712394781785	0.895554363419871	-4.62308151574796	STC2	no	no	no
0.395015884401556	8.74858958775551	1.19893808367318	0.237142862745751	0.895554363419871	-4.62387316584391	PCYOX1L	no	no	no
-0.729277125043252	7.89531236842692	-1.19765906799378	0.237635387217864	0.895554363419871	-4.62477683030174	FZD5	no	no	no
0.221464891760978	7.03728319021594	1.19754691996214	0.237678608924986	0.895554363419871	-4.62485602457659	DDAH1	no	no	no
0.157066299730896	6.65749696550229	1.19741993810752	0.237727554507418	0.895554363419871	-4.62494568574248	POU2F2	no	no	no
-0.682190386107122	8.00884643356436	-1.19740276733975	0.23773417360319	0.895554363419871	-4.62495780926067	NEK2	no	no	no
0.265855975706717	6.66312728899711	1.19724947272567	0.237793272549078	0.895554363419871	-4.62506603679092	LDHC	no	no	no
0.470869703266774	6.97918423769329	1.19715145156419	0.237831067812827	0.895554363419871	-4.62513523410871	P3H3	no	no	no
0.339828650977664	7.01978530026205	1.19703761709191	0.237874965927554	0.895554363419871	-4.62521558825326	KPTN	no	no	no
0.268173127637168	8.9124223439596	1.1969225156492	0.237919358648409	0.895554363419871	-4.6252968296716	B4GALT2	no	no	no
-0.497286489304347	9.16211500425614	-1.19659315569976	0.238046420789839	0.895554363419871	-4.62552926075601	BTBD2	no	no	no
0.257628756259879	7.31040372396319	1.19621593268345	0.238192008719553	0.895554363419871	-4.6257953976163	CBX2	no	no	no
-0.444960773718875	8.31013655793833	-1.19609673525225	0.238238026088139	0.895554363419871	-4.62587947744455	NASP	no	no	no
0.323288804251652	8.43827393752744	1.1956083937199	0.238426623095565	0.895554363419871	-4.62622386566497	ZNF14	no	no	no
0.24871426700245	8.20092129016711	1.19469265784046	0.238780573436631	0.895554363419871	-4.62686931618375	PGF	no	no	no
0.182350623021265	7.75704177013591	1.19461993801423	0.238808697555542	0.895554363419871	-4.62692055300819	RCE1	no	no	no
0.248577548010475	8.26571992609162	1.19438215364523	0.23890067665719	0.895554363419871	-4.62708807095603	MTF1	no	no	no
0.880455723683771	8.10555511438218	1.19421443865342	0.238965567274119	0.895554363419871	-4.62720620712416	PRSS2	no	no	no
-0.336323733892278	6.99706272275297	-1.19415550986172	0.238988370472344	0.895554363419871	-4.62724771218461	CDC25A	no	no	no
-0.418115518134291	8.82215246819862	-1.19346046441481	0.23925744651906	0.895554363419871	-4.62773710997009	IDE	no	no	no
-0.246902722385108	9.24736634991661	-1.19335306781225	0.239299043169689	0.895554363419871	-4.62781270731749	UTP14C	no	no	no
0.257289706725079	8.39710872867698	1.1931636322541	0.239372427866216	0.895554363419871	-4.62794603747249	PAK4	no	no	no
0.216200489645054	7.34568264188397	1.19267792720091	0.239560658308815	0.895554363419871	-4.62828780258372	IHH	no	no	no
0.302348199345054	8.30862101265343	1.19236174850646	0.23968324844962	0.895554363419871	-4.6285102128841	YIF1B	no	no	no
0.380306597940146	9.06695255699471	1.19229091458686	0.239710718753891	0.895554363419871	-4.62856003239416	FAM114A1	no	no	no
-0.730588240519831	8.31134850335101	-1.19142910031701	0.240045125485072	0.895554363419871	-4.62916595519048	SUSD4	no	no	no
0.583987698973184	7.7634092486021	1.19129018758996	0.240099059139315	0.895554363419871	-4.62926358438891	EFS	no	no	no
0.289517896255451	10.3875361805433	1.19115673821873	0.240150879941328	0.895554363419871	-4.62935736413327	KRT10	no	no	no
0.142460609523127	6.52390240670849	1.19093728557958	0.240236115109318	0.895554363419871	-4.62951156072672	DYNC1H1	no	no	no
-0.584241304418672	9.2168366288625	-1.19034859972422	0.240464869067666	0.895554363419871	-4.62992506830562	SECTM1	no	no	no
0.224398815286638	6.78675164872525	1.18981158266245	0.240673683895557	0.895554363419871	-4.63030212015453	NT5DC2	no	no	no
-0.397738388738374	8.89527831310412	-1.18978687902919	0.240683292888161	0.895554363419871	-4.63031946140974	UBXN7	no	no	no
-0.338585366168137	8.11653531147462	-1.18961404835523	0.240750526803919	0.895554363419871	-4.63044077451193	TTF1	no	no	no
-0.373551572756208	9.40088426633594	-1.18951837229545	0.240787752221203	0.895554363419871	-4.63050792444099	UBE2G1	no	no	no
0.177061726437943	7.05816212481568	1.18949772581259	0.240795785856977	0.895554363419871	-4.63052241446248	EML2	no	no	no
0.415861695515765	9.29239904131157	1.18949318725715	0.240797551854734	0.895554363419871	-4.63052559966031	ISCA1	no	no	no
0.403908209757806	9.04586103030372	1.18848604278245	0.241189675559164	0.895554363419871	-4.63123214883613	GLTP	no	no	no
-0.470721047115775	9.75718646926665	-1.18775594403526	0.241474224587909	0.895554363419871	-4.63174399952862	DMTF1	no	no	no
0.186240402560246	8.5390784472238	1.18752269659724	0.241565182098191	0.895554363419871	-4.63190746207068	VCL	no	no	no
-0.230440851504711	12.392349363725	-1.18735440029422	0.241630826673654	0.895554363419871	-4.63202538794137	MRPL3	no	no	no
0.210207711911724	7.29120666099582	1.18640562822654	0.242001141813997	0.895554363419871	-4.63268991146275	CTSG	no	no	no
-0.413638642167374	10.3204649238898	-1.18632090386741	0.242034230666752	0.895554363419871	-4.63274922919553	SPIN1	no	no	no
-0.737758838706135	10.8254188093243	-1.18621955663305	0.242073815863775	0.895554363419871	-4.63282017996938	HLA-DPA1	no	no	no
-0.253943462325201	7.49958232136373	-1.18607215057923	0.242131399583274	0.895554363419871	-4.63292336556746	TCF12	no	no	no
0.371839889233419	8.70266029454462	1.18579687696202	0.242238961081393	0.895554363419871	-4.63311602837285	RLF	no	no	no
0.450033625514195	10.2089876020749	1.18491787682188	0.242582658013957	0.895554363419871	-4.63373096406061	EMC2	no	no	no
0.198124150452621	7.15157633329359	1.18461803171217	0.242699981311078	0.895554363419871	-4.6339406363215	ROBO4	no	no	no
0.436251562300243	9.67593876471366	1.18412097471316	0.242894560594387	0.895554363419871	-4.63428810617639	JPT1	no	no	no
0.312453059566279	10.2360070199525	1.18385493124642	0.242998753330552	0.895554363419871	-4.63447403043768	MICU1	no	no	no
-0.285490927043504	8.60469785147014	-1.18360143750014	0.243098061377353	0.895554363419871	-4.63465114892757	PRR3	no	no	no
-0.353438963355576	8.65825202006571	-1.18352166828081	0.243129317666251	0.895554363419871	-4.63470687729142	GSDME	no	no	no
0.212881935781889	8.70304114043195	1.18336682589743	0.243189998517682	0.895554363419871	-4.63481504349331	TMEM50B	no	no	no
0.199177212714784	8.4804785680359	1.1832308201452	0.243243306611914	0.895554363419871	-4.63491004060145	GSK3A	no	no	no
-0.335011327210157	8.6777608851951	-1.18289234110585	0.243376011972067	0.895554363419871	-4.63514641778109	RBBP4	no	no	no
0.408360992121345	8.45251442899945	1.18211995212603	0.243679034905306	0.895554363419871	-4.63568558565389	APPL2	no	no	no
-0.285396104272905	7.65558405713381	-1.18207230728339	0.243697735867731	0.895554363419871	-4.63571883373558	GTPBP2	no	no	no
0.501229792158062	10.2132966758978	1.18155658116182	0.243900229088381	0.895554363419871	-4.63607864562015	MOAP1	no	no	no
-0.319987935248796	7.22768657136554	-1.18127826502869	0.244009557151238	0.895554363419871	-4.63627276181633	IRAK4	no	no	no
-0.202170984061577	8.20332077965273	-1.18108125783063	0.244086966997155	0.895554363419871	-4.63641014255693	GGA2	no	no	no
0.603768991226209	7.91909234152689	1.18104772752012	0.244100143807138	0.895554363419871	-4.63643352245994	CA12	no	no	no
-0.205824451873679	8.40967517919971	-1.18045273379563	0.244334051675465	0.895554363419871	-4.63684829708038	IL17RA	no	no	no
-0.421882978465588	8.88808281795457	-1.18024643918524	0.244415189602819	0.895554363419871	-4.63699206213366	GLRX	no	no	no
-0.279456575641661	7.68082722516147	-1.17990490894322	0.24454956022976	0.895554363419871	-4.63723002146227	NUP43	no	no	no
0.417284965028914	7.19799270673751	1.17986127778499	0.24456673020752	0.895554363419871	-4.63726041671079	LTB	no	no	no
0.40515154776028	8.83307775026836	1.17970873400015	0.244626766978037	0.895554363419871	-4.63736667689399	NOP14	no	no	no
0.3859992177098	7.79714678481762	1.17900611625284	0.2449034350396	0.895554363419871	-4.63785595033311	FLNC	no	no	no
-0.264538487547987	8.30451133031336	-1.17882564315519	0.24497453616865	0.895554363419871	-4.63798158130816	STX6	no	no	no
-0.304378074211681	8.51323262463275	-1.17870436192765	0.245022325854034	0.895554363419871	-4.6380659977734	TRIOBP	no	no	no
-0.162219293407082	8.44450162082213	-1.17788033132855	0.245347206412225	0.895554363419871	-4.63863934551107	CNDP2	no	no	no
0.194426354442363	7.85136415170855	1.17760788203176	0.245454690480079	0.895554363419871	-4.63882883108609	ELAC2	no	no	no
-0.272226472636516	11.7377753373886	-1.17760213664701	0.24545695746191	0.895554363419871	-4.63883282650944	SSR2	no	no	no
-0.317714140405282	10.286477687038	-1.17700692342103	0.245691895755079	0.895554363419871	-4.63924665004527	CTBP2	no	no	no
-0.205235878443788	7.66339845912587	-1.17679247963858	0.245776579458066	0.895554363419871	-4.63939569588415	GNB1L	no	no	no
-0.393355889971996	12.0197443314827	-1.17585295588871	0.246147846522348	0.895554363419871	-4.64004840535579	CCT3	no	no	no
0.204323775948884	7.75185308155213	1.17560322287337	0.246246600747563	0.895554363419871	-4.64022182081689	TRAFD1	no	no	no
-0.364242357491211	10.270238080243	-1.17554874711975	0.246268146415477	0.895554363419871	-4.64025964450254	IQGAP1	no	no	no
-0.537401183073762	8.58626654228596	-1.17541942941283	0.246319298250751	0.895554363419871	-4.64034942616081	EFHD1	no	no	no
-0.363704139298572	7.89136197717782	-1.17534403263753	0.246349125128734	0.895554363419871	-4.64040176786992	PNMA3	no	no	no
0.698349223920704	8.17684862940596	1.174708318448	0.246600717136097	0.895554363419871	-4.64084296955607	NINJ2	no	no	no
0.435067458786839	8.08796313392602	1.17467244651339	0.246614919465808	0.895554363419871	-4.64086785909282	SLC46A3	no	no	no
0.385049400277536	9.43063753699483	1.17466084930272	0.24661951113236	0.895554363419871	-4.64087590560281	ATP5F1D	no	no	no
0.41642216793074	9.31520529270551	1.17460921993783	0.246639953423405	0.895554363419871	-4.64091172680254	ZNF512B	no	no	no
0.211079751255888	7.50202813572048	1.17457553804607	0.246653290198679	0.895554363419871	-4.64093509501172	KRT9	no	no	no
0.208889997645525	8.29610049932914	1.1743743054488	0.246732981714969	0.895554363419871	-4.64107469573321	C11orf16	no	no	no
0.22371924512628	7.67150419280242	1.17433106808979	0.246750106878464	0.895554363419871	-4.64110468785889	KCNAB2	no	no	no
-0.29112380707785	8.59747405435953	-1.17355902482467	0.247056037745304	0.895554363419871	-4.64164005554079	P2RX5	no	no	no
-0.465101483253002	8.61578745433487	-1.17328612198831	0.247164244344283	0.895554363419871	-4.64182922113601	BOP1	no	no	no
0.457248492177203	10.1355467476288	1.17319601790032	0.247199978365689	0.895554363419871	-4.64189166895731	COL18A1	no	no	no
-0.18801921266065	7.9305150484074	-1.17283747335336	0.24734220922622	0.895554363419871	-4.64214011960434	DDX56	no	no	no
-0.21465767954124	11.7985291496798	-1.17232325345732	0.247546298402273	0.895554363419871	-4.64249632329135	SDCBP	no	no	no
-0.357413110698903	7.06558072129789	-1.1722131662021	0.247590006885189	0.895554363419871	-4.64257256296812	YTHDC2	no	no	no
0.280199665238771	8.44271325686175	1.1721547929153	0.24761318538666	0.895554363419871	-4.64261298607297	SLC25A36	no	no	no
0.404981507772961	6.68283647252875	1.17195895319428	0.247690959692728	0.895554363419871	-4.64274859032794	FLRT2	no	no	no
0.327625971620175	11.2068127500865	1.17123823964981	0.247977330871509	0.895554363419871	-4.64324745206014	EIF3G	no	no	no
0.144964623640645	7.18256991119733	1.17097068013484	0.248083705064209	0.895554363419871	-4.64343257944636	ARHGEF15	no	no	no
-0.332183438459933	10.959934692105	-1.17056607883926	0.248244626025999	0.895554363419871	-4.6437124542136	PRR13	no	no	no
-0.408489308279262	6.80353402943681	-1.17008900588611	0.248434468058526	0.895554363419871	-4.64404234634035	FKBP14	no	no	no
0.306340205109727	7.84919664507232	1.17006470787708	0.248444139798311	0.895554363419871	-4.64405914493314	ME3	no	no	no
-0.31700660872105	8.43248332868331	-1.16986776219178	0.248522543420457	0.895554363419871	-4.64419529291061	WAPL	no	no	no
-0.325800835870211	8.38969706813782	-1.16975170956624	0.248568752091312	0.895554363419871	-4.64427550995359	PIGC	no	no	no
0.233032323389069	6.65066760653442	1.16938677015608	0.24871410054808	0.895554363419871	-4.64452771333888	AGER	no	no	no
-0.323050029770888	8.2158694230361	-1.16899242681081	0.248871229196819	0.895554363419871	-4.64480015650403	BLM	no	no	no
-0.438469983489651	7.77826490562562	-1.16895694095203	0.248885372289605	0.895554363419871	-4.64482466879013	MAD1L1	no	no	no
0.379377064027804	7.71430432720989	1.16884586342519	0.248929646636779	0.895554363419871	-4.64490139254265	ACTA2	no	no	no
0.360848672377293	9.09370987685883	1.16788024141237	0.249314773752766	0.895554363419871	-4.64556808890234	RWDD2B	no	no	no
0.43281538831705	8.57251013447006	1.16763752085474	0.249411647802047	0.895554363419871	-4.64573559180134	CNKSR1	no	no	no
-0.290782729696716	12.1113007834861	-1.16709493831762	0.249628300534117	0.895554363419871	-4.64610991623413	BCAP31	no	no	no
-0.293705076924458	7.91475299486916	-1.16675003910997	0.249766089244438	0.895554363419871	-4.64634777750569	ATG12	no	no	no
0.22193717678227	12.4232123824305	1.16674366909197	0.249768634611217	0.895554363419871	-4.6463521700129	HMGN1	no	no	no
0.171607636100016	7.46835131351733	1.16669241209965	0.249789116844678	0.895554363419871	-4.6463875139679	GADD45GIP1	no	no	no
-0.281812609634504	7.81441612263331	-1.16646451599089	0.249880198569163	0.895554363419871	-4.64654464120406	C1GALT1C1	no	no	no
0.381918960434761	9.76099914636283	1.16626460967028	0.249960113575258	0.895554363419871	-4.64668244726986	GMFB	no	no	no
0.25298024693836	7.8706088971842	1.16624420513318	0.249968271578976	0.895554363419871	-4.6466965119896	ATXN7	no	no	no
-0.265730956984581	7.85005846014496	-1.16585530555758	0.250123795581667	0.895554363419871	-4.64696453505798	AGGF1	no	no	no
0.326938693952703	8.30139470409146	1.1651877395792	0.250390923587285	0.895554363419871	-4.64742441991522	TMEM33	no	no	no
0.379931020952138	8.56804013033519	1.16484968265482	0.250526276453686	0.895554363419871	-4.64765721484858	ULK1	no	no	no
-0.265521057313869	9.05231005042785	-1.1647962368399	0.250547680188331	0.895554363419871	-4.64769401339864	ARL5A	no	no	no
0.423177048100983	9.80635330009863	1.16479529705124	0.250548056562402	0.895554363419871	-4.64769466044878	GET1	no	no	no
0.616122361593659	8.89970763999358	1.16446808480002	0.250679125983418	0.895554363419871	-4.64791991905276	CBS	no	no	no
-0.265103081851185	9.83884741652489	-1.16443696605712	0.250691593609024	0.895554363419871	-4.64794133872491	SNRNP27	no	no	no
-0.452100976148876	9.49648280753607	-1.16443072612542	0.250694093671801	0.895554363419871	-4.64794563373554	BAZ2B	no	no	no
-0.2540422590869	9.84390682473303	-1.16417214904187	0.250797709840172	0.895554363419871	-4.64812359656786	SSRP1	no	no	no
0.360298761756251	11.6413102136991	1.16360467065464	0.25102521641681	0.895729412039529	-4.64851403070308	TXNDC5	no	no	no
-0.229421124351024	7.79858004952624	-1.16295588605808	0.251285501938582	0.895729412039529	-4.64896019163265	EIF4E	no	no	no
0.347004674311993	11.2027952440379	1.16288514377299	0.251313894778762	0.895729412039529	-4.649008826452	RAN	no	no	no
0.537214716494814	7.72820976099394	1.16278317632896	0.251354824100817	0.895729412039529	-4.64907892358849	CACNA2D2	no	no	no
-0.282617935629291	6.7302812963319	-1.162568866077	0.251440863067441	0.895729412039529	-4.64922623205219	NMRK1	no	no	no
0.383642510546196	8.0475479112825	1.16192057209281	0.25170126262663	0.895729412039529	-4.64967169280611	BCL7A	no	no	no
0.201764093232135	11.0276201756113	1.16157797656335	0.251838951227303	0.895729412039529	-4.64990700794449	DDB1	no	no	no
-0.211283360460178	8.12802936927614	-1.16119341879619	0.251993569153276	0.895729412039529	-4.65017106968618	RAB3GAP1	no	no	no
-0.684146294839812	8.2099180180014	-1.16115894807083	0.252007432034727	0.895729412039529	-4.65019473556741	DMBT1	no	no	no
-0.404707903940959	8.43563293266227	-1.1609739728056	0.252081831812774	0.895729412039529	-4.65032171938921	FNDC3B	no	no	no
-0.423331000430028	10.9457218468178	-1.16081637498195	0.252145232487669	0.895729412039529	-4.65042989425521	GPAA1	no	no	no
-0.247434548840705	7.37024366576199	-1.16023512505389	0.252379165406044	0.89614090177869	-4.65082874708031	CCDC93	no	no	no
-0.266507405162349	7.30747455729838	-1.15987951603805	0.252522362888829	0.896229976426771	-4.65107267538368	MKNK1	no	no	no
0.277664266781162	7.70786757273563	1.15944957118631	0.252695572376737	0.896247192738434	-4.65136750268009	SEMA6C	no	no	no
-0.178354764410896	8.84196563886777	-1.15909374645466	0.252838986311047	0.896247192738434	-4.65161142777475	SLC25A24	no	no	no
0.382044868313751	7.62652387101411	1.15898815707489	0.252881555041248	0.896247192738434	-4.65168379826847	LLGL2	no	no	no
-0.203153711849848	9.09949794648278	-1.15837623482159	0.253128355442792	0.896703063071853	-4.6521030883336	TMEM127	no	no	no
-0.708675356334966	9.56735578337258	-1.15800656954643	0.253277532926744	0.89676441340384	-4.65235628540643	HSD17B11	no	no	no
-0.393461190908527	10.4640414466684	-1.15762383289706	0.253432052111646	0.89676441340384	-4.65261835764083	NAE1	no	no	no
0.289086354507143	11.6504195717449	1.15745503862153	0.253500219656199	0.89676441340384	-4.652733911389	GABARAPL2	no	no	no
-0.334885820652124	9.33549314373755	-1.15603757087891	0.254073185399491	0.897188236307899	-4.65370367785641	IER3IP1	no	no	no
-0.374272872546857	7.97116708160526	-1.15592926691303	0.254117002134938	0.897188236307899	-4.65377772975269	NUDT1	no	no	no
-0.319273651157103	7.85833151494651	-1.15578490519836	0.254175415284982	0.897188236307899	-4.65387642595065	GAS2L1	no	no	no
0.24573894866706	10.2622145532829	1.1557168664473	0.254202949191333	0.897188236307899	-4.65392293829268	FKBP2	no	no	no
0.482507378291917	8.02858333656371	1.15569643911508	0.254211216138901	0.897188236307899	-4.65393690224371	APOLD1	no	no	no
-0.563131604845122	8.87475984287256	-1.15481619367787	0.254567635749705	0.89723168293569	-4.65453841598061	ECM1	no	no	no
0.254408592803397	10.240197687227	1.1542329052177	0.254804012873416	0.89723168293569	-4.65493677376375	PPP1R8	no	no	no
-0.162802179832974	11.4729854840116	-1.15409560300259	0.254859677444411	0.89723168293569	-4.65503051774594	RPL7	no	no	no
-0.409046948787983	10.5074409184297	-1.15332094981478	0.255173898610334	0.89723168293569	-4.65555922598902	PDIA4	no	no	no
0.840862972140684	9.08997822460332	1.15243392566948	0.255534042953118	0.89723168293569	-4.65616422936724	EIF5A	no	no	no
-0.308934735966258	9.9908331302346	-1.15227028566287	0.255600523050994	0.89723168293569	-4.65627579505015	MOB4	no	no	no
-0.210068988512574	10.0908282291657	-1.15211902661456	0.255661984349639	0.89723168293569	-4.65637890680307	DPF2	no	no	no
0.241738032379447	8.14872026572445	1.15185361433682	0.255769855384635	0.89723168293569	-4.65655980569574	GNPTAB	no	no	no
-0.214026840474123	7.97137381598806	-1.15175014215586	0.255811918266635	0.89723168293569	-4.65663031961106	POLR2M	no	no	no
0.347845292968549	9.66322512526099	1.15136551860589	0.255968316721573	0.89723168293569	-4.65689238087409	THTPA	no	no	no
0.300516554259718	8.68790152803825	1.1510597664231	0.256092692979732	0.89723168293569	-4.65710064635658	PEX5	no	no	no
0.334701462090761	9.06439956789735	1.15087639222839	0.256167308212879	0.89723168293569	-4.6572255288189	ANAPC5	no	no	no
-0.283342462310163	7.43444435528447	-1.15074601165692	0.256220369770654	0.89723168293569	-4.65731431020089	TRA2A	no	no	no
-0.320429590224999	7.68699791176578	-1.15057539343749	0.256289818960218	0.89723168293569	-4.65743047710336	PLA2G15	no	no	no
0.299578525750338	7.74424619412004	1.15028326157438	0.25640876102418	0.89723168293569	-4.65762934100083	SLC43A1	no	no	no
-0.586854025582682	8.19845077073731	-1.15026327768273	0.256416898955156	0.89723168293569	-4.65764294301195	ACOX2	no	no	no
0.372175711622935	9.90181597307632	1.14994893111084	0.256544933026754	0.89723168293569	-4.65785687413842	GET3	no	no	no
0.256722947489021	8.31952617651266	1.14911542027544	0.256884646356893	0.89723168293569	-4.65842386746167	FHOD1	no	no	no
-0.340723254550721	9.10772737155338	-1.14894669612682	0.256953452447547	0.89723168293569	-4.65853859574189	CLINT1	no	no	no
-0.478872651688129	7.22679177668933	-1.14886578838514	0.256986451505913	0.89723168293569	-4.65859360554611	C1QTNF3	no	no	no
0.340481378607363	9.41470731921783	1.14874370653719	0.257036249613135	0.89723168293569	-4.65867660322888	UPF2	no	no	no
-0.416405459620064	8.28790780237262	-1.14855851428983	0.257111804165375	0.89723168293569	-4.65880249126658	EFHC1	no	no	no
0.462904228623283	10.9934373053315	1.14802998239787	0.257327521845875	0.89723168293569	-4.65916166885559	ACTN4	no	no	no
1.44087516591278	7.55162951615526	1.14756247854482	0.257518439573312	0.89723168293569	-4.65947924701166	LTF	no	no	no
-0.282387952499964	8.92046861706464	-1.14748723599722	0.257549176386595	0.89723168293569	-4.6595303486507	KATNIP	no	no	no
0.217697604387559	13.4791435738878	1.14704415619908	0.257730229298388	0.89723168293569	-4.65983120792653	RPL7A	no	no	no
-0.290506800107616	11.2925164158623	-1.14690194784205	0.257788358375903	0.89723168293569	-4.65992774742851	GANAB	no	no	no
0.290293577777148	9.92205909026505	1.14666812757144	0.257883955196581	0.89723168293569	-4.66008645471014	SCAP	no	no	no
-0.333270578789043	8.78008927470174	-1.14660475357816	0.257909869875853	0.89723168293569	-4.66012946518089	PIP5K1A	no	no	no
0.205369681265682	7.72745918820869	1.14616318641993	0.258090485928477	0.89723168293569	-4.66042908617915	NEK9	no	no	no
0.17972801343032	7.8400121659681	1.14584684822501	0.258219934871782	0.89723168293569	-4.66064366928424	SEL1L	no	no	no
-0.275230370620673	8.05168372685124	-1.1455013138317	0.258361384456475	0.89723168293569	-4.66087799514335	CHST12	no	no	no
0.225322301735974	9.14360498201033	1.14539493396552	0.258404943812884	0.89723168293569	-4.66095012413531	RUVBL2	no	no	no
0.358066372751282	11.2629712956193	1.14511802572465	0.258518354126168	0.89723168293569	-4.66113784809182	ERP29	no	no	no
-0.241659527521939	8.12214173824473	-1.14468243357207	0.258696827170614	0.89723168293569	-4.66143306417749	ZDHHC4	no	no	no
-0.61645602347535	8.24949442518754	-1.14406419690049	0.258950286010086	0.89723168293569	-4.66185188809187	PIK3R1	no	no	no
1.28973694417035	9.03187801851549	1.14248640277811	0.259597942413199	0.89723168293569	-4.66291982310984	RARRES1	no	no	no
-0.329514600429892	9.60015044997924	-1.14246399184409	0.259607150059804	0.89723168293569	-4.66293498228874	TMED7	no	no	no
-0.944509943308558	9.41608180015639	-1.14201845524701	0.259790249639474	0.89723168293569	-4.66323629505823	PEG10	no	no	no
0.273469313376231	6.77065414379388	1.14184021392518	0.259863526353791	0.89723168293569	-4.66335680802789	GNG7	no	no	no
0.238413908121818	7.22617378040708	1.14158610119329	0.259968020143549	0.89723168293569	-4.66352858953741	VRTN	no	no	no
-0.291543140859599	8.19107213562237	-1.14124350834757	0.260108945533365	0.89723168293569	-4.6637601285533	PHF20L1	no	no	no
0.379465656920117	9.01298385331979	1.14120076964623	0.260126529915771	0.89723168293569	-4.66378900873872	HMOX1	no	no	no
0.415054534601712	9.31905858862288	1.14110630278251	0.260165400320512	0.89723168293569	-4.6638528401149	AUH	no	no	no
0.237235211692706	6.88574706952804	1.14097843322294	0.260218021605584	0.89723168293569	-4.66393923401394	BCL2	no	no	no
0.204827593940946	9.12751398255893	1.14053541283847	0.260400393730688	0.89723168293569	-4.66423848800687	AKAP8	no	no	no
0.150943048483718	7.35112633352498	1.14049158887876	0.260418439114578	0.89723168293569	-4.66426808467678	ARHGAP33	no	no	no
-0.293825292858676	8.80334878966562	-1.14047165092312	0.260426649259414	0.89723168293569	-4.66428154950207	HNRNPU	no	no	no
-0.322264497550079	7.27842764808613	-1.14002169841579	0.260611982123045	0.89723168293569	-4.66458536134486	ODR4	no	no	no
-0.396045977953946	8.43505820929451	-1.13966666460138	0.260758285181541	0.89723168293569	-4.66482500563781	ADAT1	no	no	no
-0.2214501619124	6.78982569899598	-1.13943066590685	0.260855568542472	0.89723168293569	-4.66498426452193	UBR2	no	no	no
0.471361000057738	7.37427856798038	1.13937935622476	0.260876722854129	0.89723168293569	-4.66501888580531	PARM1	no	no	no
-0.627869538785024	8.52112115627289	-1.1393161338097	0.260902790319261	0.89723168293569	-4.66506154325577	HOMER2	no	no	no
0.187999867361216	6.7932786862144	1.13898033083406	0.26104127773368	0.89723168293569	-4.66528807995934	ATP2A3	no	no	no
-0.583067783684608	8.61323585548553	-1.13895846949816	0.261050295320512	0.89723168293569	-4.66530282575386	SDC2	no	no	no
-0.587269195271779	10.6054443659599	-1.13854714330448	0.261220004920592	0.89723168293569	-4.66558022294925	C1R	no	no	no
0.281786924690183	9.92429172126194	1.13837255310767	0.261292063183587	0.89723168293569	-4.66569793828029	NOP53	no	no	no
0.291023037274327	7.46601250363753	1.13797530939776	0.261456069798286	0.89723168293569	-4.66596571333142	CTSZ	no	no	no
-0.378652668405476	9.04089148548905	-1.13756862795017	0.261624049197689	0.89723168293569	-4.66623976135644	BAG5	no	no	no
0.251668781231509	9.09282705289336	1.13718033842732	0.26178450388232	0.89723168293569	-4.66650133183839	PRDX2	no	no	no
-0.46824260776575	9.86012449448334	-1.13677513649804	0.261952022419669	0.89723168293569	-4.66677420794595	IER5	no	no	no
-0.303752902255368	11.1930480894183	-1.13674901992609	0.261962822159938	0.89723168293569	-4.66679179262998	SNX3	no	no	no
0.257891513634447	7.66941343205581	1.13670222904784	0.261982171948071	0.89723168293569	-4.6668232967108	B9D1	no	no	no
-0.321117575092438	8.85138372962741	-1.13639066305267	0.262111042275928	0.89723168293569	-4.66703304229838	MCL1	no	no	no
-0.196099486665018	13.0468820947536	-1.13606703530821	0.262244949601242	0.89723168293569	-4.66725085195187	HSPA8	no	no	no
-0.260842678983584	7.93730530798608	-1.1359081190982	0.26231072220703	0.89723168293569	-4.66735778573248	ABCF2	no	no	no
-0.373369569735212	7.89140407251499	-1.13554101967768	0.262462703255495	0.89723168293569	-4.6676047522711	TAP2	no	no	no
-0.423115235226406	9.85402580859866	-1.13440220771553	0.262934577851095	0.89723168293569	-4.6683704229807	EIF4G1	no	no	no
0.32431952429685	7.86780960502511	1.13423264208726	0.26300489037001	0.89723168293569	-4.66848436868486	MYO15B	no	no	no
0.431625485248695	9.30899536214156	1.13407261158001	0.263071261355499	0.89723168293569	-4.66859189257783	ECI2	no	no	no
0.242473875595327	7.38375314746059	1.1336159060052	0.263260741052689	0.89723168293569	-4.66889867472042	WDR37	no	no	no
-0.299964461535855	9.01526860544408	-1.13307846146358	0.263483842897899	0.89723168293569	-4.66925954619641	TRIM38	no	no	no
-0.514106258867479	8.41156079786063	-1.13270454004659	0.263639143324021	0.89723168293569	-4.66951052604855	IL1R1	no	no	no
0.343607263594607	9.7078921911381	1.13228913057525	0.263811751594319	0.89723168293569	-4.66978926389813	UBE2K	no	no	no
-0.258060476158696	8.76858790752905	-1.13153939502203	0.264123481121875	0.89723168293569	-4.67029209533283	REXO4	no	no	no
0.216594896084761	7.84138667063105	1.13124445627871	0.264246184561845	0.89723168293569	-4.67048982053135	FARS2	no	no	no
0.219894449025511	9.63897768531551	1.13116571947532	0.264278948334636	0.89723168293569	-4.67054259721425	CZIB	no	no	no
-0.423707602415398	7.35801958925608	-1.13109173484449	0.264309737287083	0.89723168293569	-4.67059218547686	DTX2	no	no	no
-0.295947187458074	9.02728322647594	-1.13092141415749	0.264380626544255	0.89723168293569	-4.67070633173971	PRR14	no	no	no
0.303290834127616	9.12085775527302	1.1308591400847	0.264406549054514	0.89723168293569	-4.67074806290799	EXOSC5	no	no	no
0.204688016531104	8.01118493987777	1.1302781104736	0.264648498710536	0.89723168293569	-4.67113732135794	UBTF	no	no	no
0.20227771986789	7.36751023799668	1.13027406889677	0.264650182238334	0.89723168293569	-4.67114002835245	HAAO	no	no	no
-0.334691449931791	8.98352086099091	-1.13018935308622	0.264685472556198	0.89723168293569	-4.67119676783095	IPO5	no	no	no
0.19887072995862	7.54028715686945	1.12975183563214	0.264867783959492	0.89723168293569	-4.6714897384452	SPRING1	no	no	no
0.350048473066099	9.16678162370422	1.12961550850333	0.264924609116153	0.89723168293569	-4.67158100457555	NDUFV1	no	no	no
0.233619369408562	7.55467068437435	1.12893131384212	0.265209932931704	0.89723168293569	-4.67203889555439	ALG12	no	no	no
0.173108145990408	7.06830411480963	1.12804103668918	0.265581525591493	0.89723168293569	-4.6726343236701	ADRA2B	no	no	no
-0.327757136178253	7.79635692330638	-1.1280382120837	0.26558270514364	0.89723168293569	-4.6726362121134	PPP1R3D	no	no	no
-0.281048241220308	12.199739798534	-1.12802617164423	0.265587733259846	0.89723168293569	-4.67264426192766	SSR4	no	no	no
0.440532355704006	7.84297661659423	1.12798372854229	0.265605458141624	0.89723168293569	-4.67267263726276	FDXR	no	no	no
-0.291760461073831	7.08272118981675	-1.12732643803414	0.265880060273978	0.89723168293569	-4.67311194355658	PIK3C2A	no	no	no
0.284310981701895	8.62610770414133	1.1267781912759	0.266109260964127	0.89723168293569	-4.67347818940858	MARK4	no	no	no
0.32331056634648	10.2096592383682	1.12625634223507	0.266327556556211	0.89723168293569	-4.67382664864055	HIGD2A	no	no	no
-0.302143646495017	8.72133744866717	-1.12622147519247	0.26634214639607	0.89723168293569	-4.67384992545477	TXNDC9	no	no	no
0.299795135373646	9.75944283274471	1.12616487008219	0.266365833572093	0.89723168293569	-4.67388771292828	PNPLA2	no	no	no
-0.442458524165535	10.7296781605192	-1.12601675678297	0.266427820692195	0.89723168293569	-4.67398657961562	NMI	no	no	no
0.307065028201473	9.71394882308942	1.12591005391725	0.266472483437511	0.89723168293569	-4.67405779713403	GLG1	no	no	no
-0.596641904584861	10.6266521492651	-1.12570125778836	0.266559894910737	0.89723168293569	-4.67419713759907	ZWINT	no	no	no
-0.251293617159581	9.04684349782308	-1.1247658145052	0.266951764378718	0.89723168293569	-4.67482111565069	TJAP1	no	no	no
0.207011130028024	8.24739523680191	1.12472098900541	0.266970552663211	0.89723168293569	-4.67485100407543	ABHD4	no	no	no
0.528061849810916	10.8649098790505	1.12471216038378	0.266974253227191	0.89723168293569	-4.67485689063124	GAS6	no	no	no
-0.23286129917636	7.91228539377789	-1.12424800781165	0.267168856699639	0.89723168293569	-4.67516630832674	PI4K2A	no	no	no
-0.425488972549922	8.22404185953527	-1.12298988770523	0.26769685169064	0.89723168293569	-4.67600441737818	TNFRSF14	no	no	no
-0.740004582768556	10.820372400659	-1.12283579164265	0.267761572158414	0.89723168293569	-4.67610701065395	C1S	no	no	no
-0.40919324111959	9.15336122073422	-1.12209248601323	0.268073917486811	0.89723168293569	-4.67660170293054	KHDC4	no	no	no
0.229998113514526	8.90004373337845	1.12141542363607	0.268358652143639	0.89723168293569	-4.67705204607702	FYCO1	no	no	no
-0.301802193877978	8.29993027931782	-1.12052796565456	0.268732193067338	0.89723168293569	-4.67764195364242	SLC11A2	no	no	no
0.295652334894301	7.93255752887123	1.11997335839282	0.268965821024128	0.89723168293569	-4.67801039181849	FSTL3	no	no	no
-0.411813807037099	9.94642671748796	-1.11986218416419	0.269012670461618	0.89723168293569	-4.67808422718499	LAMTOR2	no	no	no
0.440998837826275	8.26306221275123	1.11984297847037	0.26902076443515	0.89723168293569	-4.67809698179102	ALDOC	no	no	no
-0.245586480023378	9.02943461824207	-1.11973517390183	0.269066200389171	0.89723168293569	-4.67816857165731	CCNT1	no	no	no
0.221969305254765	7.16459106929078	1.11939870137224	0.269208047174264	0.89723168293569	-4.67839197245215	MYOD1	no	no	no
0.297621861952873	7.49062499474312	1.11898371922703	0.269383064443594	0.89723168293569	-4.67866741458199	HBG1	no	no	no
0.302685656375262	10.6738764579879	1.11887231306162	0.26943006336574	0.89723168293569	-4.67874134381231	ANXA7	no	no	no
-0.308759648073548	9.50981240895377	-1.11886626349875	0.269432615661748	0.89723168293569	-4.6787453581137	LHFPL2	no	no	no
0.289045254418572	7.42100040870401	1.11833198113369	0.269658095856747	0.89723168293569	-4.67909981245395	BBS4	no	no	no
0.379247028373721	9.96756627253026	1.11792541547615	0.269829766264045	0.89723168293569	-4.67936943240089	CASC3	no	no	no
0.219926867605272	8.45429161167153	1.117610604745	0.269962746899093	0.89723168293569	-4.67957814174273	NSFL1C	no	no	no
0.179827802753527	7.42378500254921	1.11731324113276	0.270088400351508	0.89723168293569	-4.67977523451658	GFRA3	no	no	no
-0.188829054979021	7.35105223325785	-1.11693123374616	0.27024988166048	0.89723168293569	-4.68002835838398	C2CD3	no	no	no
-0.170726752461106	13.039563896307	-1.11673303375368	0.270333691319068	0.89723168293569	-4.68015965729859	TMSB4X	no	no	no
-0.336972437466137	11.5921552645936	-1.11612049607847	0.270592821934583	0.89723168293569	-4.68056530139852	GPX4	no	no	no
0.291877294151477	8.89938403139924	1.11602679274422	0.270632478143535	0.89723168293569	-4.68062733698859	COG4	no	no	no
0.191929230792656	8.5806896162958	1.11591412334154	0.27068016644734	0.89723168293569	-4.68070192257266	CD34	no	no	no
-0.381414033302422	8.33103753807241	-1.11565318157308	0.270790635215537	0.89723168293569	-4.68087463578639	PNISR	no	no	no
0.398669581432887	8.33871615649831	1.11554963664647	0.270834479455697	0.89723168293569	-4.68094316022273	GEMIN2	no	no	no
0.223925811708949	7.2280568170073	1.11546065273114	0.270872162121066	0.89723168293569	-4.68100204372753	MMP25	no	no	no
-0.306804804168553	9.95732335135127	-1.1154012130095	0.270897335564248	0.89723168293569	-4.68104137448436	ARHGEF18	no	no	no
0.290901741070041	7.58840288167475	1.11519495545919	0.270984701011698	0.89723168293569	-4.68117783837907	MRPS12	no	no	no
0.127418556598403	7.15879623575514	1.1150836193667	0.271031868452203	0.89723168293569	-4.68125149078533	RNF187	no	no	no
0.49994400636807	8.27865324989109	1.11481042621754	0.271147631174606	0.89723168293569	-4.68143218814794	DDR2	no	no	no
-0.302323299581323	7.28643091023853	-1.11479064299638	0.271156015468032	0.89723168293569	-4.68144527172416	GLI3	no	no	no
-0.306215306430254	7.34487563220744	-1.11470190464325	0.271193625781467	0.89723168293569	-4.68150395594747	PDSS2	no	no	no
0.259308790020687	11.3185345191587	1.11459101388904	0.271240630232023	0.89723168293569	-4.68157728389389	C19orf53	no	no	no
0.240891942914321	6.75560465414018	1.1139429494085	0.271515447820267	0.89723168293569	-4.6820056905604	TRIP11	no	no	no
0.785125288511294	9.25616744276977	1.1137847576038	0.271582560450986	0.89723168293569	-4.68211022929862	GGH	no	no	no
-0.334734188258599	10.5613916242387	-1.1137402546637	0.271601442874852	0.89723168293569	-4.68213963595062	RSL24D1	no	no	no
0.289168777788708	7.61904596969525	1.11370718680202	0.271615474042341	0.89723168293569	-4.68216148583089	PDLIM2	no	no	no
0.351494557619249	8.02882231487355	1.11367015289923	0.271631188667977	0.89723168293569	-4.68218595559838	TTLL1	no	no	no
0.199458351518174	6.90817150647306	1.11358332068845	0.271668036777103	0.89723168293569	-4.68224332614326	AURKC	no	no	no
0.355098766847377	10.3612777078359	1.11351407974344	0.271697422397879	0.89723168293569	-4.6822890710843	SH3BP5	no	no	no
0.379536898506955	8.71962530738238	1.11254224333707	0.272110104242451	0.89723168293569	-4.6829308511347	RAB15	no	no	no
0.339517874914984	9.08546925693268	1.11250294734585	0.272126800281318	0.89723168293569	-4.6829567905121	EPS8L1	no	no	no
0.269754027802215	9.53700567663864	1.11230287712633	0.272211817160639	0.89723168293569	-4.6830888442528	EPS15	no	no	no
0.282746313578027	8.9318159143608	1.1110595807697	0.272740559450673	0.89723168293569	-4.68390897533071	PPP1R7	no	no	no
0.147020969856461	13.2973787639633	1.1109113679665	0.272803639077025	0.89723168293569	-4.68400668641461	RPL27	no	no	no
-0.28160473188714	8.80913168317155	-1.10991904742816	0.273226238595139	0.89723168293569	-4.6846605763122	ZNF337	no	no	no
0.267064287213664	9.8015959148935	1.10935059974796	0.273468532079958	0.89723168293569	-4.68503491247783	ATP13A1	no	no	no
0.46438589072564	7.25923338904539	1.10908384487347	0.273582285314442	0.89723168293569	-4.68521051590868	PHOX2A	no	no	no
0.24562823092253	9.42250478296831	1.1088825037734	0.273668166093169	0.89723168293569	-4.6853430319958	BANP	no	no	no
0.161511364506972	7.30384119595634	1.10817190497372	0.273971420015825	0.89723168293569	-4.68581054750119	CACTIN	no	no	no
0.143619206828781	6.55305714907623	1.10814578640594	0.273982570858872	0.89723168293569	-4.6858277261051	ITGAX	no	no	no
0.308671199959885	8.27812436301167	1.10738388907298	0.274307990237016	0.89723168293569	-4.6863286740443	NFS1	no	no	no
-0.336080823572621	8.42539868547635	-1.10686872362744	0.274528181057311	0.89723168293569	-4.68666721563075	MON1B	no	no	no
0.178015807803878	7.28485484864779	1.10624432867639	0.274795226000574	0.89723168293569	-4.68707734282191	OR7C2	no	no	no
0.225052238295776	9.48929475956919	1.1060971894783	0.274858182094222	0.89723168293569	-4.68717395857542	RETREG2	no	no	no
0.396860854118663	10.4708659819805	1.10608122874432	0.274865011787877	0.89723168293569	-4.68718443813177	CHMP2A	no	no	no
0.181798012326974	7.88106534821485	1.10596493791926	0.274914776949527	0.89723168293569	-4.68726078857255	MADCAM1	no	no	no
-0.270586633428579	9.25789939808104	-1.10565902558632	0.275045718606186	0.89723168293569	-4.68746159917643	CNPY2	no	no	no
-0.491060226842264	10.4461183849244	-1.10548718517313	0.275119291913853	0.89723168293569	-4.68757437823016	GFUS	no	no	no
0.182005461100605	8.52612137157614	1.1048818541834	0.275378574582311	0.89723168293569	-4.68797152886134	SLC30A3	no	no	no
-0.331452161260639	8.84691882079462	-1.10481508816897	0.275407183174774	0.89723168293569	-4.68801532098461	NAA50	no	no	no
-0.319252277828293	9.53355510082665	-1.1042225022044	0.275661192567093	0.89723168293569	-4.68840389376816	USP9X	no	no	no
0.170282384534789	7.23075942990471	1.10406578130919	0.275728397957275	0.89723168293569	-4.68850662725586	SLC6A3	no	no	no
0.50130247446147	7.4045629195291	1.10403017836698	0.275743666900243	0.89723168293569	-4.68852996377784	WNT11	no	no	no
-0.364543057831112	8.32262147425113	-1.10390073488503	0.275799186028812	0.89723168293569	-4.68861480374381	ATF7IP2	no	no	no
-0.558074467729495	8.11764865618933	-1.10389039119864	0.275803622841987	0.89723168293569	-4.68862158281637	FADS1	no	no	no
-0.243242308696045	7.95512540526256	-1.10369692483771	0.275886617448476	0.89723168293569	-4.68874836651554	CSF1	no	no	no
-0.241086265832616	10.1564654181852	-1.10350212756133	0.275970200818962	0.89723168293569	-4.68887600168997	GNPDA1	no	no	no
0.246717402662957	7.36461574209241	1.10322571031899	0.276088836269346	0.89723168293569	-4.68905708027501	PKNOX2	no	no	no
0.247578221126179	9.24616418778803	1.10263147813447	0.276343996542076	0.89723168293569	-4.68944621504527	ACAA1	no	no	no
-0.223034616151201	7.03819833022904	-1.10208803560315	0.276577493688579	0.89723168293569	-4.68980192072724	KLHL22	no	no	no
-0.187653375387053	8.67979131606123	-1.10189564175587	0.276660191569905	0.89723168293569	-4.68992781170515	SGSH	no	no	no
0.338064839607489	9.91632695716605	1.10153377673456	0.276815781605317	0.89723168293569	-4.69016453949984	LSM14A	no	no	no
-0.262368696530344	8.17052518685825	-1.10113162324088	0.276988766779441	0.89723168293569	-4.69042753936365	IFT52	no	no	no
0.275984188294481	9.9502062696906	1.10092142065607	0.277079215162493	0.89723168293569	-4.69056497213576	GOLGA8N	no	no	no
0.140884791104209	9.68826137130064	1.10088501231765	0.277094883477271	0.89723168293569	-4.69058877384966	RPS8	no	no	no
-0.187208104377011	7.8278439631591	-1.10056004971064	0.277234758698246	0.89723168293569	-4.69080118386053	SLC36A1	no	no	no
-0.172137982682123	7.0509286382925	-1.09983975298097	0.277544977003602	0.89723168293569	-4.69127179553226	FKBP15	no	no	no
-0.284483855619215	7.66303528859223	-1.09979192044539	0.277565586243859	0.89723168293569	-4.69130303723637	CSTF2	no	no	no
0.148391894946597	6.6911763662772	1.09959034585277	0.277652449008375	0.89723168293569	-4.69143468141283	PRH1	no	no	no
0.233287957052214	8.44801223606403	1.09954612041221	0.277671509251583	0.89723168293569	-4.6914635611496	PSMD9	no	no	no
0.446540093643411	7.99626824684262	1.09954383000437	0.277672496394752	0.89723168293569	-4.69146505678386	C6orf15	no	no	no
-0.71961248646417	10.9544917878715	-1.09870388262417	0.27803467226445	0.89723168293569	-4.69201334777449	HLA-DMA	no	no	no
0.917370150419111	9.08587240712156	1.0986662029158	0.278050927130583	0.89723168293569	-4.69203793482811	ISLR	no	no	no
-0.451040452489086	10.7785575991803	-1.09842525615754	0.278154886373806	0.89723168293569	-4.69219514086042	PAM	no	no	no
0.163088281476709	6.73724591783791	1.0981804589742	0.27826053497577	0.89723168293569	-4.69235482651112	H2AC4	no	no	no
0.290035750342829	8.74659050198069	1.09802541877099	0.278327461237976	0.89723168293569	-4.69245594505838	OGFOD3	no	no	no
-0.243457567191726	8.41783278755173	-1.09768946489105	0.278472521487851	0.89723168293569	-4.69267501183091	ZFR	no	no	no
-0.50577965362448	7.71687909172408	-1.09761981188872	0.278502603358316	0.89723168293569	-4.6927204229933	HDGFL3	no	no	no
0.185422952168743	7.89127484742746	1.09756912334484	0.278524496261721	0.89723168293569	-4.69275346836288	CEND1	no	no	no
0.173064990474834	7.37055781370895	1.09714827568607	0.278706311514297	0.89723168293569	-4.69302777705906	ARR3	no	no	no
0.338956024429181	8.72383735060662	1.09691030609195	0.278809156496146	0.89723168293569	-4.69318284275995	OCEL1	no	no	no
-0.368000806966788	9.19811251531754	-1.09663029612249	0.278930204585251	0.89723168293569	-4.69336526302904	SNRPA1	no	no	no
-0.635175025623884	10.8304939158749	-1.0964637742344	0.27900220941305	0.89723168293569	-4.69347372794507	NXN	no	no	no
-0.240428342725793	7.02887531047086	-1.09644794015319	0.279009056823751	0.89723168293569	-4.69348404076608	LRRC1	no	no	no
-0.316534043260059	11.1058148621354	-1.09642180001858	0.279020361321638	0.89723168293569	-4.69350106567338	PARP1	no	no	no
-0.436014718648035	7.16269965894886	-1.09594527960183	0.279226492689939	0.89723168293569	-4.69381135476794	SLFN12	no	no	no
-0.370785950381727	8.73760353845182	-1.09537752097156	0.279472231469695	0.89723168293569	-4.69418089154544	METTL18	no	no	no
-0.895201865794619	10.1265106767318	-1.0953165092013	0.27949864779922	0.89723168293569	-4.69422059172311	TNFSF10	no	no	no
0.216987624814756	7.67305635010106	1.0951092632691	0.279588392409245	0.89723168293569	-4.69435543078466	CES3	no	no	no
0.504571773849197	7.70422573108298	1.09486167577388	0.279695632885738	0.89723168293569	-4.6945164861202	ELN	no	no	no
0.262498316736783	7.76433887279776	1.09444057568699	0.279878095383143	0.89723168293569	-4.69479033391337	COPZ2	no	no	no
-0.342566402138253	8.40334757706787	-1.09440312321313	0.279894327579564	0.89723168293569	-4.69481468511507	MORF4L2	no	no	no
0.25427583399779	7.91770581969991	1.09427028458637	0.279951906224994	0.89723168293569	-4.69490104917611	HELZ	no	no	no
0.332105848312449	9.91483431399327	1.09415063214011	0.280003776479138	0.89723168293569	-4.69497883204909	NCK2	no	no	no
0.320463662102432	9.6436696696273	1.09414098129832	0.280007960487794	0.89723168293569	-4.69498510546226	SUPT5H	no	no	no
-0.213854786473592	7.49345811232385	-1.09386050939217	0.280129574988818	0.89723168293569	-4.69516740051045	CNOT2	no	no	no
-0.271607081234469	9.86623491674768	-1.09363152296616	0.280228892586697	0.89723168293569	-4.69531620013108	SFT2D2	no	no	no
0.209103136216052	8.41800699330782	1.09332166903189	0.280363324034115	0.89723168293569	-4.69551750313884	TIMM17B	no	no	no
-0.356340127921328	8.25976041810992	-1.09311252084958	0.280454089497113	0.89723168293569	-4.69565335078566	TANK	no	no	no
-0.21841735319604	8.80274699216725	-1.09277098156857	0.280602354047638	0.89723168293569	-4.69587513856825	PLEKHJ1	no	no	no
-0.223042220924184	7.18582502112913	-1.09215133934716	0.280871485670581	0.89723168293569	-4.69627735655393	CYLD	no	no	no
0.249197480404545	9.98332424498439	1.09046116100328	0.281606509701268	0.89723168293569	-4.69737340198353	CSK	no	no	no
-0.645773096608552	8.89671093357023	-1.09034900608817	0.281655331344381	0.89723168293569	-4.6974460766058	GALNT12	no	no	no
-0.393667049580098	9.78635272419295	-1.09031111526317	0.281671826769626	0.89723168293569	-4.69747062770362	NME7	no	no	no
0.202116039090863	7.55883038909352	1.08990450500615	0.281848883550803	0.89723168293569	-4.69773403837062	PHF21A	no	no	no
-0.172341941807148	7.26318200876791	-1.08960753816586	0.281978245932057	0.89723168293569	-4.69792636234639	RNF216	no	no	no
-0.261765476964941	8.37582422220661	-1.08932430428283	0.28210166490971	0.89723168293569	-4.69810974734255	RPS6KB2	no	no	no
-0.519801009514027	7.72744618147581	-1.08895073570138	0.282264505167987	0.89723168293569	-4.69835155380909	RABL2B	no	no	no
-0.246099312007549	7.77987978640485	-1.08879814978797	0.282331037045183	0.89723168293569	-4.69845029878924	MPDU1	no	no	no
0.201560388840752	8.35157236620754	1.08827502307233	0.282559219006406	0.89723168293569	-4.69878873973027	TRAF6	no	no	no
-0.246535289199051	7.84129431801982	-1.08821660003679	0.282584710506541	0.89723168293569	-4.69882652763829	TRMU	no	no	no
0.183752990881552	7.629561611984	1.08816067383655	0.282609114084014	0.89723168293569	-4.69886269884102	DCAF6	no	no	no
-0.266143040036525	7.07168769695012	-1.08802651891907	0.28266765904298	0.89723168293569	-4.69894945876522	ANK3	no	no	no
0.194274800028007	7.91324545536803	1.08802087299519	0.282670123100382	0.89723168293569	-4.69895310984894	LRRFIP1	no	no	no
-0.322924326490586	8.35484381882022	-1.08783165073803	0.282752714317567	0.89723168293569	-4.6990754652185	UPF3A	no	no	no
-0.55196138343092	7.89374973995589	-1.08703595078185	0.283100204582855	0.89723168293569	-4.69958976737461	TOP2A	no	no	no
0.229703564119749	8.93759710054409	1.08678427707731	0.28321017538327	0.89723168293569	-4.6997523647087	CD9	no	no	no
-0.320458244148547	8.2316074213581	-1.08676861526246	0.283217019926368	0.89723168293569	-4.69976248209366	MAPK14	no	no	no
-0.370977337271926	8.20263914303726	-1.08668411208396	0.28325395159768	0.89723168293569	-4.69981706802525	MAP7	no	no	no
-0.317413190097922	9.68845139122729	-1.08647247925656	0.283346459437881	0.89723168293569	-4.69995375778925	ARPP19	no	no	no
0.418537823567007	9.74418062095665	1.08635818022571	0.28339643004627	0.89723168293569	-4.70002757119935	PEPD	no	no	no
-0.236390738464458	9.13271911355344	-1.08618433295599	0.283472446509219	0.89723168293569	-4.7001398266229	N4BP1	no	no	no
0.313920727121605	8.00572060514709	1.08547908786685	0.28378096864537	0.89723168293569	-4.70059504205706	SLC9A8	no	no	no
-0.315383054749898	9.64000489611943	-1.0854341626423	0.283800629964133	0.89723168293569	-4.70062403073405	ORAI3	no	no	no
0.442260799455881	9.75872330706856	1.08537640376968	0.283825909273227	0.89723168293569	-4.70066129888508	WASHC3	no	no	no
-0.309728676656138	9.37543695136465	-1.08537312225195	0.283827345541529	0.89723168293569	-4.70066341618606	CAB39	no	no	no
-0.301835110176542	7.56883765090195	-1.08535023026118	0.283837365144816	0.89723168293569	-4.70067818639243	HLA-DOA	no	no	no
-0.297632061061532	7.22863532404387	-1.08481526584611	0.284071584504743	0.89723168293569	-4.70102327025665	AHCTF1	no	no	no
-0.446495683751103	9.17340603872155	-1.08458323394582	0.284173215353934	0.89723168293569	-4.70117289570268	PSMC2	no	no	no
-0.249358669212218	8.46998356714426	-1.08455753533554	0.284184473009436	0.89723168293569	-4.70118946559446	FUBP3	no	no	no
-0.308456077741657	7.84995414920366	-1.08454954744826	0.284187972285008	0.89723168293569	-4.70119461593235	TSFM	no	no	no
-0.313961331005188	9.765357574875	-1.08391534813389	0.28446589407673	0.89723168293569	-4.70160341566878	MYDGF	no	no	no
0.260598336663979	11.8541284700258	1.08373067314293	0.284546858999978	0.89723168293569	-4.70172241408591	DDOST	no	no	no
0.564329089094278	9.50374083260911	1.08355378992603	0.284624423000041	0.89723168293569	-4.70183637415564	FUT8	no	no	no
-0.326341235391715	8.5118470826356	-1.08353329372021	0.284633411625882	0.89723168293569	-4.70184957807792	EP300	no	no	no
0.319602975575779	9.00567649903751	1.08300072375963	0.284867040274452	0.89723168293569	-4.70219258556282	SCCPDH	no	no	no
0.2252423970378	8.18272288220826	1.08250324591852	0.285085395936682	0.89723168293569	-4.70251285064428	UCKL1	no	no	no
-0.267691078675417	9.66437465644765	-1.08207905939028	0.285271674720996	0.89723168293569	-4.70278582487839	JOSD1	no	no	no
-0.357860635667293	8.70498581263501	-1.08175138982941	0.285415627019538	0.89723168293569	-4.70299662034844	CUL4B	no	no	no
-0.250268938043663	8.50869041024328	-1.081655420172	0.285457798182859	0.89723168293569	-4.70305834809605	THOC2	no	no	no
-0.343795874919821	8.19574446648531	-1.08142655290584	0.285558385058699	0.89723168293569	-4.70320553521973	TFAM	no	no	no
0.236807280404488	7.57780508047761	1.08131613943589	0.285606920509081	0.89723168293569	-4.70327653306222	SRPK3	no	no	no
-0.180131305903977	7.41867087718002	-1.08117176322063	0.285670393980894	0.89723168293569	-4.7033693594379	ZNF500	no	no	no
0.26132285696114	8.51520068322052	1.08111010944757	0.285697502415878	0.89723168293569	-4.70340899610292	RNPEPL1	no	no	no
0.265899291417088	9.26778257492412	1.0809888919554	0.285750805562424	0.89723168293569	-4.70348691965623	BAP1	no	no	no
-0.218557577803414	8.88567334441025	-1.08090052094283	0.285789669463544	0.89723168293569	-4.7035437230548	TMEM126B	no	no	no
0.35698962124169	7.86702453224822	1.08088029551852	0.285798564742965	0.89723168293569	-4.70355672301253	PPP1R13B	no	no	no
-0.417988305324033	9.86038497652571	-1.08073307747711	0.28586331807757	0.89723168293569	-4.70365134110762	ERMP1	no	no	no
0.141497991724975	6.9196174082838	1.08072369858101	0.285867443699608	0.89723168293569	-4.70365736858751	GCC1	no	no	no
0.305093587638471	10.3274248312582	1.08024061845723	0.286079999028947	0.89723168293569	-4.70396776137644	CDC123	no	no	no
-0.331979947406565	9.05109537980814	-1.08017458574387	0.286109062019521	0.89723168293569	-4.70401017930368	TAPBP	no	no	no
0.280257856275481	7.84597181094352	1.0799187715994	0.28622167304516	0.89723168293569	-4.70417448588659	CEP68	no	no	no
-0.223867202305832	9.6218746747827	-1.07990314443854	0.286228553226084	0.89723168293569	-4.70418452187092	SPSB3	no	no	no
-0.419694775800234	7.03656069377896	-1.07943764115785	0.286433553721189	0.89723168293569	-4.70448341303478	ACKR3	no	no	no
0.376056656439086	9.1178732093168	1.07940216304767	0.286449181945639	0.89723168293569	-4.7045061879898	MST1	no	no	no
0.161421772838786	6.66258564452687	1.07909565239096	0.286584225728067	0.89723168293569	-4.70470292176979	TBC1D1	no	no	no
0.290083761118401	9.04641904511637	1.07898045805866	0.286634990048443	0.89723168293569	-4.70477684584769	NCOA1	no	no	no
-0.28793443363622	8.21170645366538	-1.07862649068143	0.286791017210884	0.89723168293569	-4.70500395290335	KNOP1	no	no	no
0.149495398360226	7.21637773915008	1.07851084456491	0.286842006342516	0.89723168293569	-4.70507813701864	ICOSLG	no	no	no
-0.572394050224804	9.66112535937029	-1.07813043511202	0.287009776070213	0.89723168293569	-4.7053221082933	TRIB2	no	no	no
0.551857232228174	7.35901103335274	1.07732132190354	0.287366842499969	0.89723168293569	-4.70584075883665	MMP23B	no	no	no
-0.289135691427073	8.02061480211835	-1.07732036608269	0.2873672644928	0.89723168293569	-4.70584137131521	CIAPIN1	no	no	no
0.152636407971757	8.16836019294439	1.07716609672694	0.287435379752987	0.89723168293569	-4.70594021867686	WAS	no	no	no
0.269583394317961	7.58130087291478	1.07714307308798	0.287445546453722	0.89723168293569	-4.70595496984074	SH3BP2	no	no	no
-0.295308121458072	10.0783005182441	-1.07694542867852	0.287532831939272	0.89723168293569	-4.70608158790228	MAGEF1	no	no	no
-0.353767939701195	10.4168981808421	-1.07693213335658	0.287538704202405	0.89723168293569	-4.70609010458758	IGBP1	no	no	no
-0.313311455487366	9.98305473664346	-1.07674838625939	0.28761986999737	0.89723168293569	-4.706207798889	PLOD3	no	no	no
-0.294061759825328	9.31925694896214	-1.07660125710763	0.287684872245082	0.89723168293569	-4.7063020251346	TSN	no	no	no
-0.580207997280517	9.10340609091334	-1.07567924993291	0.288092452319652	0.89723168293569	-4.70689223669668	LMNB1	no	no	no
0.192892013442539	9.26216702962141	1.07552111580436	0.288162397161414	0.89723168293569	-4.70699341726426	GRB2	no	no	no
-0.355047077427805	10.5716364097918	-1.07532616937853	0.288248640890333	0.89723168293569	-4.70711813285586	ATP6V1B2	no	no	no
-0.331142082971949	9.69462090633744	-1.07478314674209	0.28848896750942	0.89723168293569	-4.70746541732615	ARFGEF1	no	no	no
-0.204881657700983	8.47864050807964	-1.07428898996074	0.288707788970971	0.89723168293569	-4.70778130892964	RHEB	no	no	no
-0.231086848563305	7.39497158909409	-1.07319783375097	0.289191382591227	0.89723168293569	-4.70847835799615	HAUS2	no	no	no
0.263152702783123	8.00170374598529	1.07299421842716	0.289281686145353	0.89723168293569	-4.7086083582532	IFNAR1	no	no	no
-0.290451793281312	9.19264557231211	-1.07299118425735	0.289283031950704	0.89723168293569	-4.70861029527669	PAFAH1B1	no	no	no
-0.297634778879231	10.1232602933971	-1.07267580268482	0.289422943193255	0.89723168293569	-4.70881160817755	CPSF4	no	no	no
-0.350749312538149	10.0185222735555	-1.07259620015456	0.289458264345627	0.89723168293569	-4.70886241102803	NAXD	no	no	no
0.535835622146252	7.78531781011081	1.07251708598301	0.289493371781957	0.89723168293569	-4.70891289874342	FAM216A	no	no	no
0.222963321762451	8.6467053506328	1.07251442291705	0.289494553586723	0.89723168293569	-4.70891459815282	PRB1	no	no	no
0.459624257348676	9.53835052775811	1.07223186205789	0.289619966429224	0.89723168293569	-4.70909488937394	EIF4EBP1	no	no	no
0.255846689287029	8.51339548209161	1.07190342208246	0.289765790022315	0.89723168293569	-4.7093043989719	MRPL35	no	no	no
-0.231239034053295	8.20438907223377	-1.07182453502349	0.289800822595893	0.89723168293569	-4.70935471162449	ERGIC2	no	no	no
0.191468544857526	7.31339745892796	1.07180489834668	0.289809543411892	0.89723168293569	-4.70936723498678	RNASE3	no	no	no
-0.312935359603838	10.3442278937601	-1.0717279183428	0.289843732653708	0.89723168293569	-4.70941632721459	HIGD1A	no	no	no
0.182955207433161	7.7093634734008	1.07168341729991	0.289863498249335	0.89723168293569	-4.70944470524116	HROB	no	no	no
0.15054581641553	6.81618505506598	1.07160298460258	0.289899225642218	0.89723168293569	-4.70949599388023	RALGPS1	no	no	no
0.190680091191661	7.67895980342375	1.0716018868578	0.28989971327061	0.89723168293569	-4.70949669384248	INTS9	no	no	no
0.259270399388453	9.84588134995329	1.07159476878031	0.289902875200363	0.89723168293569	-4.70950123257302	PRMT5	no	no	no
0.205638317636185	7.70556677682307	1.0709764086148	0.290177649460254	0.89723168293569	-4.70989541359559	HSF4	no	no	no
-0.288785974512485	8.69640168743175	-1.07093316826043	0.290196870512181	0.89723168293569	-4.70992296978393	MAPK9	no	no	no
-0.277982498777761	9.91548857195999	-1.07088661063734	0.290217567136684	0.89723168293569	-4.7099526388465	CTNNA1	no	no	no
-0.184495587683584	7.82075108142312	-1.07072865040961	0.290287794096879	0.89723168293569	-4.71005329082998	COPS8	no	no	no
0.250584084263642	8.73729115144811	1.06998837801894	0.290617066850058	0.897602093587732	-4.71052480773708	STAT5A	no	no	no
-0.374382999186179	9.37177173316523	-1.0697948144126	0.290703206723549	0.897602093587732	-4.71064804832944	MSH2	no	no	no
-0.376341852773384	8.74422058781975	-1.06966157216525	0.290762512656648	0.897602093587732	-4.71073287072444	BTAF1	no	no	no
-0.420648236481045	7.9607493534676	-1.06866673115786	0.29120558127583	0.898604290655144	-4.71136587977276	SKP2	no	no	no
0.283685692629434	8.41043166195163	1.06838561023339	0.291330868177651	0.898625458427648	-4.71154465571867	DENR	no	no	no
-0.344891157459728	9.55810939460363	-1.06780339434629	0.291590463094547	0.898887089597021	-4.71191477120581	DCTN1	no	no	no
0.133468331358721	7.8062248213776	1.06741362747577	0.291764339926622	0.898887089597021	-4.71216244203452	TCF3	no	no	no
0.251255897871656	10.7383786388897	1.06739853776537	0.29177107296751	0.898887089597021	-4.71217202885234	UBE4A	no	no	no
0.306812195574035	10.352859293941	1.06670496255815	0.292080663463408	0.899475679529357	-4.71261253646369	MLEC	no	no	no
0.22103251998359	7.32735972660542	1.06610451770486	0.292348867919208	0.899914962506988	-4.71299368011845	TECR	no	no	no
0.488739617665564	10.827548886726	1.06560089065405	0.292573958186372	0.899914962506988	-4.71331321336437	NDUFA3	no	no	no
0.240906719772857	6.59206901176913	1.06558938877499	0.292579100224662	0.899914962506988	-4.71332050925721	MGAT3	no	no	no
-0.455805689679823	7.68593197836174	-1.06468669176783	0.292982856566976	0.900424361292434	-4.7138928818231	ITPRID2	no	no	no
0.353667856072406	10.8446952353845	1.06460733526448	0.293018369477906	0.900424361292434	-4.71394317783723	POLR2I	no	no	no
0.156602122537812	8.56107210881012	1.06442336878724	0.293100708011638	0.900424361292434	-4.71405976209478	SUGP1	no	no	no
0.321276181536065	9.66955417413689	1.06402220266487	0.293280315118702	0.900611505916919	-4.71431392649686	SIDT2	no	no	no
-0.360683973975353	9.36110282701606	-1.06354360872983	0.293494687637964	0.900905214319122	-4.71461703009303	THUMPD1	no	no	no
-1.16998884541497	9.27417287086019	-1.06255296778233	0.293938762777917	0.9016265902948	-4.71524402181619	PRAME	no	no	no
0.267767827118075	9.14924756659111	1.06234182728003	0.294033471124623	0.9016265902948	-4.71537758575869	AFG3L2	no	no	no
0.180448131157506	6.7875543454344	1.06222437592416	0.294086163808596	0.9016265902948	-4.7154518728558	DEAF1	no	no	no
-0.180664455999069	6.77638472291631	-1.06182853211651	0.294263801117415	0.901758439120699	-4.71570218494537	SDK2	no	no	no
-0.350396283258636	9.31453885633565	-1.06145303971648	0.294432374427751	0.901758439120699	-4.71593954778682	FAF2	no	no	no
-0.187526031816669	8.07131037368688	-1.06072133760791	0.294761056801768	0.901758439120699	-4.71640186029993	STAMBP	no	no	no
0.171503592918168	7.73896700485051	1.06068153835382	0.294778942020806	0.901758439120699	-4.71642699824115	MAPK12	no	no	no
-0.775533697033475	9.88102175006209	-1.06068133402492	0.294779033845251	0.901758439120699	-4.71642712729678	S100A1	no	no	no
-0.571417106692187	9.80849703287666	-1.06054076471628	0.294842209733586	0.901758439120699	-4.71651590643591	RAI14	no	no	no
-0.153484789560298	7.16487857512585	-1.06012921360054	0.295027226639414	0.901960755737257	-4.71677576633391	CPSF7	no	no	no
0.185411248540824	6.84560126090449	1.05894949555076	0.295558026841905	0.903122785924739	-4.71752014013003	VENTX	no	no	no
-0.328305334060963	7.34749589917093	-1.0586496836989	0.295693029087008	0.903122785924739	-4.71770919159417	PHKB	no	no	no
0.209524518458845	7.38380847803031	1.05849126429673	0.295764380999338	0.903122785924739	-4.71780906557359	TSC22D1	no	no	no
-0.204505487494599	8.50441938424628	-1.05804631145201	0.295964851064198	0.903371395766346	-4.71808950755973	TUBGCP2	no	no	no
-0.261440711703572	7.79513940334132	-1.05736055223589	0.296273998935237	0.903951388789939	-4.71852150901107	TBRG4	no	no	no
-0.576044458682521	8.98251785164499	-1.05666330676648	0.296588554227665	0.904547407347076	-4.71896047967599	E2F5	no	no	no
0.26309421111594	8.28826353072201	1.05611435897065	0.296836369194979	0.904578009631702	-4.719305896121	KIF1B	no	no	no
0.214839717904557	13.3904441559968	1.05611293636947	0.29683701159501	0.904578009631702	-4.71930679105301	RPS5	no	no	no
0.261598665754403	10.2296848917254	1.05549765052496	0.297114944747414	0.904743671455325	-4.7196937509927	FKBP1A	no	no	no
0.146883285163493	8.40620288769147	1.05508364384343	0.297302058664164	0.904743671455325	-4.7199540063922	ATP5F1E	no	no	no
0.217208047958097	12.0616872741174	1.0549643028349	0.297356011009768	0.904743671455325	-4.72002900965266	DAD1	no	no	no
-0.341991212283222	10.0745273367839	-1.05493710565974	0.297368307407694	0.904743671455325	-4.72004610139034	BCAS2	no	no	no
0.23297504493859	7.95635239945542	1.05441447150755	0.297604669329933	0.904966088488749	-4.72037446502578	PCCB	no	no	no
-0.717332888408211	8.10560654529484	-1.05399027484012	0.297796608327441	0.904966088488749	-4.72064087064151	CDC7	no	no	no
-0.712983525332528	10.2900482983367	-1.05356204324133	0.297990459880112	0.904966088488749	-4.72090970926788	CD55	no	no	no
0.291093382097363	9.2323983904403	1.05347849352495	0.298028291274901	0.904966088488749	-4.72096214893668	AP1M2	no	no	no
-0.227343171147682	9.92312139409956	-1.05345766114541	0.298037724714468	0.904966088488749	-4.72097522370037	GTF2B	no	no	no
0.230500101335075	8.96893264414505	1.05260388396754	0.298424514744052	0.905078676025493	-4.72151086241817	SUN2	no	no	no
0.497255611757472	8.58830181378373	1.05234453609847	0.298542076820158	0.905078676025493	-4.7216734909541	MYCL	no	no	no
0.221548019801025	9.60587587082192	1.05234380134719	0.298542409927503	0.905078676025493	-4.72167395163962	KAT5	no	no	no
-0.698778562431719	8.11980971203127	-1.05232283721169	0.298551914350528	0.905078676025493	-4.72168709592551	PMEPA1	no	no	no
-0.161164127101278	7.10177588786039	-1.05133255420379	0.299001113156911	0.905774617970422	-4.7223077153913	CYP2D6	no	no	no
-0.423757019602956	9.50896739507841	-1.05129045823396	0.299020218504996	0.905774617970422	-4.72233408528964	PSMB10	no	no	no
-0.239607008296809	9.09944008105813	-1.0502735495017	0.299482001075988	0.906811422252434	-4.72297080244311	JPT2	no	no	no
0.471272213878475	8.73030455372244	1.04937590836206	0.299890032805164	0.907451073405873	-4.72353236659375	PGAP3	no	no	no
0.180221179535053	6.92806381263744	1.0487410972002	0.300178824138299	0.907451073405873	-4.72392923487546	APOBEC2	no	no	no
0.233692965079876	7.53953305420268	1.04836441557786	0.300350276657664	0.907451073405873	-4.72416462137871	EMC1	no	no	no
0.198560402257416	9.1166213556244	1.04788161620936	0.300570129126535	0.907451073405873	-4.72446620536922	USP4	no	no	no
0.264798504431101	8.31427593419143	1.04784158537634	0.300588362960432	0.907451073405873	-4.72449120510876	AHNAK	no	no	no
-0.300471290122412	8.76755892490641	-1.04764476915596	0.300678022813583	0.907451073405873	-4.72461410630232	BCL9	no	no	no
-0.208820272307211	7.05802072944938	-1.04729200212487	0.300838772402296	0.907451073405873	-4.72483433670308	SYT12	no	no	no
-0.127184004151644	11.9148826528083	-1.04725333098323	0.300856397750398	0.907451073405873	-4.72485847467637	RPS3A	no	no	no
-0.257093889055243	11.1903683226272	-1.04722513170021	0.300869250733882	0.907451073405873	-4.72487607574276	RTL8C	no	no	no
-0.253949198923753	8.61405553140947	-1.04693040829967	0.301003605714335	0.907451073405873	-4.72506000603424	NBN	no	no	no
-0.260721448264242	9.14611729636456	-1.04669160192648	0.301112500251007	0.907451073405873	-4.72520900444582	TPP1	no	no	no
-0.442164350515078	8.81940393290808	-1.04603478697875	0.3014121447489	0.907451073405873	-4.72561864781158	WWP1	no	no	no
-0.2494934916192	9.62559834967326	-1.04571979353021	0.301555920314178	0.907451073405873	-4.72581501856027	ACTR3	no	no	no
-0.230212919100483	9.30732182784641	-1.04568374707601	0.301572376366552	0.907451073405873	-4.7258374868506	HSPA9	no	no	no
0.258982879653987	9.85902350677001	1.04529577521664	0.301749533810237	0.907451073405873	-4.72607926986674	BABAM2	no	no	no
0.516337606202935	7.96057742907053	1.04528272735598	0.301755493029004	0.907451073405873	-4.72608739980766	CBR3	no	no	no
-0.358976800446438	11.3268974649393	-1.0451519702062	0.301815216911923	0.907451073405873	-4.72616886755997	CETN2	no	no	no
-0.278889519657594	9.64898649755106	-1.04491039906884	0.301925576978819	0.907451073405873	-4.72631935261448	RBM22	no	no	no
0.282072956384488	8.30527601465648	1.04482309826734	0.301965466572197	0.907451073405873	-4.72637372807912	SLC33A1	no	no	no
-0.239924720831375	8.66117408764461	-1.04420302072127	0.302248897684085	0.907732211350992	-4.72675982289293	PARD3	no	no	no
0.224388780604702	9.29939730092936	1.04376528739736	0.302449091425203	0.907732211350992	-4.72703225163507	ARID1A	no	no	no
0.467432160663706	7.78388196640928	1.04370645122008	0.3024760066283	0.907732211350992	-4.7270688609544	CRTAC1	no	no	no
-0.330430492617941	7.3750597677062	-1.04357198007119	0.302537528005622	0.907732211350992	-4.72715252500762	YPEL1	no	no	no
-0.224680410085063	7.41067568653083	-1.04308243812929	0.302761569236468	0.907838191244576	-4.7274570190959	MMP15	no	no	no
0.277949162386266	8.60841019034144	1.04297198904279	0.302812132583029	0.907838191244576	-4.72752569982149	ZNF136	no	no	no
0.376502261151145	9.32015868868632	1.04247090594339	0.303041600327773	0.908167323573121	-4.72783720409739	PSMD3	no	no	no
-0.26797062136224	7.48878538064939	-1.04198052029174	0.303266285101533	0.90833788097668	-4.72814192330055	ARHGEF28	no	no	no
-0.253031452658336	11.1803801678997	-1.04182421078077	0.303337927042028	0.90833788097668	-4.72823902393365	TMX2	no	no	no
-0.271679786203963	8.72128441202431	-1.04135065136761	0.303555046435902	0.908629371088733	-4.72853311981164	TES	no	no	no
-0.197209380023009	7.64027431863166	-1.04108964182395	0.303674760817215	0.908629371088733	-4.7286951620725	GON4L	no	no	no
-0.46857663540303	10.7081632520276	-1.04072735309189	0.30384098162998	0.908706431310737	-4.72892001871654	RBBP8	no	no	no
0.248596585357737	6.99060314753588	1.04047504556959	0.303956779189688	0.908706431310737	-4.72907657184003	NBEAL2	no	no	no
-0.264768840082418	7.00069176193959	-1.04005457672834	0.304149822492639	0.908706431310737	-4.72933738809258	IPP	no	no	no
-0.137787326846403	7.43706418035157	-1.03998986915224	0.304179538156203	0.908706431310737	-4.72937751740107	LRRC36	no	no	no
0.373404267849923	10.0278670835855	1.03955281914492	0.304380296925867	0.908743848863576	-4.72964849921015	SDR39U1	no	no	no
-0.295906997930212	10.5863873289057	-1.03932366443638	0.30448559545285	0.908743848863576	-4.72979053841915	MKNK2	no	no	no
0.932347972870822	8.98480091696641	1.03872708752961	0.304759845019264	0.908743848863576	-4.73016018378289	SERPINA5	no	no	no
0.20818259212409	8.53168514331384	1.038434094933	0.304894597403846	0.908743848863576	-4.73034165273824	GPR153	no	no	no
-0.251116339491015	8.76585994535915	-1.03840305880077	0.304908873857708	0.908743848863576	-4.73036087259739	TBL1XR1	no	no	no
0.208972997857218	7.82119383774394	1.03827326187163	0.304968584723787	0.908743848863576	-4.73044124662054	TACR2	no	no	no
-0.333873283629915	9.66149691297359	-1.03813893524945	0.305030387856553	0.908743848863576	-4.73052441571031	LSM2	no	no	no
0.362635504529444	7.80542135390677	1.03780496003626	0.305184085783158	0.908844914804791	-4.73073115493066	BPHL	no	no	no
0.964546533008797	8.00330931175183	1.03739224805595	0.305374092442215	0.909053987230886	-4.73098654865758	C7	no	no	no
-0.282170880141022	8.65421734723742	-1.03645836313033	0.305804339484854	0.909977775690616	-4.73156410450271	RNF38	no	no	no
-0.214070876420185	8.33847301414761	-1.03605000721458	0.30599260249321	0.909993840038917	-4.73181649767239	OLA1	no	no	no
-0.244871925362244	9.76323777768486	-1.03575766595729	0.30612742848798	0.909993840038917	-4.73199712858336	TRIM26	no	no	no
0.269781827684715	7.32574940146694	1.03566643024914	0.306169514182836	0.909993840038917	-4.73205349129875	MTSS1	no	no	no
0.334929255679008	8.53282915360344	1.03537141582704	0.306305627186918	0.910041933866223	-4.73223571080621	BASP1	no	no	no
0.249857122447184	7.8963380470662	1.0346873851818	0.306621383227619	0.910291285525222	-4.73265802520305	CYTH2	no	no	no
-0.366122725625508	8.65881838951091	-1.03466984227832	0.306629484159524	0.910291285525222	-4.73266885261504	ACD	no	no	no
0.422688573799446	8.9325833063802	1.03418537588536	0.306853258229045	0.910599344326162	-4.73296779581525	TUBB2A	no	no	no
0.398114867961433	10.6671927066102	1.03323622639491	0.307291993073974	0.910736733029344	-4.73355309667004	KLF10	no	no	no
0.304789863649221	8.96771717515781	1.03321289366387	0.307302783807876	0.910736733029344	-4.73356747868473	ERCC1	no	no	no
-0.231040127424835	7.07211811122581	-1.0327430646567	0.307520121824302	0.910736733029344	-4.73385701123128	NSMAF	no	no	no
-0.302542455008356	8.89664966490961	-1.03217992291905	0.307780764115312	0.910736733029344	-4.73420388613567	PRRC2C	no	no	no
-0.2829658596594	8.84315638628184	-1.03214972992327	0.307794742795812	0.910736733029344	-4.73422247894698	CPSF6	no	no	no
-0.622539596135446	10.0545359528783	-1.03198153898047	0.307872619394191	0.910736733029344	-4.73432604145595	TPX2	no	no	no
-0.171018153402452	6.88614935641205	-1.03176943958784	0.307970845943204	0.910736733029344	-4.73445661789105	SPIN2A	no	no	no
-0.185800636569357	6.97095455487381	-1.03175920136422	0.307975587967942	0.910736733029344	-4.73446292029718	APOBR	no	no	no
0.109775172081656	6.86654156500182	1.03157101412582	0.308062759316015	0.910736733029344	-4.7345787534884	ZC3H4	no	no	no
-0.315704303236819	8.97144293542841	-1.03133822306476	0.308170615252619	0.910736733029344	-4.73472201402053	DNASE1L1	no	no	no
-0.323238575106573	7.24524396517131	-1.03123205856905	0.30821981159981	0.910736733029344	-4.73478733806225	VAV1	no	no	no
0.243110689305533	8.20267601118265	1.03013299769225	0.308729429578477	0.911818998787259	-4.73546323252096	B4GALT7	no	no	no
0.197544286837856	7.2694341320077	1.0296828952008	0.308938301715133	0.911818998787259	-4.73573984017906	MYO9A	no	no	no
0.292935984796609	9.38233407989883	1.02966506135748	0.308946579583822	0.911818998787259	-4.73575079753439	EBNA1BP2	no	no	no
-0.232260946985112	8.98101083510634	-1.02929269143325	0.309119455821031	0.911974506520213	-4.73597954625385	TERF1	no	no	no
-0.211712799211204	7.14181310112919	-1.02899393561437	0.309258203868092	0.912029246385961	-4.73616301768589	CLEC16A	no	no	no
-0.263515006204012	9.4175684110089	-1.02860871281484	0.309437171755592	0.912202509433346	-4.73639951678183	ZNF212	no	no	no
-0.344286234734491	7.89410975812489	-1.02828407137748	0.309588049585424	0.912241229585315	-4.7365987591667	COL7A1	no	no	no
-0.162807514848003	8.28125790466498	-1.02806315543385	0.309690749527118	0.912241229585315	-4.73673430851052	DGUOK	no	no	no
0.194907364567132	6.90631400548473	1.02763546672112	0.309889640708008	0.91246974167656	-4.73699665206319	HEYL	no	no	no
0.266387506391451	7.80178818616929	1.02737925839417	0.31000882894599	0.91246974167656	-4.737153761074	DMPK	no	no	no
-0.255689673010974	9.81335104009439	-1.02670254481148	0.310323787129944	0.91291297109657	-4.73756855161375	CREB3	no	no	no
0.291188462703258	11.1520160065771	1.02653879061813	0.31040003498012	0.91291297109657	-4.73766888619003	TCEAL4	no	no	no
-0.256277143689358	7.22815538016334	-1.02612321266572	0.310593595440109	0.913032057208992	-4.73792344983836	RABGAP1L	no	no	no
-0.312522109987833	9.31688010694191	-1.02589508731202	0.31069988263971	0.913032057208992	-4.73806314790529	POT1	no	no	no
-0.156644499699459	7.09261968776285	-1.02567702857943	0.310801502869113	0.913032057208992	-4.73819665435155	ACVR1B	no	no	no
0.195539318910611	7.45026694908196	1.02517631251778	0.311034933636553	0.913364193666472	-4.73850311754443	VPS16	no	no	no
-0.354376012190861	7.4458441397429	-1.02402646214805	0.311571439982875	0.913616768830128	-4.73920635490671	REXO5	no	no	no
-0.26347091477078	8.44620147564307	-1.02386552589853	0.311646581269094	0.913616768830128	-4.739304723222	PDCL	no	no	no
-0.671144735406794	9.45903518786441	-1.02385220500104	0.311652801362922	0.913616768830128	-4.73931286464583	RAD51AP1	no	no	no
0.381755765798893	9.96394043867026	1.02373717922074	0.311706515319106	0.913616768830128	-4.73938316162582	NME4	no	no	no
0.28966315372957	9.58287449440568	1.02360226929272	0.311769522690714	0.913616768830128	-4.73946560123551	NUP85	no	no	no
0.208749462343736	8.71911191683771	1.02294473750392	0.312076736074611	0.913616768830128	-4.73986725504975	LILRB3	no	no	no
-0.224622656276152	9.67784758173674	-1.02275751775399	0.312164247045999	0.913616768830128	-4.73998157433452	LMAN2L	no	no	no
0.222397373055782	8.99659531481489	1.02261830438692	0.312229329542449	0.913616768830128	-4.74006656751942	PPAN	no	no	no
0.302794969160823	7.7116573382522	1.02258324947549	0.312245719234675	0.913616768830128	-4.74008796770353	NXPH4	no	no	no
0.490919796838785	8.01190108116134	1.02183609077743	0.312595187917833	0.913616768830128	-4.74054392740186	MRC1	no	no	no
-0.31281688377471	7.96930357541671	-1.02167372014246	0.312671168835395	0.913616768830128	-4.74064297426831	CREBZF	no	no	no
-0.23540341319797	6.83329789433738	-1.02162769263402	0.31269270957943	0.913616768830128	-4.74067104859706	TPP2	no	no	no
0.202443396794117	7.52829094352348	1.02138837169352	0.312804727413625	0.913616768830128	-4.74081700259921	ACACB	no	no	no
0.190093972106142	8.1688364351261	1.02084174996836	0.313060684696248	0.913616768830128	-4.74115024958717	VPS45	no	no	no
-0.217491643236727	8.0496906328065	-1.02040070169179	0.313267310933227	0.913616768830128	-4.74141901252775	RAB5A	no	no	no
-0.45398372950213	9.87447709842278	-1.01983459114166	0.313532663646768	0.913616768830128	-4.74176382616394	MRPS28	no	no	no
0.244219247536361	10.3620049961587	1.01956966888342	0.313656893111289	0.913616768830128	-4.74192512694296	RNF11	no	no	no
0.210192904830201	9.7522307585568	1.01955327185898	0.313664583237003	0.913616768830128	-4.74193510916282	NOTCH2	no	no	no
-0.229757697382207	9.3136259759826	-1.01909232535172	0.313880817494237	0.913616768830128	-4.74221566395605	MZT2B	no	no	no
0.264438619322267	10.3260039683122	1.01902156459187	0.313914021006694	0.913616768830128	-4.74225872195976	PEF1	no	no	no
-0.163504036748575	9.88754916198064	-1.01859472247243	0.314114361533422	0.913616768830128	-4.74251839667446	NXF1	no	no	no
0.22965709472478	8.5391945826893	1.01843496863531	0.314189365198344	0.913616768830128	-4.74261555878619	ESD	no	no	no
-0.435172211605596	8.65445821490784	-1.0183927493399	0.314209188993327	0.913616768830128	-4.74264123413905	PIK3R3	no	no	no
-0.231045746641329	7.65266432583563	-1.01816742859226	0.314315001282864	0.913616768830128	-4.742778244483	DEF6	no	no	no
-0.248420510963177	9.98584236250219	-1.01806619957631	0.31436254707446	0.913616768830128	-4.74283978939598	TAF6	no	no	no
-0.59637375486027	7.33709965375793	-1.01796634859146	0.314409450421579	0.913616768830128	-4.74290049090008	TFAP2A	no	no	no
-0.13354102043053	7.42849624199812	-1.01735776632553	0.3146954248672	0.913616768830128	-4.74327034059389	BAZ1B	no	no	no
0.267622806213711	7.52962845239147	1.01712883659889	0.314803045368828	0.913616768830128	-4.74340941308929	SLC25A16	no	no	no
0.289156796211442	7.79494173250856	1.01683487178108	0.31494127577244	0.913616768830128	-4.74358795088266	PRR36	no	no	no
0.239415839935072	8.5158442892737	1.01667938010281	0.315014408965972	0.913616768830128	-4.74368236834497	ACVR2A	no	no	no
-0.188992573185254	8.44484777395438	-1.01623149086645	0.315225131562849	0.913616768830128	-4.74395425972013	CDC5L	no	no	no
0.204114939895185	8.15488742395771	1.01616647930898	0.315255726119405	0.913616768830128	-4.74399371571769	MYCBP	no	no	no
-0.288360516948524	9.60423190185956	-1.01613140055788	0.315272235082043	0.913616768830128	-4.74401500429329	ACP2	no	no	no
-0.218989303815683	7.53861679376616	-1.01605088750615	0.31531012881901	0.913616768830128	-4.74406386341974	OBI1	no	no	no
0.358544363134027	7.19286294700581	1.01593302102811	0.315365608657856	0.913616768830128	-4.74413538384979	RPRM	no	no	no
-0.234134834888318	10.0753802415984	-1.01574218938631	0.315455447329327	0.913616768830128	-4.74425116252301	BCL7C	no	no	no
0.244972092674859	10.4986835099993	1.01433386986845	0.316118986395305	0.914738384322363	-4.74510496998577	RBM23	no	no	no
0.140630691552558	6.58859670027736	1.01417857028679	0.316192214848237	0.914738384322363	-4.74519905412894	YME1L1	no	no	no
-0.336154547222527	8.08237419876608	-1.01409289321351	0.316232619115158	0.914738384322363	-4.7452509535567	LARP4	no	no	no
-0.152736134501398	7.25216609408652	-1.01370849238576	0.31641394105793	0.914738384322363	-4.74548375636439	STK38	no	no	no
-0.269343991028078	8.24965858343878	-1.01345147917002	0.316535213636216	0.914738384322363	-4.74563936403091	B3GNT2	no	no	no
-0.460570518911947	9.02964183678506	-1.01300692461108	0.316745052784326	0.914738384322363	-4.74590843085081	PAX8	no	no	no
-0.321441907918508	9.40696455428412	-1.01291781221683	0.316787127083387	0.914738384322363	-4.74596235289043	EIF2AK2	no	no	no
-0.261869011260433	11.321772166326	-1.01209647384199	0.317175099629717	0.914738384322363	-4.74645913723147	RPS20	no	no	no
0.804999287717843	9.57394322683803	1.01196716240224	0.317236211373062	0.914738384322363	-4.74653731660145	HBA1	no	no	no
-0.228934162258881	9.304480057353	-1.01188009644036	0.317277362681707	0.914738384322363	-4.74658994985686	VRK2	no	no	no
0.177314495103991	11.2834360009737	1.01177486944713	0.317327102550815	0.914738384322363	-4.74665355619989	RPL14	no	no	no
0.256494637263243	8.71355874422612	1.0116069662521	0.317406479867198	0.914738384322363	-4.74675503549536	MRPL12	no	no	no
0.218361800120984	7.92325651198509	1.01159977572476	0.317409879536213	0.914738384322363	-4.74675938103886	SPTLC2	no	no	no
0.245284477713622	9.29722571534345	1.01103409557862	0.317677409597234	0.915120944462723	-4.74710115529987	MYOF	no	no	no
-0.637577134159933	10.0301178414257	-1.01065181114555	0.317858291987537	0.915120944462723	-4.74733202383531	EGR1	no	no	no
-0.284332715035954	7.34845406798188	-1.01044205291175	0.31795757125498	0.915120944462723	-4.74745866598139	MCCC2	no	no	no
-0.258942404151089	7.30688924576083	-1.01029954993942	0.318025030383263	0.915120944462723	-4.74754468855052	SRGAP2	no	no	no
1.12532929602252	9.13637773516849	1.01003321685928	0.318151135166719	0.915136775453018	-4.74770543132417	PNOC	no	no	no
-0.199534378735409	8.68749355685053	-1.00925792740197	0.318518416325749	0.915846056491014	-4.74817312431778	HERPUD1	no	no	no
0.19065100174407	7.1328721867652	1.0088585724326	0.318707716585661	0.916043239943937	-4.74841390400025	PTPN2	no	no	no
-0.343882285504883	9.3787010908744	-1.00857920579189	0.318840185901946	0.916076990012862	-4.74858228718355	GLRX2	no	no	no
0.455254420801499	8.45585201169673	1.00744796173141	0.319376977632879	0.916710065069794	-4.74926367829341	CEMIP	no	no	no
0.314963605966496	10.5745079192409	1.00715365906802	0.319516728821593	0.916710065069794	-4.74944083071597	MRPS33	no	no	no
-0.413959863216982	10.4787614803309	-1.00660986465389	0.319775061461583	0.916710065069794	-4.7497680347565	ORMDL2	no	no	no
0.182044445203601	6.83573133120465	1.00642060785952	0.319865002151917	0.916710065069794	-4.74988187282663	TSR3	no	no	no
-0.262845814601858	8.83949241303056	-1.00639132234437	0.31987892106597	0.916710065069794	-4.74989948629227	STAT2	no	no	no
0.494431558314212	9.39103493102991	1.00635801080326	0.31989475398118	0.916710065069794	-4.74991952058626	EIF4EBP3	no	no	no
-0.177649546378391	8.07360498459582	-1.00633392787558	0.319906200883608	0.916710065069794	-4.74993400420274	SLC25A17	no	no	no
-0.402974410543915	9.46541767979822	-1.00586256510824	0.320130301059739	0.91674459441097	-4.75021741932134	ACOT13	no	no	no
0.40460560406382	9.77995620473748	1.00556534018091	0.320271665438648	0.91674459441097	-4.75039606716968	PSMC4	no	no	no
0.605982982912833	7.26873580600202	1.00554635644548	0.320280695806995	0.91674459441097	-4.7504074757176	HSD11B1	no	no	no
0.242676358060711	8.34679876425673	1.00504108994158	0.320521109239849	0.917086793707382	-4.75071104882838	HTT	no	no	no
-0.377655378506772	8.71688538910779	-1.00349229368498	0.321258810596738	0.918851057221277	-4.75164070387251	TEAD4	no	no	no
-0.722505460425354	8.46711660013253	-1.00318800487826	0.32140388009847	0.918919608962769	-4.75182319363002	TGM1	no	no	no
0.261086271762927	12.0457960219578	1.00281638031718	0.321581111947499	0.919080029174245	-4.75204599611779	PGAM1	no	no	no
-0.382660668326752	11.4368920367519	-1.0023384528691	0.321809137912116	0.919238022823983	-4.75233241752136	SERPINH1	no	no	no
-0.297884772814329	7.46426154970306	-1.00181334932725	0.322059798217726	0.919238022823983	-4.75264696420315	EFNA5	no	no	no
-0.201887813963514	7.61668495910827	-1.0016641773547	0.322131030118459	0.919238022823983	-4.75273629282622	CYREN	no	no	no
0.116517953366024	7.06850826844247	1.00142767060869	0.3222439875253	0.919238022823983	-4.75287789460029	CACNA1I	no	no	no
-0.255794981204281	8.11733446011992	-1.0012400629125	0.322333609405956	0.919238022823983	-4.75299019718429	GAMT	no	no	no
-0.160436397066742	11.1476569823793	-1.00094057966588	0.32247671012899	0.919238022823983	-4.75316942803381	PPIA	no	no	no
0.26987542072551	8.96164656778496	1.00056053078161	0.322658368930913	0.919238022823983	-4.75339680251337	OSBPL2	no	no	no
0.287395670146106	9.80856379677247	0.999927939984916	0.322960892941656	0.919238022823983	-4.75377508777074	FCGRT	no	no	no
-0.20443352822361	11.5419822970821	-0.99988329921338	0.322982248736561	0.919238022823983	-4.75380177420821	EIF4A1	no	no	no
0.259701503782087	7.62691733629395	0.999816050958706	0.323014421573681	0.919238022823983	-4.75384197338701	PDE2A	no	no	no
0.344786455641406	11.3386030410431	0.999765748006237	0.323038488871971	0.919238022823983	-4.75387204147014	HK1	no	no	no
-0.275117239380275	8.06269583388564	-0.999302755580006	0.323260063064944	0.919238022823983	-4.75414872402817	ILRUN	no	no	no
-0.200771221491611	7.02638124931069	-0.999284362528391	0.323268867541712	0.919238022823983	-4.75415971316996	VPS8	no	no	no
-0.472277590820725	9.30372517169976	-0.999151640906893	0.323332404179917	0.919238022823983	-4.7542390036277	MED21	no	no	no
-0.426838277287716	7.45914488435945	-0.998529347848136	0.323630421364565	0.919740688132703	-4.7546106420193	DUSP2	no	no	no
0.145105466406328	6.80664874829182	0.998230561246168	0.323773576593033	0.91980303226804	-4.75478900274286	CRYBB1	no	no	no
0.17845278786145	8.24316917431148	0.997097966357952	0.324316615475681	0.920733637820662	-4.7554646516985	RAB4B	no	no	no
-0.202592101156503	8.03383142821198	-0.997041231000442	0.324343834198027	0.920733637820662	-4.75549847825983	IKBKE	no	no	no
-0.135215509962399	6.82462658305726	-0.995986596088337	0.324850074452934	0.921310917219578	-4.75612694092017	SEMA6B	no	no	no
0.267518486641304	8.60958109461102	0.995510311456426	0.325078872496933	0.921310917219578	-4.75641055733921	CIZ1	no	no	no
-0.440966754955237	8.65178393833802	-0.995294916826076	0.325182379604557	0.921310917219578	-4.75653877810842	RPS6KC1	no	no	no
-0.192755869242354	7.48881965251591	-0.994812434997769	0.325414315044018	0.921310917219578	-4.75682589705231	TFE3	no	no	no
-0.467295053956089	8.85235950568283	-0.994590544625869	0.325521018089389	0.921310917219578	-4.75695789748118	MACIR	no	no	no
-0.237352929356179	8.94278121289462	-0.994140195907141	0.325737655023665	0.921310917219578	-4.75722572076304	DEDD	no	no	no
-0.206934488756223	9.1748786005212	-0.994026417657331	0.325792402567707	0.921310917219578	-4.75729336693553	MPHOSPH10	no	no	no
-0.419913873941077	10.337982238681	-0.993993522727652	0.325808232024932	0.921310917219578	-4.75731292306606	SINHCAF	no	no	no
0.195414565275523	11.2686876250908	0.993815128988974	0.325894086371001	0.921310917219578	-4.75741896809888	RPL28	no	no	no
0.258322538897884	8.18156425646352	0.993671509431226	0.325963216246443	0.921310917219578	-4.75750432888315	FASN	no	no	no
-0.161236647258556	8.25805291456198	-0.993614368235901	0.325990723348736	0.921310917219578	-4.75753828773775	EGFL7	no	no	no
0.241348341689061	7.83408927711756	0.993586389600605	0.326004192505874	0.921310917219578	-4.75755491469624	DCAF15	no	no	no
-0.231345401264326	7.60433123040276	-0.992888918828334	0.326340082019305	0.921533526266691	-4.75796926125662	ERC1	no	no	no
0.12566229433479	6.6882433914936	0.992187768632796	0.326677978085642	0.921533526266691	-4.75838551887859	DIP2A	no	no	no
-0.16343669889358	7.66750261267043	-0.992133498947573	0.326704141367368	0.921533526266691	-4.75841772612223	TAOK2	no	no	no
-0.14482712607077	12.532739483307	-0.992018755631218	0.326759463477579	0.921533526266691	-4.75848581700923	TMEM258	no	no	no
0.182164782324271	7.53517624480253	0.991922864639632	0.326805700998359	0.921533526266691	-4.75854271490438	SMG9	no	no	no
0.148390618994549	7.42154795974393	0.991910549937894	0.326811639323098	0.921533526266691	-4.75855002158447	GGTLC2	no	no	no
0.263951862252839	7.81458074364062	0.991008207824094	0.327246959013829	0.922418248512977	-4.75908517677781	ZSWIM8	no	no	no
-0.254197785698252	7.84355419917996	-0.990031556826138	0.327718566825837	0.922549514729159	-4.75966388821223	IL17RC	no	no	no
0.234635577949726	7.29577268614465	0.989769408418441	0.327845231439488	0.922549514729159	-4.75981913237449	TPMT	no	no	no
0.258204336701065	7.19068477773629	0.989769208697253	0.327845327953114	0.922549514729159	-4.75981925063459	LRIG1	no	no	no
-0.345008489510865	7.41226384556752	-0.989541745217369	0.327955260204792	0.922549514729159	-4.75995392314932	GYG2	no	no	no
-0.337111428906071	9.17409307638074	-0.989529849047814	0.327961010260467	0.922549514729159	-4.75996096562257	FANCG	no	no	no
-0.309734386899992	7.68095715783382	-0.9892051671189	0.328117972567167	0.922549514729159	-4.76015314506949	TYRO3	no	no	no
-0.253793531539834	7.33017011597344	-0.98874527817052	0.328340384883744	0.922549514729159	-4.76042525246642	BATF	no	no	no
0.211652512036058	7.85642822845558	0.988700956908992	0.328361824958508	0.922549514729159	-4.76045147023316	RANGRF	no	no	no
0.253444366105351	7.444127552568	0.988231474653935	0.328588991161919	0.922549514729159	-4.7607291197771	BBOF1	no	no	no
0.312315743999747	9.85292861098645	0.987932128316233	0.328733889553997	0.922549514729159	-4.76090608721456	HNRNPUL1	no	no	no
0.628171125072813	10.3952409499307	0.98775257320855	0.328820823656936	0.922549514729159	-4.76101221240765	LDOC1	no	no	no
0.290323705474021	9.89704624903478	0.986754881130219	0.329304151187032	0.922549514729159	-4.7616015641195	SACM1L	no	no	no
0.250192361789069	8.05476257368702	0.986743664590338	0.329309587698082	0.922549514729159	-4.76160818672381	MSRB2	no	no	no
0.374259830310514	8.65568144055155	0.98672841589179	0.329316978640576	0.922549514729159	-4.76161718993048	GSTA4	no	no	no
0.302818648325709	11.0903061755768	0.98670711123333	0.329327305052791	0.922549514729159	-4.76162976850638	TRIM28	no	no	no
0.250637842487161	8.12328061869365	0.986697945631949	0.329331747705645	0.922549514729159	-4.76163517993053	EFNB3	no	no	no
-0.604548224992645	9.22191030611675	-0.986321444540411	0.329514276055794	0.922549514729159	-4.76185742761998	GINS1	no	no	no
-0.339800248718951	8.1466745742815	-0.986240453604581	0.329553549460941	0.922549514729159	-4.7619052259795	PMM1	no	no	no
-0.286974484511056	10.4597081714701	-0.985964035052345	0.329687611529249	0.922549514729159	-4.76206833198957	TM2D3	no	no	no
0.540234023491044	9.69426297509296	0.985797061529387	0.329768610841368	0.922549514729159	-4.7621668371117	MXRA8	no	no	no
0.242139986446392	8.94591543102618	0.985636093024904	0.329846709733818	0.922549514729159	-4.76226178479412	DPH2	no	no	no
0.181306026395727	7.1995797645661	0.985213671352091	0.330051719756306	0.922782774322348	-4.76251088214357	SLC38A10	no	no	no
-0.246928666405049	8.71401131292124	-0.984370864039482	0.330461006830042	0.923532184127891	-4.76300757697184	VPS33B	no	no	no
0.220693020798423	9.03647218042497	0.983562704944417	0.330853787178491	0.923532184127891	-4.76348347795989	RYBP	no	no	no
-0.480204906706987	9.60673329811344	-0.983276187361979	0.330993115102632	0.923532184127891	-4.76365211164996	MYH10	no	no	no
0.215116209473878	9.53308670626443	0.983160168678009	0.331049543905886	0.923532184127891	-4.76372038286153	MAP2K3	no	no	no
-0.436496219389761	9.87992149323836	-0.983131881270942	0.331063303222913	0.923532184127891	-4.76373702744441	ZFAND1	no	no	no
-0.407695291940651	8.2928221276813	-0.982923084743493	0.331164876077692	0.923532184127891	-4.76385987143593	CASP6	no	no	no
-0.299586105876981	9.29671519599127	-0.982230271729607	0.33150205699595	0.923532184127891	-4.76426730780506	ENSA	no	no	no
-0.178023816797938	7.90683139369901	-0.981999990042317	0.331614182245086	0.923532184127891	-4.76440267446592	RGS3	no	no	no
0.142555959746413	6.83381881806773	0.981549477837664	0.331833612173245	0.923532184127891	-4.76466741327807	MORN1	no	no	no
0.629553689090964	8.47221055101724	0.981406887643305	0.33190308348358	0.923532184127891	-4.76475118117439	SPAG4	no	no	no
0.251556321477485	7.68887011818728	0.980863154557869	0.332168084756744	0.923532184127891	-4.76507050490742	FKBP8	no	no	no
0.222025370124886	7.9738671273316	0.980609823032645	0.332291600229614	0.923532184127891	-4.76521922481319	FKBP4	no	no	no
-0.384134735530621	8.05663515804099	-0.980139609306898	0.33252094118959	0.923532184127891	-4.76549517125422	SH3BP4	no	no	no
0.156198135243207	7.79229791266587	0.979990993787788	0.33259344858812	0.923532184127891	-4.76558236091795	TRMT61A	no	no	no
0.138530664990272	8.10229405641706	0.979793432220568	0.332689852433265	0.923532184127891	-4.7656982470084	WRAP53	no	no	no
0.13235113472111	6.81273435790519	0.979643273376585	0.33276313773143	0.923532184127891	-4.76578631283969	ATP9B	no	no	no
-0.759252543457005	8.42806170956377	-0.979541414832192	0.332812856122885	0.923532184127891	-4.76584604408367	KCTD14	no	no	no
-0.194274191426301	7.4947537583301	-0.979280474124096	0.332940247102669	0.923532184127891	-4.76599903668931	BNIP1	no	no	no
-0.296422748427742	9.76582085650601	-0.979193085299831	0.332982917519148	0.923532184127891	-4.76605026523277	YY1AP1	no	no	no
-0.172282097095954	8.86925952103114	-0.979057405127978	0.333049174988656	0.923532184127891	-4.76612979433222	DDX3X	no	no	no
0.318794572138217	8.57024372859424	0.978800197013512	0.333174803071013	0.923532184127891	-4.76628052879266	LYRM4	no	no	no
-0.254691850324364	7.80857046759623	-0.978750917157331	0.333198876430676	0.923532184127891	-4.76630940455755	PKN2	no	no	no
0.279493911752113	11.1297951697883	0.978393932391271	0.333373299280193	0.923532184127891	-4.76651854071999	ATP6V0B	no	no	no
0.812354441344804	9.82779527493078	0.978338070575208	0.333400598896796	0.923532184127891	-4.76655126035853	EYA2	no	no	no
-0.277438842000387	8.33954207932291	-0.978265463391805	0.333436084190666	0.923532184127891	-4.76659378554919	UTP25	no	no	no
0.30954092908699	11.6193685098555	0.978057032765916	0.333537964465029	0.923532184127891	-4.76671584450488	HSPA1A	no	no	no
-0.275988139407596	10.7922147116863	-0.97791803148344	0.333605919437869	0.923532184127891	-4.76679723140625	ATIC	no	no	no
-0.222969363027152	9.29009543869635	-0.977182458307161	0.333965680532208	0.923955045259039	-4.76722773744594	DAXX	no	no	no
-0.293467548074586	11.7388219170325	-0.97608010491171	0.334505314795767	0.923955045259039	-4.76787233806394	SELENOW	no	no	no
0.354109096529497	7.29630658782511	0.976009904449984	0.334539699674664	0.923955045259039	-4.7679133646119	ITGB4	no	no	no
0.459096688143269	7.44505693618302	0.975904587309905	0.334591289472553	0.923955045259039	-4.76797490884954	MTARC2	no	no	no
-0.241091588902121	8.28084150841451	-0.975421952700221	0.334827776842237	0.923955045259039	-4.76825686653755	ZKSCAN4	no	no	no
-0.173178487552055	8.25590623743063	-0.975195741091583	0.334938657219237	0.923955045259039	-4.76838897547214	TMEM70	no	no	no
0.235689802071067	7.61533827804037	0.974839409549584	0.335113367140123	0.923955045259039	-4.76859701686299	SLC4A3	no	no	no
0.12506065966896	7.56944968191774	0.974493325314024	0.335283110961928	0.923955045259039	-4.76879900708943	CHRNA2	no	no	no
0.123788844910467	7.36183592946031	0.974477377733307	0.335290934148204	0.923955045259039	-4.76880831318673	ZFP64	no	no	no
-0.310891665273283	7.60708017098986	-0.974466720151854	0.335296162359837	0.923955045259039	-4.76881453226286	FASTKD2	no	no	no
-0.323510992985377	8.09709089471159	-0.974353307130634	0.335351801921718	0.923955045259039	-4.76888070881936	KIF22	no	no	no
-0.659699128768044	9.25105989796728	-0.973397493968403	0.335820961112059	0.923955045259039	-4.76943813888599	STEAP1	no	no	no
-0.233248657945124	10.8904915705983	-0.973290942682474	0.335873288708363	0.923955045259039	-4.76950024774089	COPZ1	no	no	no
0.240329116584898	11.3991169885729	0.973225192145408	0.335905581668358	0.923955045259039	-4.76953857061056	SCP2	no	no	no
0.156311183492511	7.89006478040297	0.972619606774437	0.336203108373789	0.923955045259039	-4.76989142324647	CAMK2G	no	no	no
-0.458752939257726	7.60777122060662	-0.972346362382641	0.336337411984714	0.923955045259039	-4.7700505652954	NRCAM	no	no	no
-0.296986920665292	10.0193482310058	-0.971967766710926	0.336523556342065	0.923955045259039	-4.770270996245	EEF1D	no	no	no
-0.241158580077389	9.22334488530672	-0.971744683049991	0.336633272135945	0.923955045259039	-4.77040084518463	RAF1	no	no	no
0.180402417663994	7.56941510375506	0.971628327214768	0.336690507081456	0.923955045259039	-4.77046856060055	PDE1B	no	no	no
-0.290545178612414	9.4174533655528	-0.971359067673903	0.336822979561571	0.923955045259039	-4.77062523192311	SEC23B	no	no	no
0.299399293166941	9.2893278992343	0.97127145097804	0.336866093412248	0.923955045259039	-4.77067620376478	ZFYVE21	no	no	no
-0.255082310079371	6.80606669578352	-0.971252619400777	0.3368753604113	0.923955045259039	-4.77068715864896	LRRC37A	no	no	no
0.290003755299814	9.95955287435658	0.970541715464022	0.337225319614449	0.923955045259039	-4.7711005664684	TRMT12	no	no	no
-0.187518011167347	9.98985670370632	-0.970382086394904	0.337303934034406	0.923955045259039	-4.77119335552478	MFF	no	no	no
-0.145662806564185	10.3838899551302	-0.969917529983033	0.337532789022725	0.923955045259039	-4.77146331089422	CCT4	no	no	no
0.217147977700866	8.03973960488514	0.969755185216596	0.337612789474689	0.923955045259039	-4.77155762136671	ZMYND11	no	no	no
0.332144204512731	9.30061749821283	0.969320723182666	0.337826946249014	0.923955045259039	-4.77180993915021	TNIP2	no	no	no
0.321585963556112	11.978123803936	0.968912565878633	0.338028219083813	0.923955045259039	-4.77204688341433	IMPDH2	no	no	no
0.276696023559416	8.34920385741401	0.968724554815532	0.338120958980973	0.923955045259039	-4.7721559964063	CITED2	no	no	no
0.406139672666755	10.8273817281813	0.968516431433188	0.338223639374894	0.923955045259039	-4.77227675845577	TIMP2	no	no	no
0.153677908044908	7.37444154475544	0.968450577501255	0.338256133591059	0.923955045259039	-4.7723149646321	EPN2	no	no	no
0.157361863620267	7.43546652166473	0.968374516170544	0.338293667012959	0.923955045259039	-4.77235908974967	CHRNG	no	no	no
-0.310374171387496	10.2594087239129	-0.968257125169015	0.338351600515488	0.923955045259039	-4.77242718486968	TRAPPC8	no	no	no
-0.217735103083401	8.45038798021765	-0.968153432878505	0.338402779067711	0.923955045259039	-4.77248732730997	OGA	no	no	no
0.196065902086085	6.5905507352226	0.968143025830249	0.338407915873173	0.923955045259039	-4.77249336315516	TULP4	no	no	no
0.130848706309113	6.48422177416213	0.967957915067113	0.33849929318598	0.923955045259039	-4.77260071288902	TMEM242	no	no	no
0.369895953975304	9.07763612573553	0.96752653410374	0.338712301936966	0.923955045259039	-4.7728508051575	UNC5B	no	no	no
0.165211079724909	7.07351853807987	0.967508690031435	0.338721114961355	0.923955045259039	-4.77286114796638	TMSB4Y	no	no	no
-0.275538367125119	8.4007565124182	-0.967213856077252	0.338866752817447	0.923955045259039	-4.7730320141215	MIA3	no	no	no
0.371412311692503	8.58596862773285	0.966882850455988	0.339030307802434	0.923955045259039	-4.77322378463493	CPQ	no	no	no
0.217275203543796	7.7549454703539	0.966760299322348	0.339090875508131	0.923955045259039	-4.77329476987224	TACSTD2	no	no	no
-0.349841262516985	7.48781259362606	-0.966276975501614	0.339329815783213	0.923955045259039	-4.77357464283861	PACSIN3	no	no	no
-0.197624705893409	7.8603916396905	-0.966263334837747	0.339336560925448	0.923955045259039	-4.77358253967739	ABCC5	no	no	no
0.290143273406233	9.99880698201982	0.966055040251713	0.339439571123436	0.923955045259039	-4.77370311234	CDC37	no	no	no
-0.2392644377458	8.8582535624909	-0.965873024231728	0.339529602493041	0.923955045259039	-4.77380845347557	DYNC1LI2	no	no	no
0.245930290769269	9.89631521557988	0.965701757688104	0.339614331279553	0.923955045259039	-4.77390755634674	AUP1	no	no	no
0.181163161518453	7.68488736662302	0.965203426835155	0.33986094478054	0.923955045259039	-4.7741958200057	PRDM2	no	no	no
0.186770559957253	7.24612348931837	0.965200046490841	0.339862618047912	0.923955045259039	-4.77419777491646	WNK1	no	no	no
0.364235864686517	10.1079947797668	0.965003034525284	0.339960148238245	0.923955045259039	-4.7743116991738	DPM3	no	no	no
0.212996603095293	8.31785760264884	0.96476948488338	0.340075790356376	0.923955045259039	-4.77444672340106	RBM5	no	no	no
0.15423582289234	8.45908783289858	0.964652127334414	0.340133909806274	0.923955045259039	-4.77451456081071	QRICH1	no	no	no
0.22826717147962	6.63769185179626	0.964641860427638	0.340138994641215	0.923955045259039	-4.7745204951289	LAMA4	no	no	no
0.204373762625556	8.45460467615718	0.96403059198746	0.340441825127949	0.923955045259039	-4.77487370398799	SNAPC5	no	no	no
0.332182682550574	9.60838135148108	0.963700858926068	0.34060525349209	0.923955045259039	-4.77506414601059	GRPEL1	no	no	no
0.182084854401461	7.97826945744902	0.963684353634128	0.340613435515702	0.923955045259039	-4.77507367726656	CYTH1	no	no	no
-0.218747192158126	7.55808453395478	-0.963286180492577	0.340810857898367	0.923955045259039	-4.77530356245648	HK3	no	no	no
0.255380556841726	8.5298722911243	0.963271259806476	0.340818257354175	0.923955045259039	-4.77531217517493	CDK3	no	no	no
-0.389003455953143	8.53043976990213	-0.963265616844504	0.340821055835537	0.923955045259039	-4.77531543244839	PYCR3	no	no	no
-0.363586330439151	10.5896848884667	-0.962781407247885	0.341061243836188	0.924275970796071	-4.77559486475201	VOPP1	no	no	no
0.141193423358011	6.72956265151221	0.962425335127184	0.341237941927528	0.924340714874358	-4.77580026593118	COLQ	no	no	no
0.272851777673946	10.1782481736392	0.962242357312015	0.341328766879013	0.924340714874358	-4.77590578938541	EIF3E	no	no	no
0.208928548913187	10.3799540128277	0.961666026901351	0.341614945497056	0.924785660517896	-4.77623803624968	RAB1B	no	no	no
-0.230459938261358	8.93559319828208	-0.961333471635842	0.341780149135789	0.924811524990948	-4.77642966476197	CST3	no	no	no
-0.23631856811985	7.79073969921203	-0.960843925962787	0.342023437255217	0.924811524990948	-4.77671164248855	SF1	no	no	no
-0.373785527917242	10.969146456488	-0.960723120625216	0.342083491179224	0.924811524990948	-4.77678120543166	VMP1	no	no	no
0.171154290290791	7.91160911164362	0.960461528476634	0.342213556011272	0.924811524990948	-4.7769318089806	SNRNP35	no	no	no
0.198896630403585	9.14419791171619	0.960237916396697	0.342324762932121	0.924811524990948	-4.77706051609362	RBM15B	no	no	no
0.357251964879633	9.41043647376085	0.960175579139741	0.342355768805953	0.924811524990948	-4.77709639127739	HNRNPL	no	no	no
0.230510380586634	10.0216391486814	0.959767228862163	0.342558923774012	0.925031001280145	-4.77733134326907	HNRNPH3	no	no	no
-0.361915176385477	8.08800167295706	-0.959093137594618	0.342894459893163	0.925475828717062	-4.77771898855725	SCAMP1	no	no	no
0.262310757875771	8.81685161382584	0.958798708316225	0.343041083422054	0.925475828717062	-4.77788822366772	NOTCH3	no	no	no
0.23856404700891	8.63851683264507	0.958588340208786	0.343145870533365	0.925475828717062	-4.77800911127607	HGS	no	no	no
0.273674609501977	10.1868988461906	0.957859971092362	0.343508844293629	0.925475828717062	-4.77842747425466	KEAP1	no	no	no
-0.491557638774524	8.92606529667037	-0.957767765818557	0.343554811752436	0.925475828717062	-4.7784804140711	DYRK2	no	no	no
0.252135892073821	7.08059992283473	0.957062415941389	0.343906587171633	0.925475828717062	-4.77888523321017	LIMD2	no	no	no
-0.446793505829862	10.5277850252589	-0.956218773045342	0.344327645315906	0.925475828717062	-4.77936905370248	AIFM1	no	no	no
-0.28269849797172	9.43581352320681	-0.95581515797305	0.344529208082638	0.925475828717062	-4.77960038072783	RBM39	no	no	no
-0.327304800111101	9.27484434757003	-0.955671742526649	0.344600847597088	0.925475828717062	-4.77968255539125	TPD52	no	no	no
-0.368596472341503	8.7824037098536	-0.955612499641584	0.34463044373517	0.925475828717062	-4.77971649718993	DNAAF5	no	no	no
0.260849608530409	7.70858309114449	0.955189822973274	0.344841650250837	0.925475828717062	-4.77995860222235	SLC2A4RG	no	no	no
0.209555013365407	9.21489891103965	0.955002367609052	0.344935346827118	0.925475828717062	-4.78006594252842	HYAL2	no	no	no
0.516600056905757	8.72744617524596	0.954896821934617	0.344988109546801	0.925475828717062	-4.78012637114738	ZP3	no	no	no
-0.216293824388074	9.78653423530939	-0.954781135762221	0.345045947664631	0.925475828717062	-4.78019259833493	AHCYL1	no	no	no
-0.268567269598798	7.46588313879832	-0.954431011695205	0.345221033667848	0.925475828717062	-4.78039298880605	ZNF33B	no	no	no
-0.323480613061241	8.39674656009491	-0.954329832621405	0.345271641052489	0.925475828717062	-4.78045088488135	TBCE	no	no	no
0.167051426733897	7.10522737401551	0.954089365818829	0.34539193651998	0.925475828717062	-4.78058846014373	TDP1	no	no	no
-0.350379701537115	9.60286286152323	-0.953939299783984	0.345467022286824	0.925475828717062	-4.78067429900189	POP7	no	no	no
0.126586007102149	7.18757869569149	0.953756184711229	0.345558658780924	0.925475828717062	-4.78077902492516	ANKRD40	no	no	no
0.23076721208307	8.53814442926147	0.953446693092737	0.345713574501891	0.925475828717062	-4.78095598421849	VIPAS39	no	no	no
0.207660565216504	7.47584463807149	0.953383058889835	0.345745432217099	0.925475828717062	-4.78099236190441	ZBTB11	no	no	no
-0.166846042964739	7.23060675725428	-0.953200273482892	0.345836952353074	0.925475828717062	-4.78109684189436	NSL1	no	no	no
0.270544790461436	9.86606088717294	0.953036324003804	0.345919054988349	0.925475828717062	-4.78119053923268	SRM	no	no	no
-0.22095342399699	9.01045181651356	-0.952645287107993	0.346114930381287	0.925475828717062	-4.78141395604402	GTF2E1	no	no	no
-0.365356798331557	10.1463078491521	-0.95234098810164	0.346267408254494	0.925475828717062	-4.78158775588439	TPRKB	no	no	no
-0.113590855853516	6.85704939304197	-0.951849884254408	0.346513583544227	0.925475828717062	-4.78186813866858	BCORL1	no	no	no
-0.219491862528946	10.1601640168076	-0.951609041423263	0.346634352821447	0.925475828717062	-4.78200559174328	NBPF14	no	no	no
-0.85867246974516	9.23754055352309	-0.951481519342199	0.346698309281829	0.925475828717062	-4.78207835748338	TMPRSS4	no	no	no
-0.183934587665395	8.4206838424946	-0.951045441094439	0.346917075440846	0.925475828717062	-4.78232711992447	ISG20L2	no	no	no
0.291724766870729	9.04338171501759	0.949997161037166	0.347443335254669	0.925475828717062	-4.78292467560581	MAK16	no	no	no
0.420193091587249	9.20655870977579	0.949750238848998	0.347567372135953	0.925475828717062	-4.78306533939562	DVL1	no	no	no
-0.199910516869006	8.13606246377612	-0.949363976935568	0.347761462279668	0.925475828717062	-4.78328531153554	EML4	no	no	no
0.289947685437745	7.25371957290282	0.94837918099036	0.348256628586821	0.925475828717062	-4.78384576105883	TNFSF12	no	no	no
-0.326689372567474	9.32404116575509	-0.948099736489924	0.348397220843694	0.925475828717062	-4.78400469369907	G3BP2	no	no	no
-0.313175253475797	9.32929681933305	-0.947934311770779	0.348480465821997	0.925475828717062	-4.78409875736941	HPCAL1	no	no	no
0.16320874318135	9.38296639382339	0.947551549104473	0.348673129703087	0.925475828717062	-4.78431634426466	GMEB2	no	no	no
-0.241596465185796	7.69453091497219	-0.947386044747227	0.348756458141981	0.925475828717062	-4.78441040192908	DESI2	no	no	no
-0.509215284011947	9.60764815781189	-0.947042102295537	0.348929668811993	0.925475828717062	-4.78460581809329	MELK	no	no	no
0.227546658353009	8.16574448856358	0.947029984749333	0.348935772283832	0.925475828717062	-4.7846127016429	POLL	no	no	no
0.183857656628533	7.63838359838962	0.946907674468481	0.348997382528432	0.925475828717062	-4.78468217714166	LRP5	no	no	no
0.159177788532192	8.12136096083741	0.9465347258619	0.349185288692485	0.925475828717062	-4.78489396967441	ANKRD11	no	no	no
-0.405306868884228	9.75028093305244	-0.946527885809065	0.349188735600933	0.925475828717062	-4.78489785331468	ABLIM1	no	no	no
-0.252832517337216	8.4096983786309	-0.945673718572497	0.349619351986497	0.925475828717062	-4.78538262385089	CSRNP2	no	no	no
-0.227597879632632	7.22702101744661	-0.945403367291966	0.349755718452823	0.925475828717062	-4.78553597194085	ING2	no	no	no
-0.192195373564012	7.77350228040197	-0.945164650117858	0.349876157575347	0.925475828717062	-4.78567134223684	GSK3B	no	no	no
0.174365075430148	7.68639448090381	0.944877145202357	0.350021247567136	0.925475828717062	-4.78583433600969	NCDN	no	no	no
-0.251009173852773	8.60301053930552	-0.944797826411398	0.350061282925484	0.925475828717062	-4.78587929560074	DENND2D	no	no	no
-0.267671307731131	9.37512273073516	-0.944761942012427	0.350079396201473	0.925475828717062	-4.78589963447825	NFKB1	no	no	no
-0.260238168378504	7.87491293359679	-0.944679400024607	0.350121063045437	0.925475828717062	-4.7859464155929	TOM1	no	no	no
0.121693109314724	6.49192555914298	0.944441485253686	0.350241179632683	0.925475828717062	-4.7860812335051	CHRNE	no	no	no
-0.169274263761431	7.98468840840682	-0.944199318842789	0.350363470544536	0.925475828717062	-4.78621842779213	UMPS	no	no	no
-0.132453185440297	6.81862645292002	-0.943843263685597	0.350543324715064	0.925475828717062	-4.78642008311105	SPTBN1	no	no	no
0.367021458710492	7.02830661132753	0.943464817400671	0.350734555757184	0.925475828717062	-4.78663434124203	ALDH1A3	no	no	no
0.154023785675913	8.05971291921306	0.943369108641546	0.350782928779516	0.925475828717062	-4.78668851411356	STK24	no	no	no
0.27681300498327	9.65049147397106	0.943249703568449	0.35084328450753	0.925475828717062	-4.78675609225746	SAP18	no	no	no
0.171230038331414	8.90835091080169	0.943208707106543	0.350864008576514	0.925475828717062	-4.78677929263428	PEAK1	no	no	no
-0.257770728933734	11.0590109774359	-0.943138618146516	0.350899441017856	0.925475828717062	-4.78681895459328	PSMA4	no	no	no
0.122650429753158	7.78681478221484	0.943042017246137	0.35094828002868	0.925475828717062	-4.78687361458094	KLK12	no	no	no
-0.289780143734909	11.096991903568	-0.942872991602016	0.351033745917973	0.925475828717062	-4.78696924218543	MRPL15	no	no	no
0.256328647857101	8.81183285119878	0.942708704131778	0.351116829091159	0.925475828717062	-4.78706217363922	MXD4	no	no	no
0.288386340728078	10.5926944959052	0.942701822255961	0.351120309662938	0.925475828717062	-4.78706606613312	ACADM	no	no	no
-0.534514181323334	12.4654489835367	-0.942268125141072	0.351339701621111	0.925475828717062	-4.78731131777648	HLA-DRA	no	no	no
-0.514607771521734	9.79463877994578	-0.94224310851592	0.351352359385314	0.925475828717062	-4.7873254611963	QPRT	no	no	no
0.156558106926587	7.2551866565971	0.941764053697659	0.351594806422212	0.925475828717062	-4.78759623170056	MLYCD	no	no	no
0.252216720910267	8.64280781924558	0.941739705908833	0.35160713163482	0.925475828717062	-4.78760999004605	POLR1G	no	no	no
-0.20278276535501	7.59731200322805	-0.941679626451157	0.351637545961506	0.925475828717062	-4.78764393805656	CHD7	no	no	no
0.150602161155225	7.24566852328554	0.941499240262051	0.351728874137359	0.925475828717062	-4.78774585333795	DNM2	no	no	no
0.236821205741276	7.747450280849	0.941461481817858	0.351747992923127	0.925475828717062	-4.78776718391794	TUBA4B	no	no	no
-0.214537780125058	7.56118812852512	-0.940773242665935	0.35209659853228	0.925475828717062	-4.78815584403793	TMEM63A	no	no	no
-0.257354888653942	8.31639317396939	-0.940667917917213	0.352149967400498	0.925475828717062	-4.78821529902568	CYRIB	no	no	no
-0.344956659505718	9.01057393178254	-0.940513376225125	0.352228284472906	0.925475828717062	-4.78830252522294	ZNF16	no	no	no
-0.241715474826899	8.2052971584665	-0.940503137871974	0.352233473364891	0.925475828717062	-4.78830830346188	PLCXD1	no	no	no
0.149534568946802	6.84585385360643	0.940418017784153	0.352276614951558	0.925475828717062	-4.78835634055126	PDCD1	no	no	no
-0.151929597793002	7.16990651305552	-0.939807787561433	0.352586000566085	0.925475828717062	-4.78870060078126	KIFC3	no	no	no
-0.373106806589835	9.96430567343487	-0.939632012171083	0.352675151382902	0.925475828717062	-4.78879972503027	CDH1	no	no	no
0.211592736056538	11.4658718545508	0.938827324779902	0.353083466074715	0.925475828717062	-4.78925328554214	ATP6AP1	no	no	no
0.392609143677145	7.70813655984395	0.93863927626222	0.353178930308163	0.925475828717062	-4.78935922588084	RCAN1	no	no	no
0.131843409450494	6.83178714113654	0.938499069910447	0.353250118105101	0.925475828717062	-4.78943820048963	ZFC3H1	no	no	no
-0.115026877370904	8.50737980569311	-0.938359693754846	0.35332089369169	0.925475828717062	-4.78951669643783	MAP3K11	no	no	no
0.274868432769788	7.99032929823952	0.938091130683719	0.353457296916463	0.925475828717062	-4.78966791878606	PC	no	no	no
0.179557043541117	13.3424684916256	0.937947417079011	0.353530303233758	0.925475828717062	-4.7897488241883	RPS7	no	no	no
0.206590092991346	8.72114776622404	0.937345272155979	0.353836299338726	0.925475828717062	-4.79008768216138	SMIM7	no	no	no
-0.221879119867775	9.32177519434224	-0.937235300229151	0.353892203234136	0.925475828717062	-4.79014954685437	VPS35	no	no	no
0.283515628974308	7.03092827368189	0.93674303957405	0.354142513265967	0.925475828717062	-4.79042638406554	NRIP3	no	no	no
-0.126510620051028	8.90452678962395	-0.936373823381058	0.354330332299266	0.925475828717062	-4.79063393353346	RPL5	no	no	no
0.170858198828539	7.83649525459637	0.936305536201204	0.354365076894308	0.925475828717062	-4.79067231170832	TASOR	no	no	no
-0.391850264041992	7.86713130306442	-0.936301176475963	0.354367295203143	0.925475828717062	-4.79067476183398	ANGPTL2	no	no	no
0.615933525092043	9.60531343542467	0.935007117968184	0.355026137457336	0.925475828717062	-4.79140153491802	HBB	no	no	no
0.298988363160007	7.45251759915014	0.934705601802893	0.355179762885619	0.925475828717062	-4.79157073705694	RPL10L	no	no	no
0.360275682451285	8.22217515543063	0.934655388276794	0.355205351385503	0.925475828717062	-4.79159891042953	PLEKHO1	no	no	no
0.287564415159578	7.77721546885732	0.934545968634807	0.355261115124813	0.925475828717062	-4.79166029771063	RORC	no	no	no
0.234335625256118	7.75315444894598	0.934374297437067	0.355348615767562	0.925475828717062	-4.79175659607041	VIPR1	no	no	no
0.165725754380262	13.4521755102133	0.934234994123277	0.355419628877618	0.925475828717062	-4.79183472550428	RPL12	no	no	no
0.285728311115876	8.49712237238908	0.933751145031687	0.355666354236126	0.925475828717062	-4.79210601089741	IDH3A	no	no	no
0.149468902290711	7.87902520622218	0.933516390320722	0.355786101146496	0.925475828717062	-4.7922375857946	AGO1	no	no	no
-0.533230584335332	8.80394221432907	-0.933516177393056	0.355786209771515	0.925475828717062	-4.79223770512173	CDKN2C	no	no	no
-0.161496444537566	7.46201360004309	-0.93341811341793	0.355836239396528	0.925475828717062	-4.79229265858094	SPG11	no	no	no
-0.16160248967466	6.87523473056952	-0.933092680574109	0.356002299468216	0.925475828717062	-4.79247498680439	FNDC3A	no	no	no
0.309791935709211	8.53649308763902	0.932859440414473	0.356121347084809	0.925475828717062	-4.79260562588009	PIGV	no	no	no
-0.396066436129208	8.41696006953406	-0.932549763972221	0.356279448532139	0.925475828717062	-4.79277902968	ITGA7	no	no	no
-0.803753683034683	7.89554897032558	-0.932321601985779	0.356395963093855	0.925475828717062	-4.79290675455346	SAA1	no	no	no
-0.263347667546046	7.89721698929458	-0.931926117099913	0.356597982661625	0.925475828717062	-4.79312807672313	MFAP3	no	no	no
0.198536209532075	8.37327277266185	0.931599240957798	0.356765012243398	0.925475828717062	-4.79331093697508	PPP4R3A	no	no	no
0.198310573445991	6.99493805500862	0.931292750237581	0.356921671483	0.925475828717062	-4.7934823382335	TRAP1	no	no	no
0.139168410969954	6.72577636849014	0.930872244298383	0.357136681294981	0.925475828717062	-4.7937174144661	VWA7	no	no	no
-0.584988085164269	8.70310444707596	-0.930807580702338	0.357169752070342	0.925475828717062	-4.79375355458404	ISG20	no	no	no
-0.296974282724767	9.88929440975075	-0.930684126258327	0.357232895677946	0.925475828717062	-4.79382254598959	FTO	no	no	no
0.25155737140761	6.66208173560677	0.930519425585886	0.357317146946347	0.925475828717062	-4.79391457402248	MATK	no	no	no
-0.213167856496846	7.35488173030376	-0.930321009144822	0.357418662439102	0.925475828717062	-4.79402542062587	ATF2	no	no	no
0.126161198718711	7.36793540204877	0.930073552956654	0.357545294402324	0.925475828717062	-4.79416363230937	MARCHF8	no	no	no
0.186238414714149	8.16904414152074	0.929846216905808	0.357661655958232	0.925475828717062	-4.79429057568692	PCDH12	no	no	no
-0.236279770540785	8.90725869274872	-0.929666764512708	0.357753525775847	0.925475828717062	-4.79439076035514	PTP4A1	no	no	no
-0.253413814639271	7.51890088791296	-0.929632575993107	0.357771030173066	0.925475828717062	-4.79440984504791	PPP2R2D	no	no	no
-0.190279296897089	7.25501165455964	-0.929579314474538	0.35779830098805	0.925475828717062	-4.79443957533665	EPHA1	no	no	no
0.187732295442917	8.42732705286055	0.92923576593966	0.357974236299519	0.925475828717062	-4.79463130359131	PLA2G6	no	no	no
0.138336290606599	7.17483541827288	0.929080218967754	0.35805391229569	0.925475828717062	-4.79471808953986	ZNF276	no	no	no
-0.356510599784159	9.0354464328127	-0.929052157299892	0.358068287584572	0.925475828717062	-4.79473374481835	RANGAP1	no	no	no
-0.654351727388795	8.69918435999217	-0.92874018928041	0.358228126301368	0.925475828717062	-4.79490775806565	MMP11	no	no	no
0.223505204347378	7.65007163194851	0.928713579699163	0.358241762033173	0.925475828717062	-4.79492259812029	SAV1	no	no	no
-0.422274523729301	8.64667364292708	-0.92837186530454	0.358416899147917	0.925475828717062	-4.79511313514101	AMT	no	no	no
-0.331662212412387	9.5676582105352	-0.928176255389245	0.35851717917665	0.925475828717062	-4.79522217574142	THOC1	no	no	no
-0.330301473588274	6.70617211774763	-0.928100692831726	0.358555921446657	0.925475828717062	-4.79526429144739	ITGAL	no	no	no
0.268926806564887	8.19387973155371	0.927906216917854	0.358655645248881	0.925475828717062	-4.79537267005448	TINAGL1	no	no	no
-0.895917692658801	11.5076092483132	-0.927644700478946	0.358789774707316	0.925475828717062	-4.79551837554539	LCN2	no	no	no
-0.31136931886512	9.59395664259474	-0.927470510507567	0.35887913331103	0.925475828717062	-4.79561540502737	EPRS1	no	no	no
-0.20587227517593	7.7010670586626	-0.927272775042309	0.358980588190773	0.925475828717062	-4.79572552925128	VAPA	no	no	no
0.227524069519189	10.5308518100058	0.926888663378345	0.359177723034595	0.925475828717062	-4.79593938800785	MRPS35	no	no	no
0.123297048136709	7.06817540125061	0.926669914020515	0.359290021654743	0.925475828717062	-4.79606114190852	CYP2A6	no	no	no
0.184082854323392	8.60273903643519	0.926359391372083	0.359449472842502	0.925475828717062	-4.79623392935328	SYT2	no	no	no
0.139130209561781	6.93473501434589	0.926260747534375	0.359500135389014	0.925475828717062	-4.79628880734805	TRIM66	no	no	no
0.176417539942969	7.39892667571758	0.926002739439598	0.359632667877502	0.925475828717062	-4.79643231748932	MED24	no	no	no
-0.329849223580163	10.1662384703681	-0.925640312900898	0.359818891243353	0.925475828717062	-4.79663384380178	PTS	no	no	no
-0.562824205815396	10.0552412902242	-0.925497711382869	0.3598921804767	0.925475828717062	-4.79671311655827	OLFML3	no	no	no
-0.282112841421051	12.0418773920191	-0.925456367291375	0.359913430850453	0.925475828717062	-4.7967360977464	PSME2	no	no	no
-0.271162542809327	9.63232977968947	-0.925080596464173	0.360106610009864	0.925475828717062	-4.79694492615667	IMPA1	no	no	no
-0.2009788561968	7.44355291834197	-0.924920414739096	0.360188977949148	0.925475828717062	-4.79703392012989	PTPN18	no	no	no
-0.26355788751568	6.98599759098906	-0.924846516459557	0.360226981723599	0.925475828717062	-4.79707497172333	PCDHB12	no	no	no
-0.460270485963945	9.64884488401486	-0.924366952923471	0.360473670882747	0.925475828717062	-4.79734130106234	DERA	no	no	no
-0.207600137137095	8.94399718619104	-0.923843773461866	0.36074292139605	0.925475828717062	-4.79763170392562	FBXO7	no	no	no
0.228952092208751	7.66887652138544	0.923777832429441	0.360776866738187	0.925475828717062	-4.79766829499309	KAT6B	no	no	no
-0.340367901126945	9.52080967071812	-0.923757846748602	0.360787155442592	0.925475828717062	-4.79767938467763	HEG1	no	no	no
-0.154911419028719	8.21665522200283	-0.92339540207872	0.36097377640403	0.925475828717062	-4.79788045916788	RPS14	no	no	no
0.177225741302943	7.29525024692877	0.923046523322324	0.361153471548281	0.925475828717062	-4.79807393719906	HLCS	no	no	no
-0.379950230344773	8.68836513885518	-0.923011119881558	0.361171709857723	0.925475828717062	-4.79809356705685	IL4R	no	no	no
0.361569524022189	8.79564776006085	0.922831104982034	0.361264454937924	0.925475828717062	-4.79819336744308	C11orf71	no	no	no
-0.393582168993342	9.37271828639563	-0.922616874439296	0.361374848332318	0.925475828717062	-4.79831211302416	IRF1	no	no	no
0.510386965690234	9.93345450094412	0.922550889774372	0.361408854762763	0.925475828717062	-4.79834868233178	GSTM2	no	no	no
-0.235283651809953	8.60484074046722	-0.92243181397848	0.361470227956532	0.925475828717062	-4.79841466897465	ADNP2	no	no	no
-0.438443604286666	8.3650323441021	-0.922024259695478	0.36168033786334	0.925475828717062	-4.79864045693821	FBLN1	no	no	no
-0.378062801021913	9.98113157694471	-0.921831097302705	0.361779948183796	0.925475828717062	-4.79874743732194	EXOSC4	no	no	no
0.321639592453041	7.81128280213881	0.921782779463802	0.36180486759452	0.925475828717062	-4.79877419419121	DCHS1	no	no	no
0.289946385052014	9.11100103358551	0.921600455162064	0.361898909441226	0.925475828717062	-4.79887514759835	SHQ1	no	no	no
-0.251550796859938	7.943222390867	-0.921154284406379	0.362129108684627	0.925475828717062	-4.79912211378434	EDC4	no	no	no
0.295959334313573	9.70725632769565	0.92092649114679	0.362246673927642	0.925475828717062	-4.79924815919759	GNL2	no	no	no
-0.154087767230168	6.87643869288133	-0.920562497019093	0.362434584495426	0.925475828717062	-4.79944950779231	TRPV2	no	no	no
-0.256402265095084	7.53905886442941	-0.920510561150279	0.36246140133967	0.925475828717062	-4.79947823073017	SENP6	no	no	no
0.187420940261113	7.70374906540288	0.920303943983267	0.362568099892875	0.925475828717062	-4.79959248440584	PIK3CD	no	no	no
0.202477290450936	8.46042456938002	0.920175607735181	0.362634383882417	0.925475828717062	-4.79966343865039	PLD2	no	no	no
-0.235851876681729	8.07339087174824	-0.91994494182639	0.362753539548206	0.925475828717062	-4.79979094515363	RNMT	no	no	no
-0.25769752528777	7.24774725592964	-0.919679113565838	0.362890890591871	0.925475828717062	-4.79993785105438	TIMELESS	no	no	no
0.182989894527274	7.69074367351594	0.919650341288584	0.362905758987061	0.925475828717062	-4.79995374920286	BAIAP3	no	no	no
-0.292614300658627	7.67239037426529	-0.919539306338532	0.362963141237707	0.925475828717062	-4.80001509725711	BDH2	no	no	no
-0.280053385595208	7.73264535585835	-0.919507862062496	0.362979392534715	0.925475828717062	-4.80003246929914	RIT1	no	no	no
0.170232090991578	6.94587977672506	0.919115991920438	0.363181961735678	0.925475828717062	-4.80024891895015	PGC	no	no	no
0.35947757871753	8.9575391556091	0.918789249237333	0.363350920625481	0.925475828717062	-4.80042932870457	CEBPG	no	no	no
0.283483574971368	10.8615075052584	0.918789014345957	0.363351042106304	0.925475828717062	-4.80042945837714	DDX47	no	no	no
-0.517991311601362	9.36431667484803	-0.918538696614497	0.36348051606548	0.925475828717062	-4.80056762930091	EFNB2	no	no	no
-0.622613240985623	10.6786603096661	-0.91837484166824	0.363565284327241	0.925475828717062	-4.80065805502465	PSMB9	no	no	no
-0.255843528037347	8.92004761393331	-0.918368690655012	0.363568466724626	0.925475828717062	-4.80066144925317	PPIG	no	no	no
-0.125298620268976	7.32991761661723	-0.918004077143694	0.363757141873828	0.925475828717062	-4.80086261046505	AKAP13	no	no	no
-0.182276916957449	7.88172105382091	-0.91743658444408	0.364050926245947	0.925475828717062	-4.80117555198697	MPHOSPH8	no	no	no
-0.402521182465016	8.35224452165234	-0.91734268422804	0.364099552101851	0.925475828717062	-4.80122731522497	FAM174B	no	no	no
0.20674008482107	8.72162799642268	0.916990200525731	0.364282121903651	0.925475828717062	-4.8014215799366	RBM28	no	no	no
0.288669858284884	9.56987805289778	0.916653297766713	0.364456676883364	0.925475828717062	-4.80160719148916	ETFB	no	no	no
0.640122239064091	8.20962766578775	0.916651401178665	0.364457659690667	0.925475828717062	-4.80160823620342	CYP1B1	no	no	no
-0.484355337253092	7.98032294599083	-0.91650151933421	0.364535333519769	0.925475828717062	-4.80169079047002	APLP1	no	no	no
0.31145649139067	7.70817828056138	0.916218312167665	0.364682130265981	0.925475828717062	-4.8018467448758	SFMBT1	no	no	no
-0.181938204011837	8.03741765108433	-0.91584259265212	0.364876938594036	0.925475828717062	-4.80205357290937	ZNF747	no	no	no
0.238306508552279	9.63873770828779	0.915811835991108	0.364892888719166	0.925475828717062	-4.80207050044188	ACLY	no	no	no
-0.165762224904886	7.91278503683014	-0.915701716754658	0.364949999252792	0.925475828717062	-4.80213110231616	NFATC4	no	no	no
0.327461828816172	8.19281617428933	0.915410727697675	0.365100941124837	0.925475828717062	-4.80229120902006	XRCC1	no	no	no
-0.297926736264294	8.20269856347712	-0.915012402855937	0.365307625664794	0.925475828717062	-4.80251029547367	JAG1	no	no	no
0.15436957654799	9.5299203849107	0.914954282596128	0.365337789682423	0.925475828717062	-4.80254225521012	ATP5F1A	no	no	no
-0.243142392732751	10.0494801553876	-0.91493501563758	0.365347789457571	0.925475828717062	-4.80255284948961	USP14	no	no	no
-0.256896927421334	7.20093054699979	-0.914847907265355	0.365393001922259	0.925475828717062	-4.80260074494095	NPTXR	no	no	no
-0.261881672715463	8.44196278199883	-0.914641508071679	0.365500145169273	0.925475828717062	-4.80271421373542	SRRM2	no	no	no
-0.374588576140061	7.78743618820461	-0.914581612340792	0.365531241257912	0.925475828717062	-4.80274713712102	CFAP69	no	no	no
-0.159268466020459	7.37739395394551	-0.914031664104226	0.365816838008637	0.925586987032309	-4.80304933637669	TP53BP1	no	no	no
-0.184021547611864	7.13465951476242	-0.913568090765593	0.366057690878132	0.925586987032309	-4.80330393858122	PURA	no	no	no
0.444056882791549	8.22338431651369	0.913522901209645	0.366081174915876	0.925586987032309	-4.80332875089969	FZD3	no	no	no
0.272917409289592	9.62257234130645	0.913340867945582	0.366175783533219	0.925586987032309	-4.80342868849803	TRIT1	no	no	no
-0.153546387053285	9.04791383673334	-0.913323046449866	0.366185046793752	0.925586987032309	-4.80343847161696	POM121	no	no	no
0.233323886086824	7.14019895664706	0.911814652965909	0.366969628339075	0.926355321978067	-4.80426585010777	CBLC	no	no	no
0.170471889489256	7.76988239746204	0.911730371656785	0.367013498719643	0.926355321978067	-4.80431204159662	LARP4B	no	no	no
-0.173715754075186	7.71480799781146	-0.911370906162045	0.367200646863166	0.926355321978067	-4.80450900604253	ARHGEF11	no	no	no
0.254276547306334	7.41084952203058	0.911315080915916	0.367229716625008	0.926355321978067	-4.80453958816418	MLLT10	no	no	no
-0.292813681936165	8.95929166670476	-0.911218923010006	0.367279792208259	0.926355321978067	-4.80459226111844	ABCC1	no	no	no
0.289171823949709	9.94673635138561	0.911098545628693	0.367342486633137	0.926355321978067	-4.80465819349344	ANKRD27	no	no	no
0.224121289482562	10.2372626055273	0.910700284455123	0.367549956486787	0.926355321978067	-4.80487626793192	TMCO1	no	no	no
0.163204454429973	10.2679016489916	0.910366495013251	0.367723898688325	0.926355321978067	-4.8050589702821	PABPC1	no	no	no
0.270612673403593	8.49447603500185	0.909680777266858	0.368081401998102	0.926355321978067	-4.80543410447988	USP13	no	no	no
-0.153466008398715	7.09761570506051	-0.909512122490195	0.368169365555094	0.926355321978067	-4.80552632909108	GCC2	no	no	no
0.218422524551413	8.93228501259677	0.909021184150743	0.368425496385984	0.926355321978067	-4.80579469417066	CIC	no	no	no
0.237241798938888	8.08657810562037	0.908971147547102	0.368451607773728	0.926355321978067	-4.8058220383265	KDM6B	no	no	no
0.201180065156696	6.64385294940355	0.908656869513489	0.368615639685832	0.926355321978067	-4.80599375335276	APOA4	no	no	no
0.186001737496614	8.71165725005561	0.908648364194847	0.368620079541557	0.926355321978067	-4.80599839970167	UBQLN4	no	no	no
-0.197513589131829	9.73527275417336	-0.908566803156078	0.368662656914258	0.926355321978067	-4.80604295338315	HARS1	no	no	no
-0.28294118733233	9.88833614668903	-0.908473262210117	0.368711492067253	0.926355321978067	-4.80609404656775	KRCC1	no	no	no
0.108504558291481	6.65392230431367	0.908280911542336	0.36881192614967	0.926355321978067	-4.80619909515027	RUBCN	no	no	no
-0.504377842982842	11.5042151230578	-0.908216824768656	0.368845392365542	0.926355321978067	-4.80623409021875	H2BC12	no	no	no
0.266887855211688	8.04099259520212	0.908116309960837	0.368897885298431	0.926355321978067	-4.80628897238111	NEO1	no	no	no
0.268054120912855	9.05909615176656	0.908053573213389	0.368930651425635	0.926355321978067	-4.80632322440175	PEMT	no	no	no
0.141921725920357	7.98122884833035	0.907695364028884	0.369117772697247	0.926518577316147	-4.80651875087678	GATAD2A	no	no	no
0.226233323092355	7.34589062290789	0.907123213182256	0.369416779517118	0.926962474529065	-4.80683090464771	SPIDR	no	no	no
-0.225519152425595	9.33020170413699	-0.905837401525015	0.370089315150887	0.927673027054968	-4.80753173682936	NOL8	no	no	no
0.289703917735657	7.18252126701612	0.905648119554072	0.370188384343462	0.927673027054968	-4.80763482552889	AQP2	no	no	no
-0.465030027724961	10.4342654923784	-0.905483163680835	0.37027473529122	0.927673027054968	-4.80772464885478	S100A14	no	no	no
-0.280402642846849	9.04970490784476	-0.905482088842054	0.370275297989302	0.927673027054968	-4.80772523408528	FBXW11	no	no	no
0.304965886621682	8.81989526024388	0.90541345901758	0.370311228116697	0.927673027054968	-4.8077626004356	RABGGTA	no	no	no
0.153419246745044	8.63123605347191	0.904337853964597	0.370874638094403	0.927977448061783	-4.80834787622542	LRCH4	no	no	no
0.227925794902481	7.87208637816952	0.90389354247609	0.371107532477357	0.927977448061783	-4.80858944986436	AP1G2	no	no	no
-0.274586028055888	9.12903510972929	-0.903801530678484	0.371155773966666	0.927977448061783	-4.80863946292603	SULT1A1	no	no	no
0.340810491828521	8.60809171357942	0.903657844784547	0.371231116076306	0.927977448061783	-4.8087175538211	ADGRL1	no	no	no
0.255138362421324	9.1275606953015	0.903209745283511	0.371466141424531	0.927977448061783	-4.80896101289377	RFC1	no	no	no
0.23257808380458	8.45455474881033	0.903074426158588	0.371537134230801	0.927977448061783	-4.80903451127588	ACBD4	no	no	no
-0.272091240579468	11.0824210055455	-0.903064525282165	0.371542328894084	0.927977448061783	-4.80903988851252	PAPSS1	no	no	no
-0.31413469477612	9.04504446098709	-0.902651932572434	0.371758844150146	0.927977448061783	-4.80926392088333	AIMP1	no	no	no
-0.258595102267127	7.53570102693701	-0.902532206968691	0.371821687420694	0.927977448061783	-4.80932891213675	SMURF1	no	no	no
-0.329340847068258	9.45335079134912	-0.902504288623459	0.371836342577707	0.927977448061783	-4.80934406601824	RAB4A	no	no	no
-0.352693245346612	8.20932231801202	-0.902353530946183	0.371915486105335	0.927977448061783	-4.80942588854874	TBC1D4	no	no	no
-0.38517269381212	8.74513208797617	-0.902258788592408	0.371965228701253	0.927977448061783	-4.80947730257915	ID2	no	no	no
0.195637095137018	6.93392270347496	0.901814937966722	0.37219832054346	0.927977448061783	-4.8097180997908	PTMS	no	no	no
-0.260446146053239	8.74184391775722	-0.901783458899676	0.372214855596092	0.927977448061783	-4.80973517350494	GTF2F1	no	no	no
-0.132051194091828	6.50710429039668	-0.901683853264506	0.372267178690046	0.927977448061783	-4.80978919419718	MARCHF7	no	no	no
-0.224414075725737	7.33182858328258	-0.89981923357183	0.373247539228844	0.929614315824823	-4.81079941871844	C5orf22	no	no	no
0.14571654280619	7.41912740242666	0.899766595438521	0.373275238763909	0.929614315824823	-4.81082790854132	RSPH6A	no	no	no
0.111621192508205	10.6776515164602	0.899735965843572	0.37329135744837	0.929614315824823	-4.81084448575259	RPS9	no	no	no
0.345194153667462	8.93923931528999	0.899398287441881	0.373469088736932	0.929624049365113	-4.81102720707287	MT1G	no	no	no
0.209557742566948	7.82015595594055	0.899263036861756	0.373540290789962	0.929624049365113	-4.81110037433984	RAB8B	no	no	no
-0.149987833376293	7.14649377098268	-0.899018375864121	0.373669113559314	0.929628344582156	-4.81123270347091	RANBP10	no	no	no
-0.271069520338601	9.08578446741472	-0.898377671523004	0.374006602181485	0.929628344582156	-4.81157907772799	BCKDK	no	no	no
-0.19800884988056	9.25450159721396	-0.898163918813172	0.374119239043603	0.929628344582156	-4.81169458352166	TMEM184C	no	no	no
-0.251529793259879	9.78013755708755	-0.898158422847403	0.374122135425911	0.929628344582156	-4.81169755303923	CHMP1B	no	no	no
-0.531161273210233	9.24101806579896	-0.898096857401169	0.374154581491026	0.929628344582156	-4.81173081620185	MFHAS1	no	no	no
0.11766039443794	8.41752828709624	0.897502734079845	0.374467787455145	0.930101987302665	-4.81205170366947	RAD54L2	no	no	no
-0.327352880805272	10.0372647676848	-0.897079489834302	0.374691012877604	0.930351899775937	-4.81228017610644	ENOPH1	no	no	no
-0.264303022819129	8.69671628961142	-0.896560798636341	0.374964694586564	0.930629580486705	-4.8125600326078	MTMR2	no	no	no
-0.406445975349664	10.5718693914636	-0.896402705437484	0.375048136152918	0.930629580486705	-4.81264530025328	ANXA4	no	no	no
-0.334650294811632	8.24141751837601	-0.895821495854159	0.375355000592834	0.930948836938618	-4.81295865333987	IGF1R	no	no	no
-0.284767980816011	8.52159712893558	-0.895395515212461	0.375580009899023	0.930948836938618	-4.81318819394572	ARGLU1	no	no	no
0.111811731758471	7.63854636384662	0.894781623622338	0.375904428236185	0.930948836938618	-4.81351880862159	CD5	no	no	no
-0.246847664517635	8.35967655663723	-0.894115870020979	0.376256456068202	0.930948836938618	-4.81387711074614	SUOX	no	no	no
-0.265787912110257	8.41804383864976	-0.893913321088085	0.37636359882543	0.930948836938618	-4.81398607042047	MTF2	no	no	no
-0.340445061846177	9.56363169305409	-0.893850828344803	0.376396659684543	0.930948836938618	-4.81401968319405	SHMT2	no	no	no
-0.216094860585094	9.44901171677736	-0.893211844193523	0.376734811241496	0.930948836938618	-4.81436324363182	BCL7B	no	no	no
-0.376887214682297	6.96265413036286	-0.892868384974245	0.376916650618824	0.930948836938618	-4.8145478138639	PTPRN2	no	no	no
0.227910097581366	8.88230042906697	0.892736252951116	0.376986620878473	0.930948836938618	-4.8146188018457	REEP4	no	no	no
0.206032058029002	7.4597985796132	0.892665536875253	0.377024071847614	0.930948836938618	-4.8146567899904	MAST3	no	no	no
0.251651215429236	8.57694809509685	0.892647412254416	0.377033670961383	0.930948836938618	-4.81466652594087	GTF2H3	no	no	no
0.243756973129921	9.33247434298266	0.892604821675498	0.377056228285291	0.930948836938618	-4.81468940346147	PTGES2	no	no	no
0.174435835055721	7.1243342635396	0.892357098860718	0.377187447238192	0.930948836938618	-4.8148224471882	IL3RA	no	no	no
0.195621959593082	9.28883226250504	0.892087778067888	0.377330139723494	0.930948836938618	-4.81496705071832	TEX261	no	no	no
-0.639558395254985	8.07346012500836	-0.892042384358301	0.377354193770024	0.930948836938618	-4.81499141939806	CLDN10	no	no	no
0.129629911959297	6.803286151813	0.891713691569788	0.377528396695197	0.930948836938618	-4.81516783625658	LHB	no	no	no
0.184546113058406	7.81703557280621	0.8916913990084	0.377540213322177	0.930948836938618	-4.81517979894474	CHFR	no	no	no
0.220677490685555	9.72455436027753	0.890884492337353	0.377968089527197	0.930948836938618	-4.81561261209766	ACTN1	no	no	no
-0.225346973582569	8.23427306928957	-0.890701120988566	0.378065368465338	0.930948836938618	-4.81571091800141	KRIT1	no	no	no
-0.247305437273433	10.6258653460886	-0.890369801442144	0.378241174757848	0.930948836938618	-4.81588849065649	DUT	no	no	no
0.214369246996633	9.75845503854132	0.890332596093287	0.378260920085007	0.930948836938618	-4.81590842716572	SELENOT	no	no	no
0.12957073385663	7.21789240310671	0.889915369282074	0.378482392390308	0.930948836938618	-4.8161319442595	AREL1	no	no	no
-0.326712417780653	8.13113316287208	-0.88983339801699	0.3785259140843	0.930948836938618	-4.81617584628632	KIAA0232	no	no	no
-0.288747396483931	6.85080431297084	-0.889753559317682	0.378568306583562	0.930948836938618	-4.81621860246737	SPATS2	no	no	no
-0.652410191473165	7.70119608675309	-0.889653519636476	0.37862142960731	0.930948836938618	-4.81627217178145	PLAGL1	no	no	no
0.321053983849593	9.50831934095959	0.888991464394035	0.378973113617137	0.930948836938618	-4.81662654543523	TMEM97	no	no	no
-0.311888226293028	10.686483511473	-0.888969119791592	0.37898498670832	0.930948836938618	-4.81663850130498	ESYT1	no	no	no
0.172668882236862	8.27595912802346	0.888966833245653	0.378986201707206	0.930948836938618	-4.81663972474523	DNAJB12	no	no	no
-0.362710801292272	8.60985598494071	-0.888623136295029	0.379168859720494	0.930948836938618	-4.81682358941191	VWA5A	no	no	no
-0.179399284376921	7.83437550900639	-0.888555476591498	0.379204824127712	0.930948836938618	-4.81685977680321	H2AX	no	no	no
0.282847415299216	7.09812611159589	0.888306135030659	0.37933737999214	0.930948836938618	-4.81699311307714	H4C5	no	no	no
0.242820527574311	8.61895058177037	0.887881735938388	0.37956306842482	0.930948836938618	-4.81721998028667	WFS1	no	no	no
-0.408550376996172	8.33811334411645	-0.887817865646173	0.379597040991738	0.930948836938618	-4.81725411394454	DUSP10	no	no	no
0.182947153587994	7.60892556465612	0.887268965206486	0.379889080581455	0.930948836938618	-4.81754736203815	FEZ1	no	no	no
0.145903653281094	8.76534746870508	0.887189839613286	0.37993119072647	0.930948836938618	-4.81758962040328	SIRT3	no	no	no
-0.324955329768836	8.90008783093642	-0.887075516505354	0.379992038015013	0.930948836938618	-4.81765067027842	AGPAT2	no	no	no
0.195034513319379	8.1433738749966	0.887014105750188	0.380024725812777	0.930948836938618	-4.81768346125512	PDE6G	no	no	no
0.231183270415679	11.4186168053098	0.886938805831122	0.380064808995146	0.930948836938618	-4.81772366556833	RAB8A	no	no	no
-0.326479624211076	8.88709529681661	-0.886818071620964	0.380129083090117	0.930948836938618	-4.81778812150345	CACNB3	no	no	no
0.233062145423827	12.8440193758133	0.886747492045384	0.380166660054188	0.930948836938618	-4.81782579770682	PPA1	no	no	no
-0.508287026708794	10.6492588462996	-0.88646877233808	0.380315075092659	0.930948836938618	-4.81797455372524	RND3	no	no	no
0.237585955036549	9.75692275792706	0.886390462789159	0.380356780658858	0.930948836938618	-4.81801634047128	ELOVL1	no	no	no
-0.122517831714859	7.07880466338454	-0.88621105699291	0.380452338342996	0.930948836938618	-4.81811205995576	ARID4B	no	no	no
0.275098964792611	9.46274989034567	0.885808545854553	0.380666785145675	0.931173296481426	-4.81832674726882	TPM4	no	no	no
-0.266558398275441	8.2216745914353	-0.885498979787457	0.380831765666759	0.931181417358229	-4.81849179747539	TGFBR2	no	no	no
-0.273673187376449	7.37083156019063	-0.885341819503183	0.380915540258295	0.931181417358229	-4.8185755690821	ENTPD7	no	no	no
0.371816932399258	7.04977951603329	0.884902116867659	0.381149986830788	0.931338107461992	-4.81880987004543	PDZD2	no	no	no
-0.150193653570695	6.53392383897061	-0.884362509303586	0.381437827368296	0.931338107461992	-4.81909725551164	MGA	no	no	no
0.381251384021474	10.9482651790262	0.88407006240623	0.38159388375287	0.931338107461992	-4.8192529380009	RABAC1	no	no	no
-0.222769741170978	7.37501895225409	-0.884033684494338	0.381613298678719	0.931338107461992	-4.81927230016116	NEDD9	no	no	no
0.131097080382141	8.04915862182543	0.883835296605049	0.38171918952443	0.931338107461992	-4.81937787888952	ARFGAP2	no	no	no
-0.305756650959168	9.60659914701325	-0.883661306586601	0.381812073206002	0.931338107461992	-4.81947045495248	HMGB3	no	no	no
-0.230444751479905	8.09748776414075	-0.88334767225797	0.381979541544939	0.931338107461992	-4.81963728879176	EIF5B	no	no	no
0.157076806241126	7.57483448481958	0.883104094973755	0.382109634364849	0.931338107461992	-4.81976681785655	CUL9	no	no	no
-0.279068847163347	10.0517710355323	-0.883037792529273	0.382145050878761	0.931338107461992	-4.81980207016907	SEC24B	no	no	no
0.464807643540177	10.2779074872073	0.882921791218356	0.382207019851956	0.931338107461992	-4.81986374079879	VEGFA	no	no	no
-0.201422983946855	7.50304035561744	-0.882286381775138	0.382546574623456	0.931866262678262	-4.82020141165008	PSPC1	no	no	no
0.180919447961088	7.30123847448106	0.881483234521822	0.382976040186441	0.932400975480748	-4.82062789169786	APBB2	no	no	no
-0.207561734349346	8.90417798605976	-0.881127767721235	0.383166215940691	0.932400975480748	-4.82081653068513	TMEM106B	no	no	no
0.163775595262569	7.40781762859791	0.880597490445407	0.383450027089923	0.932400975480748	-4.82109780366792	AKT2	no	no	no
-0.170862776251968	9.07573866807837	-0.880497308533603	0.383503660689203	0.932400975480748	-4.82115092471394	ATP6V0E1	no	no	no
0.1963262176848	7.90797945813507	0.880489419880435	0.383507884177156	0.932400975480748	-4.82115510739588	ACTR5	no	no	no
-0.187354809464952	7.09374847025337	-0.880284983777556	0.383617347037779	0.932400975480748	-4.82126349005794	WDR41	no	no	no
0.270202723503115	8.77362149324125	0.880012713363636	0.383763161715821	0.932400975480748	-4.82140779823174	NEMF	no	no	no
-0.231631249569823	10.8992759474573	-0.879605450792649	0.383981337130633	0.932400975480748	-4.82162357547271	BIRC2	no	no	no
0.154438942305183	8.00725498142688	0.879421686764996	0.38407980743818	0.932400975480748	-4.82172090687831	LRRC40	no	no	no
0.27221899457958	9.87646391755472	0.878778012804862	0.384424847516829	0.932400975480748	-4.82206167914723	MTDH	no	no	no
-0.211885151938532	8.03420412979419	-0.878710692537048	0.384460945741664	0.932400975480748	-4.82209730597892	TFEB	no	no	no
-0.290477390327097	7.11919726774646	-0.878058523948512	0.38481076028984	0.932400975480748	-4.82244230847127	C11orf80	no	no	no
-0.366348524048588	10.30040803856	-0.878053257223958	0.384813586110718	0.932400975480748	-4.82244509362044	CD46	no	no	no
0.222392190051367	7.62251008139836	0.877631093420722	0.385040137605698	0.932400975480748	-4.82266829062741	ABHD8	no	no	no
-0.187432063500329	8.68435305908408	-0.877392229772647	0.385168359634871	0.932400975480748	-4.82279453208003	ZFAND6	no	no	no
0.483402459594156	9.79718218259297	0.877308891891642	0.385213101774839	0.932400975480748	-4.82283856916692	HILPDA	no	no	no
0.138929160571276	7.02742097736694	0.877277304314037	0.385230061258673	0.932400975480748	-4.82285525951568	TRNAU1AP	no	no	no
0.208446047264126	7.04082526648345	0.877251578405017	0.385243873940676	0.932400975480748	-4.82286885223453	IGFALS	no	no	no
-0.307737472280516	8.58736514692682	-0.877245457964212	0.385247160156516	0.932400975480748	-4.82287208601709	PRKRA	no	no	no
-0.262483507001726	10.365819092243	-0.877067492561843	0.385342721932841	0.932400975480748	-4.82296610604508	SHC1	no	no	no
-0.261949108780279	8.61666225926749	-0.876964911498641	0.38539781152331	0.932400975480748	-4.8230202919047	DARS2	no	no	no
0.143740972211449	7.64255144119056	0.876289507285844	0.385760651411827	0.932400975480748	-4.82337690672122	NDST2	no	no	no
0.34372900412911	9.8870474337605	0.876088807999488	0.385868512477555	0.932400975480748	-4.82348282601817	STX18	no	no	no
0.278135986807402	8.57183591538882	0.876065811900003	0.385880872402758	0.932400975480748	-4.82349496076535	METAP2	no	no	no
0.214055617319654	7.87505178896448	0.875827326513347	0.38600906809783	0.932400975480748	-4.82362078859501	PRKAB2	no	no	no
-0.174785707902514	9.63566928321263	-0.875736586190177	0.386057851820833	0.932400975480748	-4.82366865575442	ARPC5	no	no	no
-0.29223898307129	8.01192521418213	-0.875235066051562	0.386327548880218	0.932400975480748	-4.82393313163556	KLHL24	no	no	no
-0.232041328521474	8.13336310566192	-0.875098568585019	0.386400972255837	0.932400975480748	-4.82400508842924	ETV6	no	no	no
0.250530215840308	9.14619241415725	0.875003452170967	0.386452141555698	0.932400975480748	-4.82405522423946	CSNK2A1	no	no	no
0.159526739392599	8.20099587132048	0.875002908901375	0.386452433828012	0.932400975480748	-4.82405551058168	SRF	no	no	no
0.135915608279242	7.00533642480925	0.874444496815872	0.386752926472864	0.93282937256074	-4.82434974460674	ZNF324B	no	no	no
-0.309936174228423	9.10762902536694	-0.873798340759936	0.387100820051153	0.93337178981511	-4.82468998907047	SULT1A2	no	no	no
0.313751649016346	8.52353079375537	0.873353532133331	0.387340421992501	0.933523773377365	-4.82492407162816	RIPK4	no	no	no
-0.299741184609484	7.9139956845305	-0.873221406575492	0.387411611171459	0.933523773377365	-4.8249935814676	GDPD3	no	no	no
-0.234400047945538	9.75224891461876	-0.87299627354257	0.387532931752596	0.933523773377365	-4.82511199850278	CLN3	no	no	no
-0.219394361431308	7.85600942489036	-0.872146642184698	0.38799100044313	0.933736817897244	-4.82555863190607	DAB2	no	no	no
-0.171941367376751	6.99267080199374	-0.871958570688217	0.388092443119333	0.933736817897244	-4.8256574412382	CNNM2	no	no	no
0.350984523465069	7.7461772123574	0.871767041015308	0.388195768271806	0.933736817897244	-4.82575804660204	C2orf68	no	no	no
-0.275480985764439	8.97275881042379	-0.871692799517949	0.388235824246133	0.933736817897244	-4.82579703800184	SARS1	no	no	no
-0.327105274282845	8.14652398952101	-0.871691278785524	0.388236644763548	0.933736817897244	-4.82579783665269	KCTD13	no	no	no
0.129175578128384	6.59745843978806	0.871431843391002	0.388376640202705	0.933777549384703	-4.8259340662716	ARID5B	no	no	no
-0.470333655106166	8.2997653599405	-0.870689755177329	0.388777258454126	0.934444674421889	-4.82632352409045	MMD	no	no	no
0.254621304762565	6.5640829009727	0.869889449447133	0.389209597394605	0.934656970925302	-4.82674318149136	IQCC	no	no	no
0.193113822891835	8.32891435227817	0.869521474299497	0.389408485521292	0.934656970925302	-4.8269360139052	ATP9A	no	no	no
0.229205693439941	6.79625819202818	0.869488044982283	0.389426557016955	0.934656970925302	-4.82695352824188	ANKRD2	no	no	no
-0.174800646084457	7.02896456775709	-0.869375529294528	0.389487385555137	0.934656970925302	-4.82701247291838	WDR44	no	no	no
0.184527778964618	7.98956952590948	0.869270309539053	0.389544275160841	0.934656970925302	-4.82706758883759	CRYM	no	no	no
-0.326793889757747	7.60843766655198	-0.869068059665593	0.38965364114254	0.934656970925302	-4.82717351297743	EDN1	no	no	no
-0.21530185932375	7.19675758162075	-0.868646496200159	0.389881662401729	0.934656970925302	-4.82739422263735	RUFY3	no	no	no
0.352820222830681	8.39132570205894	0.868063731635081	0.390197014705871	0.934656970925302	-4.82769916138344	CUEDC1	no	no	no
0.154644397557261	6.62873734146744	0.867918556846134	0.390275598335452	0.934656970925302	-4.82777509558423	SLC2A8	no	no	no
0.241348197265344	9.73593633437488	0.867792537841945	0.390343820944547	0.934656970925302	-4.8278410004836	PPIH	no	no	no
0.16068036119341	10.7295202807792	0.867407914217977	0.390552090120692	0.934656970925302	-4.82804209304684	VPS52	no	no	no
-0.367793852639351	10.3507738199415	-0.867269451536143	0.390627083146298	0.934656970925302	-4.82811446464894	ADA2	no	no	no
0.183218689650938	6.73975092625515	0.866779612180226	0.390892458629163	0.934656970925302	-4.82837040537445	DENND6B	no	no	no
0.246710691369777	10.5638640614353	0.866614674771612	0.390981840665659	0.934656970925302	-4.82845655408685	AP2S1	no	no	no
-0.278812157995383	8.71038852985794	-0.866416712507505	0.391089136329658	0.934656970925302	-4.82855993146016	SLC29A1	no	no	no
-0.139692244364168	8.81470745156631	-0.866009767300772	0.391309759005733	0.934656970925302	-4.82877237068966	CELF1	no	no	no
-0.862372995097028	9.70706059061921	-0.866003196545365	0.39131332193934	0.934656970925302	-4.82877580006805	BCAT1	no	no	no
0.270595537221277	9.01658848455808	0.865895155058572	0.391371909397497	0.934656970925302	-4.82883218503143	LDB1	no	no	no
-0.304180494144209	9.41823726555969	-0.865594152701783	0.391535162464364	0.934656970925302	-4.82898923758612	MRPL46	no	no	no
-0.266545858269851	8.64863718187948	-0.865558251441147	0.391554636898418	0.934656970925302	-4.82900796614531	XPA	no	no	no
-0.202576776496559	9.07914393314063	-0.865119097887492	0.391792902495496	0.934656970925302	-4.82923699891001	FXR1	no	no	no
0.220172275060875	9.20322129319636	0.864322793614493	0.392225174778624	0.934656970925302	-4.82965201510179	NDRG3	no	no	no
-0.180526943945	7.3505340056334	-0.864043884363575	0.392376650931834	0.934656970925302	-4.82979729040831	GTF2H1	no	no	no
-0.318360276148068	8.27580852466886	-0.863963574748168	0.392420274048306	0.934656970925302	-4.82983911295632	HNRNPH1	no	no	no
-0.188456137003422	7.56410773189384	-0.863910008009722	0.392449372481773	0.934656970925302	-4.82986700665549	NES	no	no	no
-0.276718359314725	9.50897796138819	-0.863477999086456	0.392684097150155	0.934656970925302	-4.8300919055993	ZNF32	no	no	no
0.190269415644006	9.71288845392668	0.863247661660258	0.392809283060029	0.934656970925302	-4.8302117728752	GTF3C2	no	no	no
-0.187661700223299	6.96863301758482	-0.863172562084687	0.392850104283336	0.934656970925302	-4.83025084800787	UCHL5	no	no	no
-0.219756031484231	10.1173694952611	-0.862928863453769	0.392982587761897	0.934656970925302	-4.83037762478446	PRKAG1	no	no	no
0.148289975573553	7.7739070291356	0.862925916159848	0.392984190190074	0.934656970925302	-4.8303791578156	DNAJC4	no	no	no
0.557291289985294	8.08000606551449	0.862840742797048	0.393030500269681	0.934656970925302	-4.8304234584766	TPPP3	no	no	no
0.179364647777108	11.914258880434	0.862501380087218	0.393215051036937	0.934656970925302	-4.83059992762701	GDI2	no	no	no
-0.682668352866719	10.8026548213163	-0.862286044473083	0.3933321821049	0.934656970925302	-4.8307118682114	CXCL10	no	no	no
0.428069043182703	9.50586718107348	0.862154983245455	0.393403483120375	0.934656970925302	-4.83077998636662	SPON2	no	no	no
-0.172268921849954	6.9823248907387	-0.86128646695232	0.393876185348749	0.934656970925302	-4.83123114246135	SLC37A1	no	no	no
0.251505902579369	8.04067870493668	0.861269564563557	0.393885388242037	0.934656970925302	-4.83123991821493	FUZ	no	no	no
0.258531792513832	7.1612632749293	0.861021170760969	0.394020647488179	0.934656970925302	-4.83136886585152	FAM110B	no	no	no
0.305733081204143	10.2967069568501	0.861013139022949	0.394025021540486	0.934656970925302	-4.83137303474292	RNF139	no	no	no
-0.156389119148519	7.25385685836455	-0.860564433224868	0.394269433250563	0.934656970925302	-4.83160587765067	TRIM62	no	no	no
-0.269982523393588	9.46259488040524	-0.86037271737004	0.394373890540812	0.934656970925302	-4.83170532780739	SHOC2	no	no	no
-0.294025352682504	10.110783673396	-0.860299941077748	0.39441354758689	0.934656970925302	-4.83174307405569	EIF1AX	no	no	no
0.246904433133304	7.73551579222344	0.860200188870587	0.3944679083284	0.934656970925302	-4.83179480672696	PLEKHG6	no	no	no
0.164328013702655	7.48046958717763	0.860075659606659	0.394535778105457	0.934656970925302	-4.83185938105377	GALNS	no	no	no
0.299199013798428	7.91983172388965	0.860072678788109	0.39453740277298	0.934656970925302	-4.83186092664037	SSPN	no	no	no
1.20455766349901	9.7338315919642	0.860005848514264	0.394573829094385	0.934656970925302	-4.83189557751957	MAL	no	no	no
0.202869089002867	9.62092207592228	0.85982842097385	0.39467054746966	0.934656970925302	-4.8319875596166	POLDIP2	no	no	no
-0.214402553514838	7.28995638454577	-0.859660402853253	0.39476215031562	0.934656970925302	-4.8320746470121	FES	no	no	no
0.176713260340616	7.59520949134182	0.859509475128045	0.394844446891539	0.934656970925302	-4.83215286226791	POLR3K	no	no	no
-0.181428772491225	8.1611687129298	-0.859209313293009	0.395008148483863	0.934656970925302	-4.83230837622032	SEMA4D	no	no	no
0.156377221717316	7.8988186148112	0.859179577235837	0.395024368181002	0.934656970925302	-4.83232377966525	CAD	no	no	no
0.576416397735039	9.27667168266019	0.858329031121311	0.395488479757346	0.934808456400294	-4.83276415233931	FBLN5	no	no	no
0.199082789627463	6.73630293641225	0.858095637025347	0.395615893915638	0.934808456400294	-4.83288492014689	VGF	no	no	no
0.141145194817527	7.01108288416128	0.857928969350826	0.395706896598722	0.934808456400294	-4.83297114178085	DYRK3	no	no	no
-0.324270479671925	8.68235458666343	-0.857635970441354	0.395866909490937	0.934808456400294	-4.83312267925136	ATF1	no	no	no
-0.411278739689816	9.37058567311591	-0.857559226840753	0.395908827478387	0.934808456400294	-4.83316236248178	MSMO1	no	no	no
-0.432320620692249	8.15158265920415	-0.85748902834317	0.395947172907182	0.934808456400294	-4.83319865835222	ARNT2	no	no	no
0.234120037713731	8.73835229638572	0.85748245882185	0.395950761580198	0.934808456400294	-4.83320205495378	TMC6	no	no	no
-0.196853338183627	8.57714797245976	-0.857214207775055	0.396097314024586	0.934863582836255	-4.83334072606398	SMAD2	no	no	no
0.155506564832603	10.0964210316983	0.856949583153013	0.396241918483957	0.934914078811028	-4.83347748200714	SUB1	no	no	no
0.153157260589321	7.29155692179335	0.856085907661851	0.396714104620004	0.935712800295068	-4.83392354284214	SART1	no	no	no
-0.171004588006116	8.76709348732957	-0.855748566233943	0.396898630372354	0.935712800295068	-4.83409765253279	CIAO1	no	no	no
-0.373576994909539	8.12230276145037	-0.855653972566239	0.396950382729286	0.935712800295068	-4.8341464627674	PLK1	no	no	no
-0.208418880043734	11.536180466173	-0.855246114006012	0.397173571105505	0.93580769599147	-4.83435685848232	CREG1	no	no	no
0.195048206051792	7.99535983808427	0.855129691417833	0.397237294252573	0.93580769599147	-4.83441689807213	TAF1C	no	no	no
0.258845055341466	11.9588426827216	0.854828291915318	0.397402292965499	0.93590583458169	-4.83457229480392	WDR45B	no	no	no
-0.152405585024389	7.24647222423614	-0.854492465752925	0.397586188661966	0.936048401975488	-4.83474537987453	STX2	no	no	no
-0.255078785822121	9.64507670468086	-0.854041015050039	0.397833483102072	0.936313128153434	-4.8349779557885	PA2G4	no	no	no
0.367262439730179	8.90132729117162	0.853542293217687	0.398106783147188	0.936313128153434	-4.83523474839845	TSPAN15	no	no	no
-0.162746496345765	7.83801207141395	-0.853199083622525	0.398294930352113	0.936313128153434	-4.83541138447665	RBM14	no	no	no
-0.300515065094741	8.45490873046495	-0.853056490880161	0.398373115874755	0.936313128153434	-4.83548475127522	CHKA	no	no	no
0.80987475728061	8.96420102018743	0.852885869617173	0.398466682390214	0.936313128153434	-4.8355725239434	SCG5	no	no	no
0.22466132747806	9.96412227277847	0.852494518984121	0.398681345821348	0.936313128153434	-4.8357737831665	OXSR1	no	no	no
-0.39827548611407	9.87554404427935	-0.852280840397203	0.398798583102685	0.936313128153434	-4.83588363412547	POR	no	no	no
0.304897942746037	8.36615446303719	0.851772136439668	0.399077776003729	0.936313128153434	-4.8361450503238	RNF39	no	no	no
0.225144072491085	8.68825765286127	0.851745815813958	0.399092224912897	0.936313128153434	-4.83615857209477	SNRNP70	no	no	no
-0.187944785693498	7.30399925609817	-0.851639173971185	0.399150770105486	0.936313128153434	-4.83621335343965	PPA2	no	no	no
-0.248030657382397	9.1940086379553	-0.851588286983022	0.399178708385208	0.936313128153434	-4.83623949150891	MBD4	no	no	no
0.22473609298495	8.56396679039757	0.851393241988045	0.399285804443596	0.936313128153434	-4.83633966245575	SORBS3	no	no	no
0.184694018182997	8.08005779138248	0.851304648260145	0.399334455740826	0.936313128153434	-4.83638515507874	ZNF274	no	no	no
0.202440103570581	8.38838835350928	0.850971058897245	0.399517679662105	0.936313128153434	-4.8365564117574	PLPPR2	no	no	no
0.343947435560548	9.83295952974444	0.850868843733471	0.399573831807603	0.936313128153434	-4.83660887373195	NARS2	no	no	no
0.165156130159877	7.12015331149618	0.850347301452989	0.399860418823728	0.936313128153434	-4.83687646197531	MICAL3	no	no	no
-0.125426020074287	7.66213227013494	-0.84999885138932	0.400051963114477	0.936313128153434	-4.83705515443829	GPATCH4	no	no	no
0.181816949213718	8.11958687601014	0.849508320258445	0.400321706666874	0.936313128153434	-4.8373065906808	BICD2	no	no	no
-0.451659462128264	8.30994251333287	-0.849456528591038	0.40035019355996	0.936313128153434	-4.83733312995394	OIP5	no	no	no
0.184066654159904	9.0653508425715	0.849045483967333	0.400576324544901	0.936313128153434	-4.83754370420513	PARL	no	no	no
0.246273703409257	9.58630759044446	0.848944144302226	0.400632087483044	0.936313128153434	-4.83759560461667	CLUH	no	no	no
0.259857901385488	9.04973278068643	0.848883723089272	0.400665337022551	0.936313128153434	-4.83762654611346	TDG	no	no	no
-0.369277557552723	10.2815107270402	-0.848559656149359	0.400843698986698	0.936313128153434	-4.83779246384601	RFC4	no	no	no
-0.455803671604396	8.24037322480901	-0.848013979885452	0.401144143211999	0.936313128153434	-4.8380717059246	OPN3	no	no	no
-0.18445558690413	7.22256907721801	-0.847912256467743	0.401200166647992	0.936313128153434	-4.83812374249392	CCNC	no	no	no
0.258956233657086	7.12040967043713	0.847364864188875	0.401501722482939	0.936313128153434	-4.83840365854812	RBPMS	no	no	no
0.125814946049721	7.43215649110709	0.847311473650017	0.401531142617287	0.936313128153434	-4.83843095125565	HHLA1	no	no	no
0.18856024003292	11.8061267967844	0.847175950836184	0.401605826646544	0.936313128153434	-4.83850022179153	QARS1	no	no	no
-0.321428831303163	9.32828973273608	-0.846988900449833	0.401708920711637	0.936313128153434	-4.83859581254402	IL10RB	no	no	no
0.340174966511573	7.48961094926867	0.846706336316985	0.401864688989718	0.936313128153434	-4.8387401767275	THBS1	no	no	no
0.167909249931739	6.8617775752583	0.846685341078725	0.401876264468742	0.936313128153434	-4.83875090152196	ZNF91	no	no	no
-0.354821885741159	11.0193977807052	-0.846608967995571	0.401918373621731	0.936313128153434	-4.83878991230542	H1-0	no	no	no
0.172026761724984	7.77802182313303	0.846595419735745	0.401925843892408	0.936313128153434	-4.83879683230178	PTPN11	no	no	no
0.122801503635456	8.55764238826702	0.846062407354779	0.402219805919299	0.936313128153434	-4.83906899330385	STRADA	no	no	no
-0.296258435278485	9.19628710639089	-0.845845730726127	0.402339343552048	0.936313128153434	-4.83917958362879	RPS6KA3	no	no	no
-0.228628555129056	7.64740756941091	-0.845804778067071	0.402361939070911	0.936313128153434	-4.83920048256009	GAS7	no	no	no
-0.240430004299025	9.4491699500325	-0.845790135074762	0.402370018493511	0.936313128153434	-4.83920795492703	NINJ1	no	no	no
0.247150505189335	10.6716969129112	0.845758270813021	0.402387600277853	0.936313128153434	-4.8392242149377	ALDH9A1	no	no	no
0.161088334408737	8.02198200921543	0.845134831483914	0.402731692136732	0.936558408992838	-4.83954223214687	CSNK1E	no	no	no
-0.125182874741459	7.47076215675279	-0.844109617949468	0.403297930171979	0.936558408992838	-4.8400647084068	SPTBN5	no	no	no
-0.217921106143761	8.91828769029733	-0.843868133984767	0.403431376545282	0.936558408992838	-4.84018768704733	NUP205	no	no	no
-0.386682037822695	8.89574433420326	-0.843801259065077	0.403468337112948	0.936558408992838	-4.84022173797553	SELENOP	no	no	no
0.338164565904241	7.04196135508051	0.843787973267012	0.403475680185034	0.936558408992838	-4.8402285024435	BDKRB2	no	no	no
0.232501645948484	7.09577621205064	0.843741767228244	0.40350121894787	0.936558408992838	-4.8402520274703	WDR59	no	no	no
0.228923814040931	10.8433705027118	0.843000177944972	0.403911243461794	0.936558408992838	-4.84062942697341	RRAGA	no	no	no
-0.162647809568946	7.39446664959779	-0.842687454537251	0.404084225525087	0.936558408992838	-4.84078847897629	PCDH1	no	no	no
0.524091516624297	8.88670690043042	0.842028062967088	0.404449116501199	0.936558408992838	-4.84112366280641	ANKRD6	no	no	no
-0.801827069209354	9.71500426031124	-0.841479269395023	0.404752960835002	0.936558408992838	-4.84140243620678	SULF1	no	no	no
-0.207731813319984	11.613746203507	-0.841333007961712	0.404833963596048	0.936558408992838	-4.84147670407759	DNAJA1	no	no	no
0.263567335377598	8.07355388683766	0.841095933921418	0.40496528166846	0.936558408992838	-4.84159705812871	H2AC14	no	no	no
0.214325561174775	9.61501317023181	0.840814640302534	0.405121127678771	0.936558408992838	-4.84173981888931	FLNB	no	no	no
-0.210813226275109	7.81949552785069	-0.840532306043658	0.405277587556935	0.936558408992838	-4.84188306195615	ARHGAP8	no	no	no
-0.305381818538155	10.8827864800223	-0.840507926362079	0.405291099686488	0.936558408992838	-4.84189542890118	TSPAN6	no	no	no
-0.419127134752112	8.44891981091492	-0.840329405599894	0.405390051050216	0.936558408992838	-4.8419859756985	DAAM2	no	no	no
-0.136940492750795	7.21045719322792	-0.839996995285926	0.405574340892786	0.936558408992838	-4.84215452727341	SNRNP200	no	no	no
-0.109047657155225	6.60380211961325	-0.83991923566154	0.405617458672632	0.936558408992838	-4.84219394678759	COA1	no	no	no
0.192374950556123	8.20514813022783	0.839581439091777	0.405804800076325	0.936558408992838	-4.84236514916063	LIMS2	no	no	no
-0.595742749037422	8.71385562568409	-0.839538593211805	0.405828566151936	0.936558408992838	-4.84238685965123	HOXB7	no	no	no
0.943334571825263	9.31739351185345	0.839496171635867	0.405852097719339	0.936558408992838	-4.84240835410012	KRT5	no	no	no
0.530513699836754	8.77930892669959	0.839196471535827	0.406018367655554	0.936558408992838	-4.84256017861934	TGFBR3	no	no	no
-0.368413536975328	8.08313459241334	-0.838904381870916	0.406180455933002	0.936558408992838	-4.84270809798174	BICD1	no	no	no
0.136225498643774	7.94717396096456	0.83853655693811	0.406384628603717	0.936558408992838	-4.84289430108445	SLC35C2	no	no	no
0.141364987674018	7.85800073398783	0.838350451206666	0.406487956538694	0.936558408992838	-4.84298848322333	ADAMTS13	no	no	no
-0.376716660394244	8.26138979003596	-0.838074017156861	0.406641465705239	0.936558408992838	-4.84312834078272	FBP1	no	no	no
0.202137445527219	6.8936698505809	0.838055235395388	0.40665189687936	0.936558408992838	-4.84313784152859	TRAF5	no	no	no
0.295029983690098	7.37020662453153	0.838045691286491	0.406657197630924	0.936558408992838	-4.84314266933401	ZNF26	no	no	no
-0.342201023747027	10.5077865898191	-0.837094990920424	0.407185425867281	0.936558408992838	-4.84362330986429	CIAO2B	no	no	no
-0.210935062914512	8.67478195708992	-0.837039200338953	0.407216437390736	0.936558408992838	-4.84365149942928	TRIP10	no	no	no
-0.319927032628238	8.3792604191018	-0.836949977236369	0.407266035608796	0.936558408992838	-4.84369657786977	ABCD3	no	no	no
0.151880779996994	7.57500494135653	0.836440834651085	0.40754913416701	0.936558408992838	-4.84395372561142	GDF2	no	no	no
0.372068624575343	10.8800117309358	0.836421532598065	0.407559869076754	0.936558408992838	-4.84396347137347	COL1A1	no	no	no
-0.3107742448987	9.67889858297774	-0.836409541167854	0.407566538243873	0.936558408992838	-4.84396952583502	NUDT9	no	no	no
0.175711518786278	8.29484672812482	0.836115611486796	0.407730031559192	0.936558408992838	-4.84411790472898	CIDEB	no	no	no
0.258484930834856	7.98128143046085	0.836002947324395	0.407792709783636	0.936558408992838	-4.84417476561701	APOL2	no	no	no
-0.247795341178718	6.62164179768232	-0.835902668753912	0.407848502557185	0.936558408992838	-4.84422536942005	CAPN3	no	no	no
-0.254390201955566	10.2386054669552	-0.835791348841383	0.407910444004289	0.936558408992838	-4.84428153825058	IPO7	no	no	no
-0.245765779031859	7.72750104961782	-0.835607619595092	0.408012688680122	0.936558408992838	-4.84437422712441	APOBEC3C	no	no	no
0.443019387426173	10.5787977065519	0.835491111140016	0.408077533413553	0.936558408992838	-4.84443299395114	KLK7	no	no	no
0.240211033244439	10.7815601708771	0.835351729905635	0.408155116726092	0.936558408992838	-4.84450328751837	CHMP3	no	no	no
-0.639397628053496	8.94949834746562	-0.83504389852472	0.408326496112392	0.936558408992838	-4.84465849517043	CSRP2	no	no	no
-0.241560297735035	7.17019754370037	-0.834686794104837	0.408525362930894	0.936558408992838	-4.84483847768177	SLC25A37	no	no	no
-0.315058460301164	10.2059112025215	-0.834667725991054	0.408535983395082	0.936558408992838	-4.84484808604364	SERINC5	no	no	no
-0.265087587101449	9.30314222495608	-0.834472964498883	0.408644470440323	0.936558408992838	-4.84494621373258	CYBC1	no	no	no
0.172528982073875	7.51676511108426	0.833983962149513	0.40891693529244	0.936558408992838	-4.84519249390486	TNS4	no	no	no
0.120022821663644	7.78168666136037	0.833963275972389	0.408928463790806	0.936558408992838	-4.84520290920985	SETD4	no	no	no
-0.176893476598694	8.82726164438155	-0.8337501003129	0.409047279198599	0.936558408992838	-4.8453102268704	MATR3	no	no	no
-0.197796055676698	10.501365943521	-0.833732818223181	0.409056912461694	0.936558408992838	-4.84531892593396	ETF1	no	no	no
-0.172139455739941	8.57272480430246	-0.83321539303104	0.40934539677524	0.936558408992838	-4.8455792958234	MIEF1	no	no	no
-0.26075340767348	7.132760345987	-0.833154175564593	0.409379536139556	0.936558408992838	-4.84561009041848	ENTPD1	no	no	no
-0.182627185035622	7.9646858838995	-0.832003895019322	0.410021343210364	0.936558408992838	-4.84618832113207	MED27	no	no	no
0.456369178355444	8.67269631307783	0.831933946737082	0.410060391306793	0.936558408992838	-4.84622345858384	POMZP3	no	no	no
0.287678314442205	8.60263435652206	0.831886166993794	0.410087065300466	0.936558408992838	-4.84624745838595	PYCR1	no	no	no
-0.228721378227905	7.47534299131453	-0.831850904576878	0.410106751932087	0.936558408992838	-4.84626516988066	TFIP11	no	no	no
0.211486454625396	8.78641045689356	0.831773609645787	0.41014990690303	0.936558408992838	-4.84630399082341	DXO	no	no	no
0.17349984983191	8.12857293371565	0.831772173080681	0.410150708986283	0.936558408992838	-4.8463047122975	RAP1GAP	no	no	no
0.184542731992207	8.52300473352988	0.831755245842243	0.410160160113032	0.936558408992838	-4.84631321343334	SEPTIN9	no	no	no
-0.729027983451292	9.69978691905717	-0.83153954231126	0.410280607405292	0.936558408992838	-4.8464215287978	MFAP2	no	no	no
0.116709255842548	7.35645711383486	0.831501157505147	0.410302043484137	0.936558408992838	-4.84644080088562	SSH1	no	no	no
0.195958481338446	6.91104612273168	0.831456762278747	0.410326836954644	0.936558408992838	-4.84646308960075	FBXO41	no	no	no
0.394405421582157	10.2733250401426	0.831426279777882	0.410343861097575	0.936558408992838	-4.84647839274486	EIF3H	no	no	no
0.272118457515687	9.32677532654709	0.831016174281389	0.410572942773248	0.936558408992838	-4.84668422607353	ZNF593	no	no	no
-0.172715196410909	9.78973108603462	-0.830954242159624	0.410607544399896	0.936558408992838	-4.84671530158009	SPCS2	no	no	no
-0.255192496101575	7.48135623261717	-0.830306116072695	0.410969761599279	0.936558408992838	-4.84704037721162	OFD1	no	no	no
-0.222325867884938	7.14178640979123	-0.830177070551301	0.411041904508114	0.936558408992838	-4.84710507264854	GDF11	no	no	no
0.122551461779293	6.61353042491364	0.830165769708344	0.411048222615954	0.936558408992838	-4.8471107377341	ACOT11	no	no	no
0.242475001498664	9.76163494287723	0.830161432083577	0.41105064772356	0.936558408992838	-4.84711291215545	CISD1	no	no	no
0.189527155964514	7.97000613013457	0.829984393381869	0.411149635182954	0.936558408992838	-4.84720165116936	SIN3B	no	no	no
0.127282343533271	8.22825760716922	0.829780554169682	0.411263625727725	0.936558408992838	-4.84730380128976	XRCC6	no	no	no
0.141055722031842	7.79069334160819	0.829776938635658	0.41126564777451	0.936558408992838	-4.84730561292902	U2AF2	no	no	no
-0.179066403635527	8.3952674890424	-0.829383211882886	0.41148588248619	0.936558408992838	-4.84750285284448	SAE1	no	no	no
-0.367786270352225	9.38809969898177	-0.829352386439616	0.411503128041924	0.936558408992838	-4.84751829126946	ARL4C	no	no	no
-0.158626404910886	7.87139891817046	-0.829119762696152	0.411633285688082	0.936573724678012	-4.84763477942588	MCFD2	no	no	no
-0.222170613208471	9.36453815632	-0.827938718561413	0.412294493599464	0.936636032452125	-4.8482257146563	RBM4B	no	no	no
-0.186753315868841	8.12615041842741	-0.827851730409305	0.412343219707078	0.936636032452125	-4.84826920732723	ZNF394	no	no	no
0.142011938626351	7.70959840765588	0.827806077562491	0.412368793402956	0.936636032452125	-4.84829203126536	MAST2	no	no	no
0.086712436161927	14.1077467209491	0.827756813589337	0.412396391062453	0.936636032452125	-4.84831665922037	RPS18	no	no	no
0.181780426657684	7.17927866830503	0.827404830479996	0.412593604851574	0.936636032452125	-4.84849258120317	PCNX2	no	no	no
0.233283031820256	9.48263584965876	0.827277547316657	0.412664935004253	0.936636032452125	-4.84855618001743	RHOD	no	no	no
0.216964684235772	9.33495328854649	0.827215268325016	0.412699839234637	0.936636032452125	-4.84858729517944	PTPA	no	no	no
0.145411224556857	6.97570357258041	0.827194681412941	0.412711377557766	0.936636032452125	-4.84859758009924	SLC49A3	no	no	no
-0.315257899566722	9.91788209435653	-0.825325307500058	0.413759928188707	0.936636032452125	-4.84953047193142	GNS	no	no	no
0.130823033877275	8.57803699550666	0.824841184448096	0.414031743587949	0.936636032452125	-4.8497717395779	CCT8	no	no	no
0.157279665731622	7.39892938936817	0.824817003977705	0.414045322806107	0.936636032452125	-4.84978378661186	NCS1	no	no	no
0.197150441137678	8.14078322783095	0.824676350934927	0.414124315857584	0.936636032452125	-4.84985385514484	CLDN15	no	no	no
-0.115109761247697	7.49651690022368	-0.824621751421037	0.414154982325521	0.936636032452125	-4.84988105167564	TTLL4	no	no	no
-0.257141446954063	9.39682672614049	-0.824524868081685	0.414209401431908	0.936636032452125	-4.84992930593872	TARBP2	no	no	no
-0.178380232561172	7.3908016940794	-0.824022397916503	0.414491707798254	0.936636032452125	-4.85017948209057	TP53I11	no	no	no
0.0926106591075301	7.2891679542964	0.823940703468516	0.41453761789913	0.936636032452125	-4.85022014336441	NDOR1	no	no	no
-0.234439677176782	8.02297812733418	-0.823452429394836	0.41481207981151	0.936636032452125	-4.85046308862571	TSC22D3	no	no	no
0.191812158802898	9.43573859373165	0.823346614865443	0.414871573480588	0.936636032452125	-4.85051571946148	TCP1	no	no	no
-0.156165547589786	7.64644044313104	-0.82303394348731	0.415047401848701	0.936636032452125	-4.850671200534	PPP2R5A	no	no	no
-0.169021101120972	7.88230433754325	-0.822847381043001	0.415152335534743	0.936636032452125	-4.85076394492525	TMEM177	no	no	no
-0.292217794950231	7.33041052993224	-0.822833515806257	0.415160134806893	0.936636032452125	-4.85077083684382	FOLH1	no	no	no
-0.245372688058424	9.85655938288247	-0.822688146374287	0.415241911310925	0.936636032452125	-4.85084308815757	DDX39B	no	no	no
0.177284061237554	8.04101246767563	0.822628544841271	0.415275442562751	0.936636032452125	-4.85087270769979	UTP18	no	no	no
0.185101239450355	6.4636398602526	0.822500153741759	0.415347679792904	0.936636032452125	-4.85093650589105	SCAF4	no	no	no
-0.114141469517039	7.92310239971191	-0.822466555248653	0.415366584724691	0.936636032452125	-4.85095319958106	COPS7B	no	no	no
-0.200945237090932	7.40398115386388	-0.822464854735457	0.415367541569869	0.936636032452125	-4.85095404447781	ZNF131	no	no	no
0.285545659970952	9.69316012820979	0.822411875099161	0.415397352839794	0.936636032452125	-4.85098036647241	DBN1	no	no	no
0.217519731618413	8.13747105380735	0.822332764383089	0.415441870321041	0.936636032452125	-4.85101966821256	KLHL26	no	no	no
0.246556341441351	8.4556355234241	0.822212410248282	0.415509602050737	0.936636032452125	-4.85107945250594	TAF12	no	no	no
0.141456163092916	7.01056036864091	0.822001800641622	0.415628143124612	0.936636032452125	-4.8511840498496	HBEGF	no	no	no
0.231263284300059	9.60336471762344	0.821972828710093	0.415644451519388	0.936636032452125	-4.85119843649022	ANKS1A	no	no	no
-0.333496971005572	8.67780199307636	-0.821791470997588	0.415746547257811	0.936636032452125	-4.85128848257274	BSPRY	no	no	no
0.170099756181577	8.35142653043301	0.821779678986219	0.41575318612837	0.936636032452125	-4.85129433677695	BICRA	no	no	no
0.477007277611215	9.58919879155434	0.821594391519612	0.415857510981973	0.936636032452125	-4.85138631313444	DHRS3	no	no	no
0.164912591393535	7.43065482609557	0.820572716153375	0.416433045721374	0.937011462247753	-4.85189311459516	GPR35	no	no	no
0.1326942050061	7.18915580910721	0.820523092440137	0.416461012359484	0.937011462247753	-4.85191771504659	TMCC2	no	no	no
-0.484391391910536	9.68537277033284	-0.820138422041623	0.416677841537905	0.937011462247753	-4.85210836320754	NUSAP1	no	no	no
0.207579675883998	8.92618487770587	0.819935526327104	0.4167922365964	0.937011462247753	-4.85220888677739	SMG5	no	no	no
0.22720326643528	7.15388989386923	0.81990913373254	0.416807118469974	0.937011462247753	-4.85222196109478	RNFT2	no	no	no
-0.174692400974204	9.20012073153069	-0.819516402674128	0.417028604300117	0.937011462247753	-4.85241646394657	PSMD11	no	no	no
-0.144627362462327	7.74736981391093	-0.819216844261665	0.417197592488335	0.937011462247753	-4.85256476244243	HNRNPUL2	no	no	no
-0.295841134847609	6.67274072576961	-0.818808455160795	0.417428042034559	0.937011462247753	-4.85276685476539	REPS2	no	no	no
-0.19269363324649	9.78104920865531	-0.818735164358283	0.417469407459789	0.937011462247753	-4.85280311268957	HNRNPA0	no	no	no
0.119326104992471	8.40399749719238	0.818613961132598	0.41753782020757	0.937011462247753	-4.85286306670544	ZNF384	no	no	no
0.201438879800597	9.6219179186934	0.818349863676156	0.417686912805177	0.937011462247753	-4.8529936749275	SCAMP2	no	no	no
-0.235672480749121	8.25568353381799	-0.818312598611136	0.417707952900821	0.937011462247753	-4.85301210095309	AKAP17A	no	no	no
-0.211601875793639	6.95931120355917	-0.818193159187688	0.417775393524964	0.937011462247753	-4.85307115337222	SLC35G2	no	no	no
-0.191829812638509	8.5923296154986	-0.817651806552749	0.418081147713534	0.937011462247753	-4.85333870180445	KLHDC10	no	no	no
0.280849770494754	8.38164304550791	0.817521754346335	0.418154621093295	0.937011462247753	-4.85340295123327	AQP3	no	no	no
0.131367768551331	7.24946532480248	0.817401862962697	0.418222361059318	0.937011462247753	-4.85346217226733	VAC14	no	no	no
0.461052856227409	10.3955214866442	0.817332174192392	0.41826173906438	0.937011462247753	-4.85349659161376	SELENBP1	no	no	no
0.175472823728137	7.08393057420868	0.817329331605606	0.418263345330923	0.937011462247753	-4.85349799551032	OSGIN1	no	no	no
0.253124155331126	7.67545173514392	0.817139837790541	0.418370431483314	0.937011462247753	-4.85359157216421	ANOS1	no	no	no
-0.242243817706807	9.65810438272364	-0.816714065536508	0.418611103518142	0.937026946775336	-4.85380175311066	CRK	no	no	no
-0.153469163623186	7.60277649437221	-0.816616201367019	0.418666434142941	0.937026946775336	-4.85385004858894	INCENP	no	no	no
-0.506513937386363	9.35244047738563	-0.816472286235102	0.41874780924027	0.937026946775336	-4.85392105992503	BUB1B	no	no	no
-0.34786028020737	7.99238696194334	-0.815980130201547	0.419026165824103	0.937261573573429	-4.8541638115302	SLC20A2	no	no	no
-0.29302198048948	8.2922649562098	-0.815642965052948	0.419216926759465	0.937261573573429	-4.85433003438929	RAC2	no	no	no
-0.389002093636161	8.9441230350925	-0.81544206790016	0.419330615271991	0.937261573573429	-4.85442904568581	DEPP1	no	no	no
-0.288967584468938	8.74120932781353	-0.815413581688837	0.419346737253794	0.937261573573429	-4.85444308310252	PCK2	no	no	no
-0.608740601857272	8.53199883464954	-0.814873630153524	0.419652398179422	0.937541699761272	-4.85470907129542	TP53	no	no	no
-0.182301133087617	7.71955722841828	-0.814755687822075	0.419719182141413	0.937541699761272	-4.85476714900644	RAP1GDS1	no	no	no
-0.238722152802165	7.18960687672424	-0.813653241579947	0.420343746798926	0.938227477682464	-4.85530963151977	KATNBL1	no	no	no
-0.23845942402412	10.6061171705744	-0.813453533906873	0.420456946859527	0.938227477682464	-4.85540782676819	MFSD1	no	no	no
-0.302625792023666	9.45867979346434	-0.813304786935509	0.420541272970231	0.938227477682464	-4.85548094990275	PRPS2	no	no	no
0.196920834747303	7.21633662256211	0.813144984838009	0.420631877796009	0.938227477682464	-4.85555949340655	RAP2B	no	no	no
0.165512245430469	9.39435544532517	0.812423487410038	0.421041101175459	0.938227477682464	-4.85591392890398	UBAP2L	no	no	no
-0.388313844894298	7.45875025093845	-0.811491616397191	0.42157000339829	0.938227477682464	-4.85637126455582	CFD	no	no	no
-0.227594175507516	8.39467084218187	-0.811312841656543	0.421671516720796	0.938227477682464	-4.85645894462647	MICA	no	no	no
-0.160847129518794	10.2343308346732	-0.81127856469121	0.42169098184064	0.938227477682464	-4.85647575365042	FAM89B	no	no	no
0.307575382008156	9.60353071663395	0.811090081402124	0.421798027020896	0.938227477682464	-4.85656817150497	RBM42	no	no	no
0.137212653577266	7.63799713014906	0.810966616594065	0.42186815524275	0.938227477682464	-4.85662869809961	TBL3	no	no	no
0.233906695526993	8.16005247233673	0.810791384434066	0.421967699559347	0.938227477682464	-4.85671458763915	RAB11FIP5	no	no	no
0.458577540351806	8.63776816471597	0.810724840140934	0.422005505180282	0.938227477682464	-4.85674719947643	IGFBP6	no	no	no
0.117790535360385	7.46708950709998	0.810644897710418	0.422050925365311	0.938227477682464	-4.85678637404512	TCTN2	no	no	no
-0.19055244652604	10.2952416816494	-0.810347349128468	0.422220006986906	0.938227477682464	-4.85693215067755	TMEM248	no	no	no
-0.394727570689153	8.81700703527491	-0.810325046126374	0.422232682296527	0.938227477682464	-4.85694307542173	BID	no	no	no
0.136654304421606	8.02942241807764	0.810151712790873	0.422331199491993	0.938227477682464	-4.85702796997615	EXOSC10	no	no	no
-0.245829858865151	9.37871265905661	-0.810023732709349	0.422403948278864	0.938227477682464	-4.85709064042052	MTG1	no	no	no
-0.362488419936346	7.5223347407338	-0.809994901072646	0.422420338336144	0.938227477682464	-4.85710475764852	SLAMF8	no	no	no
-0.30646941094068	8.84073941317169	-0.809608577665199	0.422639990652226	0.938227477682464	-4.85729387202573	SP110	no	no	no
0.175301574162525	8.09973135456037	0.809441844472733	0.42273481171897	0.938227477682464	-4.85737546514284	ZNF576	no	no	no
-0.320992744409833	10.4144432110422	-0.809361160048329	0.422780701534341	0.938227477682464	-4.85741494336551	MGAT4B	no	no	no
-0.47972162687106	9.2011827377399	-0.809347843028667	0.422788275970307	0.938227477682464	-4.85742145891087	FOXM1	no	no	no
-0.203296864576216	9.76786712363257	-0.809204073018079	0.422870054516872	0.938227477682464	-4.85749179393907	FLOT1	no	no	no
-0.181091263651315	8.2647992798785	-0.808466606794752	0.423289687158516	0.938790301122824	-4.85785238831001	BRPF1	no	no	no
-0.229566136583084	9.61197315329767	-0.808323465859973	0.423371166373525	0.938790301122824	-4.85792234256518	CHCHD7	no	no	no
-0.313202415929835	9.92638600857734	-0.807727789059151	0.423710341791402	0.939159515026463	-4.85821332771116	RGL1	no	no	no
0.396783473996719	8.79595852180286	0.807425454846394	0.423882552343761	0.939159515026463	-4.85836093784614	FXYD6	no	no	no
-0.332230341133653	9.64068045939388	-0.807172764582993	0.424026518054387	0.939159515026463	-4.85848426945363	MVP	no	no	no
0.228780611689729	9.04179128894064	0.807161829344296	0.424032748877262	0.939159515026463	-4.85848960582704	TRIP4	no	no	no
0.236636525556533	10.4937544837152	0.8064965720768	0.424411912101732	0.939229668561245	-4.85881411968794	SH3BGRL3	no	no	no
-0.197056198419941	7.77380504269664	-0.806099149725713	0.424638520753455	0.939229668561245	-4.85900786080488	ENTPD4	no	no	no
0.308709679589516	10.2714451857745	0.805667464407703	0.424884748943511	0.939229668561245	-4.85921820124958	PCBD1	no	no	no
0.201920502815934	9.98963059112197	0.805304778528575	0.425091687416614	0.939229668561245	-4.85939483797673	POMP	no	no	no
-0.20528313621645	11.0971617115472	-0.805298397659276	0.425095328708642	0.939229668561245	-4.85939794493101	LAMTOR5	no	no	no
0.405826299581559	9.35316355010687	0.8047484620943	0.425409224518886	0.939229668561245	-4.85966562932237	GSTM1	no	no	no
0.11700695290907	8.29213076228268	0.804215008437607	0.425713846518692	0.939229668561245	-4.85992512360818	HPX	no	no	no
-0.331154141282104	8.86167662354795	-0.804183402963385	0.425731898562378	0.939229668561245	-4.85994049266522	CAPN7	no	no	no
0.194836171090516	7.6933962340483	0.804171335999439	0.425738790951183	0.939229668561245	-4.85994636041553	FECH	no	no	no
0.247341341160797	10.1933781007423	0.803862476912271	0.425915227529884	0.939229668561245	-4.86009651926629	PSMD7	no	no	no
0.262931789148192	8.68533555732142	0.80380120952659	0.425950231937497	0.939229668561245	-4.86012629922481	GSR	no	no	no
-0.146233498510562	8.26803005667457	-0.803736174904633	0.425987390613212	0.939229668561245	-4.86015790792657	INPP5K	no	no	no
-0.358065254077402	9.24022596726124	-0.80343074569272	0.426161929160654	0.939229668561245	-4.86030632254417	TST	no	no	no
0.158489170360438	8.05664519420907	0.802665288591987	0.426599541909708	0.939229668561245	-4.86067803705606	ITFG2	no	no	no
-0.139218446013546	7.1321042785861	-0.802598369150078	0.42663781272567	0.939229668561245	-4.8607105177413	SIK3	no	no	no
0.601697668783062	7.40799832957997	0.802450528867771	0.426722369017439	0.939229668561245	-4.86078226576791	C1orf116	no	no	no
0.170737668015809	6.7751861901561	0.802260232138059	0.426831222887095	0.939229668561245	-4.86087459958597	ROM1	no	no	no
0.159391751241235	9.45218240219885	0.802256217014272	0.426833519805761	0.939229668561245	-4.86087654753683	YY1	no	no	no
-0.253249107700014	10.7899738841534	-0.802198555657303	0.426866506771463	0.939229668561245	-4.86090452110814	PPP4C	no	no	no
0.179005517757627	7.99498781673196	0.802182704838268	0.426875574993153	0.939229668561245	-4.86091221056545	NDUFA7	no	no	no
-0.302105177254973	8.57501889624459	-0.802064156382963	0.426943400011953	0.939229668561245	-4.86096971548594	MS4A6A	no	no	no
-0.212271246698783	6.8652049599477	-0.802011076445516	0.42697377069528	0.939229668561245	-4.86099546060892	GTF3C3	no	no	no
-0.161480025233393	7.74063673177802	-0.801649833785516	0.427180497091274	0.939229668561245	-4.86117062912724	KAT6A	no	no	no
-0.847569098376765	9.86323353393323	-0.801584724925741	0.427217763009502	0.939229668561245	-4.86120219271906	S100A2	no	no	no
-0.347831387928661	9.4165850550848	-0.801071614583002	0.427511517127728	0.939229668561245	-4.86145085328536	TMOD1	no	no	no
0.239728566244298	10.2450208802016	0.801045724822817	0.427526342164189	0.939229668561245	-4.86146339578603	UBA3	no	no	no
-0.224023883352181	8.203873638964	-0.800786799449668	0.427674625483757	0.939229668561245	-4.86158881286849	TMEM43	no	no	no
-0.154961249552946	7.35174332377021	-0.800772606425273	0.427682754547449	0.939229668561245	-4.86159568649668	TFG	no	no	no
-0.207104669181836	10.1926581105356	-0.800364771015084	0.427916382330607	0.939229668561245	-4.86179314974961	CRELD2	no	no	no
0.189719348508767	7.42703699929137	0.800203612737391	0.428008722760087	0.939229668561245	-4.86187115179351	B9D2	no	no	no
0.175588219978222	8.24989684748187	0.800067322934348	0.428086823428344	0.939229668561245	-4.86193710552048	RAE1	no	no	no
0.260002093901818	9.98942979607523	0.799916286142596	0.428173384867606	0.939229668561245	-4.86201018306758	CTSF	no	no	no
0.611656122844772	9.5634612390256	0.798846922379912	0.428786554803501	0.939229668561245	-4.86252720495835	TIMP3	no	no	no
0.173310405271528	7.97562845980202	0.798796859163183	0.428815273849462	0.939229668561245	-4.86255139354781	NSMF	no	no	no
0.167364987420317	7.86679501838943	0.798550017658757	0.428956892798662	0.939229668561245	-4.86267063646105	HMBOX1	no	no	no
-0.232826737855135	11.7841367617476	-0.798502304189757	0.428984270418073	0.939229668561245	-4.86269368156038	BANF1	no	no	no
-0.14603607663166	8.55320525291839	-0.798304451906839	0.429097807750613	0.939229668561245	-4.86278922802378	AGAP4	no	no	no
-0.136092064366727	6.99768869047028	-0.798250713596975	0.429128648548362	0.939229668561245	-4.86281517530935	MED14	no	no	no
0.238476519181223	7.99668909517252	0.798208078481481	0.429153118093057	0.939229668561245	-4.86283576027904	CLBA1	no	no	no
-0.162336859513113	7.90099032483138	-0.798140989708476	0.429191624010085	0.939229668561245	-4.86286814976177	EHBP1	no	no	no
0.12581858973701	6.97818186875476	0.798007552304795	0.429268217216061	0.939229668561245	-4.862932563637	STIM1	no	no	no
-0.302444571256026	9.80880744698642	-0.797951382476045	0.42930046121486	0.939229668561245	-4.86295967525693	R3HDM4	no	no	no
-0.401787453617844	8.83266002746705	-0.797800834202563	0.429386889857533	0.939229668561245	-4.86303233171095	SLC16A3	no	no	no
0.115284804298899	6.9726615249563	0.797561789020736	0.429524145423043	0.939259139904913	-4.86314767085331	MCM3AP	no	no	no
0.137852558352146	8.08778891933297	0.797255937797728	0.429699798332598	0.939372535219751	-4.86329519552773	FAHD2A	no	no	no
-0.383617528132845	10.0725538086825	-0.796866684669716	0.42992341212174	0.939374088796941	-4.86348286990217	PILRB	no	no	no
0.157580549328407	7.74919084317485	0.796760633579177	0.429984347293901	0.939374088796941	-4.86353398610298	AMHR2	no	no	no
0.247442343516489	9.64315075510194	0.795661063989082	0.430616447446575	0.939374088796941	-4.86406358966672	RPP38	no	no	no
0.735156168743714	9.47800385367839	0.795601131611183	0.430650916295471	0.939374088796941	-4.86409243571065	LPAR3	no	no	no
-0.204359235952942	8.24410028314498	-0.79551014960464	0.430703245854352	0.939374088796941	-4.86413622226301	ZNF207	no	no	no
0.142949947590111	6.82599194895137	0.795281013111603	0.430835053798936	0.939374088796941	-4.86424647659936	ELL	no	no	no
0.431197918543602	7.31910276071472	0.795237105232255	0.430860314031376	0.939374088796941	-4.86426760041502	NTF3	no	no	no
-0.252008650235355	8.0644973024411	-0.795043543142019	0.430971681035154	0.939374088796941	-4.86436070863092	ASTE1	no	no	no
0.613707573032588	7.66539949362066	0.794899313253516	0.431054675725996	0.939374088796941	-4.86443007268499	TPSB2	no	no	no
-0.18503110939009	7.35326583919749	-0.794816512111408	0.431102326602277	0.939374088796941	-4.86446988853889	TWF1	no	no	no
-0.141161387271585	6.69863750973113	-0.79463704192803	0.43120561998944	0.939374088796941	-4.86455617512241	NAV2	no	no	no
-0.21237690262685	7.7818637172564	-0.794276170688645	0.431413363040615	0.939374088796941	-4.86472962004025	GRB10	no	no	no
0.379348336646068	9.24508615201767	0.794207932745902	0.431452652387221	0.939374088796941	-4.86476240862703	NFIL3	no	no	no
0.130884634212613	6.47821741467618	0.794042017093714	0.431548190567206	0.939374088796941	-4.86484212044436	PRLH	no	no	no
-0.193207493755659	10.1014285306499	-0.794025905229056	0.431557468838447	0.939374088796941	-4.86484986030966	PGK1	no	no	no
0.179822832831402	10.4908045845861	0.793646383031875	0.431776057297228	0.939580362136899	-4.86503213273149	KDELR1	no	no	no
-0.141826130799877	8.59978727175492	-0.792839186171248	0.432241188783082	0.939904738595793	-4.86541952565285	STX5	no	no	no
0.13315305094873	7.51744678362604	0.791861501476069	0.43280496271339	0.939904738595793	-4.86588823320318	DICER1	no	no	no
-0.133791610585387	9.02495841575053	-0.791847039408195	0.432813305453008	0.939904738595793	-4.86589516223474	IK	no	no	no
-0.148501820672216	6.55918147322783	-0.791738749734458	0.432875777627993	0.939904738595793	-4.86594704186658	NEURL1	no	no	no
0.523236117641741	8.62325702180724	0.791657460084294	0.432922677073594	0.939904738595793	-4.86598598179959	GAS1	no	no	no
-0.203516917942249	8.5169753424508	-0.791490309012393	0.433019123178856	0.939904738595793	-4.86606603961135	MAPK1	no	no	no
-0.185562091289006	8.52160776894418	-0.791169595684877	0.4332042106841	0.939904738595793	-4.86621960138011	AASDHPPT	no	no	no
-0.273369639182874	9.14555142072677	-0.790812825297358	0.433410162813316	0.939904738595793	-4.86639035756789	TRAK2	no	no	no
0.25274526159967	8.26521786848576	0.790714211243116	0.433467099892047	0.939904738595793	-4.86643754284077	TXNL4B	no	no	no
0.236366626331616	8.7148580679491	0.790248387941233	0.433736114159984	0.939904738595793	-4.8666603556143	CKAP4	no	no	no
0.160421328326098	7.80651384515217	0.790118527405908	0.433811126792787	0.939904738595793	-4.86672244809129	LANCL2	no	no	no
-0.466834968365397	10.721376515084	-0.789689159940932	0.434059201861459	0.939904738595793	-4.86692767930037	PSMB8	no	no	no
0.232921952387759	8.20889227488701	0.789688166698111	0.434059775824423	0.939904738595793	-4.86692815393141	SIRPA	no	no	no
0.270402860977222	10.6081586364535	0.789652378079565	0.434080457214774	0.939904738595793	-4.86694525549935	BNIP3L	no	no	no
0.144167804015974	8.21724615821246	0.789541199907025	0.43414470819331	0.939904738595793	-4.86699837717121	ACACA	no	no	no
0.317331085885319	7.25029899013089	0.789538750055598	0.434146124051029	0.939904738595793	-4.8669995476457	NPR3	no	no	no
0.20764721163315	9.71773645297243	0.789534858356142	0.434148373210538	0.939904738595793	-4.86700140699005	HP1BP3	no	no	no
0.106431057507762	7.02338234269085	0.789523855329378	0.434154732311315	0.939904738595793	-4.86700666387863	CELF3	no	no	no
-0.286750311395016	8.32314201393869	-0.788529243533281	0.434729789431259	0.940768033290281	-4.86748156658481	SLC31A2	no	no	no
-0.16157192726753	7.37877367871713	-0.787924121756825	0.435079876847102	0.940768033290281	-4.86777021620525	LAT2	no	no	no
-0.187250496586326	6.58105193880863	-0.787671166876154	0.435226271391822	0.940768033290281	-4.86789081536441	MAP3K2	no	no	no
-0.155625112829609	8.72129359885969	-0.787640583719031	0.435243973014117	0.940768033290281	-4.86790539371858	FXR2	no	no	no
-0.466196360864682	10.1040122936535	-0.787289363461745	0.435447291176174	0.940768033290281	-4.86807277414628	TAP1	no	no	no
-0.302663237876372	8.98066025429503	-0.787173335380465	0.435514471224831	0.940768033290281	-4.86812805369768	DNAJB9	no	no	no
0.257054968200676	9.20412644608491	0.787015216007933	0.435606032020066	0.940768033290281	-4.86820337431571	NUDT15	no	no	no
-0.194435367353024	10.8235161932946	-0.786867863554058	0.43569136845752	0.940768033290281	-4.86827355300392	DCTN3	no	no	no
-0.272811288477281	8.44194187209123	-0.786812587234805	0.435723383285984	0.940768033290281	-4.86829987587789	TRANK1	no	no	no
0.111837835655697	8.13543638599184	0.786560657996237	0.435869312949366	0.940768033290281	-4.86841982342051	LGI2	no	no	no
0.445753225734565	8.99004173035125	0.786477840702585	0.435917291123963	0.940768033290281	-4.86845924600483	HSD17B8	no	no	no
-0.318858010070921	9.0456084952075	-0.786066719993065	0.436155510524143	0.940798871002896	-4.86865488816726	TLR2	no	no	no
0.314547808449152	9.71972439249275	0.785831348732974	0.436291928792762	0.940798871002896	-4.86876685130581	KYAT3	no	no	no
-0.264666762541628	8.58917841188711	-0.785571904711552	0.436442328830966	0.940798871002896	-4.86889022824954	FRG1	no	no	no
0.261490129739667	10.7788424403554	0.785477344056064	0.436497153456836	0.940798871002896	-4.86893518623657	AMZ2	no	no	no
-0.212027464288453	8.48984769505967	-0.785383605254828	0.436551505640643	0.940798871002896	-4.86897974835134	UBXN2B	no	no	no
0.228622114432426	10.4955778168026	0.783388909934519	0.437709038279279	0.941220900428413	-4.86992678790907	NDUFA8	no	no	no
-0.258878691294424	7.99852028172073	-0.783371098783824	0.437719382416782	0.941220900428413	-4.86993523385166	ARHGAP4	no	no	no
0.121655310473494	7.11006134029405	0.783229488026312	0.43780163052385	0.941220900428413	-4.8700023782749	ACAN	no	no	no
0.313909715569855	9.1427863924931	0.78313886215226	0.437854271232095	0.941220900428413	-4.87004534221178	NYNRIN	no	no	no
0.214635644004759	10.4951135484	0.783072462949143	0.437892842092235	0.941220900428413	-4.87007681773156	APLP2	no	no	no
-0.450773841056743	7.60243326743981	-0.783052893616431	0.437904210174882	0.941220900428413	-4.87008609378332	STEAP3	no	no	no
-0.321308258352153	8.14092329341832	-0.782926782677931	0.437977473892735	0.941220900428413	-4.8701458662393	TMPO	no	no	no
-0.253075478316454	7.95472969990286	-0.782797574617937	0.438052544442316	0.941220900428413	-4.87020709703917	PSD4	no	no	no
-0.479397275127455	9.0461243008186	-0.78261348653991	0.438159513798377	0.941220900428413	-4.87029431833064	MAGED4B	no	no	no
0.164576490155012	7.59136088063454	0.782418278223643	0.438272961856542	0.941220900428413	-4.87038678688704	ARID3B	no	no	no
0.223693309229751	10.5396281554612	0.781830824390141	0.438614474381671	0.941220900428413	-4.87066492520878	REEP5	no	no	no
0.294955338766547	8.45908475968386	0.781798123435732	0.438633489523542	0.941220900428413	-4.87068040204159	ZNF302	no	no	no
-0.187721423668325	8.67045203999617	-0.781723508846493	0.438676878686854	0.941220900428413	-4.87071571359164	SMARCAL1	no	no	no
-0.271481423000959	6.77074669024431	-0.781690644286114	0.438695990582189	0.941220900428413	-4.87073126580399	CLK4	no	no	no
0.224191141421395	10.1312055163376	0.781578987492642	0.438760926627079	0.941220900428413	-4.87078409949293	GIPC1	no	no	no
0.125315769569089	7.98811661970454	0.780961615353186	0.439120073859137	0.941220900428413	-4.87107609636683	BECN1	no	no	no
0.104415358776253	7.58007096567227	0.78033367400195	0.43948554884695	0.941220900428413	-4.87137286473395	ZBTB40	no	no	no
-0.580325549031355	9.32229503720507	-0.779816392652596	0.439786753174031	0.941220900428413	-4.8716171623206	CEP55	no	no	no
0.150317117554841	8.4120027971743	0.779615558960957	0.439903728340079	0.941220900428413	-4.87171196853845	ATF7IP	no	no	no
0.254361389628461	8.37882672766228	0.779597011216903	0.439914532367316	0.941220900428413	-4.87172072306446	LSP1	no	no	no
-0.110134707263356	7.64829436364084	-0.779570006485801	0.439930262855988	0.941220900428413	-4.87173346892638	MCTS1	no	no	no
-0.245598546796475	8.34892824471543	-0.77949720384058	0.43997267268918	0.941220900428413	-4.87176782866084	ATP8B2	no	no	no
-0.230077098601977	8.09587692117455	-0.779331172617061	0.440069400189237	0.941220900428413	-4.87184617676254	RGP1	no	no	no
-0.140104994092008	8.33809098451392	-0.779113137852833	0.440196443417602	0.941220900428413	-4.87194904034098	KDM5C	no	no	no
-0.250037878620404	9.08989009122626	-0.77906284425695	0.440225751288808	0.941220900428413	-4.87197276372921	MED15	no	no	no
0.231129260771197	10.0169071118504	0.778870657826613	0.440337755846817	0.941220900428413	-4.87206340412705	SCAND1	no	no	no
0.316170179525327	9.80003626228106	0.778461195706608	0.440576443182727	0.941220900428413	-4.87225644604391	MAN2B1	no	no	no
0.157231702661657	6.84000024046078	0.778203818762926	0.440726514963944	0.941220900428413	-4.87237773710477	PRDM12	no	no	no
0.232426376296278	10.6217532834834	0.778196377729468	0.440730854145438	0.941220900428413	-4.87238124318144	GTF3A	no	no	no
0.158370036116334	6.73535550074134	0.777482468303706	0.441147282839234	0.941220900428413	-4.87271747421129	FAM53B	no	no	no
-0.233036962960325	10.0039017864651	-0.77717676770943	0.441325671623136	0.941220900428413	-4.87286135980769	ARHGDIB	no	no	no
0.176463473346955	7.56201031939472	0.777153974443446	0.44133897413848	0.941220900428413	-4.87287208584728	MED13L	no	no	no
0.174286897044387	7.0209035565477	0.777152391749221	0.441339897833025	0.941220900428413	-4.87287283061923	WDR3	no	no	no
-0.222302977972521	8.20150735985189	-0.776610609093562	0.441656161260832	0.941220900428413	-4.8731276928311	BOLA2	no	no	no
-0.360346882088214	8.77410325662325	-0.776550604810034	0.441691196780194	0.941220900428413	-4.87315590918601	SERPINB1	no	no	no
-0.176114663083172	9.87606448377312	-0.776363623990847	0.441800382386551	0.941220900428413	-4.87324382142277	SS18L2	no	no	no
-0.15294506383444	7.44126952279518	-0.776348351451493	0.441809301342026	0.941220900428413	-4.87325100117003	FANCA	no	no	no
-0.118696810491781	7.38416409071279	-0.775957079907109	0.442037834994765	0.941220900428413	-4.87343489487342	ROCK1	no	no	no
-0.30349131143338	7.86832848282547	-0.775852221217956	0.442099092695468	0.941220900428413	-4.87348416226641	TEX30	no	no	no
0.157433682969197	6.95454836777751	0.775499057553021	0.442305445391627	0.941220900428413	-4.87365004758201	APBB1	no	no	no
-0.255737667211403	9.72448139365049	-0.775061351916478	0.44256127492014	0.941220900428413	-4.87385554255159	NTAQ1	no	no	no
-0.208004839596341	10.6728695271258	-0.775019626688159	0.442585666992263	0.941220900428413	-4.87387512597781	ARF3	no	no	no
-0.21700809448998	10.7972962928953	-0.774811076535495	0.442707594863158	0.941220900428413	-4.87397299225198	OS9	no	no	no
-0.215815205024835	8.15926787403924	-0.774251566552772	0.443034807987942	0.941220900428413	-4.87423542826477	RC3H2	no	no	no
-0.203716853258466	9.01454624608725	-0.774139036974964	0.443100634919709	0.941220900428413	-4.87428818781843	SLC37A4	no	no	no
0.149428600598091	8.65038637014139	0.77396067555431	0.443204983656402	0.941220900428413	-4.87437179756387	SQSTM1	no	no	no
-0.108143226798693	7.67393392794122	-0.773807838150301	0.443294411364799	0.941220900428413	-4.87444342778579	NCOR1	no	no	no
-0.25314895656971	8.19424923879061	-0.77371645036266	0.443347888979835	0.941220900428413	-4.87448625195239	TRIM16	no	no	no
-0.194308519957099	8.10388838142023	-0.773668738029862	0.4433758104386	0.941220900428413	-4.87450860794077	STOM	no	no	no
0.172802769497001	8.42217629706436	0.773446383884015	0.443505946743879	0.941220900428413	-4.87461277624054	ZDHHC24	no	no	no
-0.344867415620784	7.38773729149951	-0.773274446978536	0.443606591043682	0.941220900428413	-4.87469330537345	MCM10	no	no	no
-0.301567135381792	8.51677907654537	-0.773222149462239	0.443637206387638	0.941220900428413	-4.87471779625638	STAP2	no	no	no
-0.247221747676567	7.52804185230689	-0.773013935117006	0.443759108959947	0.941220900428413	-4.87481528706689	LRRC14	no	no	no
0.39115220853445	9.88393966465239	0.772137681241105	0.444272343473945	0.941220900428413	-4.87522529287781	CPNE1	no	no	no
-0.098490833614162	13.4020161815984	-0.771963115172773	0.444374631218757	0.941220900428413	-4.87530692024715	RPS13	no	no	no
-0.216050844281704	7.99149897368179	-0.771733769770713	0.444509038299006	0.941220900428413	-4.8754141355442	KCTD5	no	no	no
0.15738698150985	7.9861592291428	0.771721510469293	0.444516223496349	0.941220900428413	-4.87541986570847	RNASET2	no	no	no
-0.157896302067249	10.9044361933415	-0.771720211825294	0.444516984637817	0.941220900428413	-4.87542047270722	MRPL49	no	no	no
-0.470066877867688	9.022993173756	-0.771405957773444	0.444701193076873	0.941220900428413	-4.87556732920787	NPDC1	no	no	no
-0.141956204263938	7.96231026918658	-0.771384958086987	0.444713504213025	0.941220900428413	-4.87557714068413	TATDN2	no	no	no
0.186423316048805	8.35624739891973	0.770491848672981	0.445237278878255	0.941220900428413	-4.87599418161647	ALAD	no	no	no
0.196098406923739	9.4624498676654	0.770398298338559	0.445292163646583	0.941220900428413	-4.87603783842766	STX10	no	no	no
-0.109331309801882	7.55935841277141	-0.770285503726423	0.445358344092411	0.941220900428413	-4.87609046912027	PLK3	no	no	no
0.177678077945238	6.48857076999735	0.769934493016145	0.44556433118123	0.941220900428413	-4.8762542055589	AKR1C1	no	no	no
-0.211020043624535	8.74148882388016	-0.769907570678862	0.445580132603482	0.941220900428413	-4.87626676109406	SLC38A1	no	no	no
-0.190349981157096	8.21653106640711	-0.769840551753787	0.445619469195197	0.941220900428413	-4.87629801429055	APBA2	no	no	no
0.15100824849137	7.58852898523276	0.769695941290558	0.445704354926839	0.941220900428413	-4.8763654421367	UBE3A	no	no	no
-0.149134710123931	7.50832151801933	-0.769422401341801	0.445864947804921	0.941220900428413	-4.87649295290507	INO80D	no	no	no
-0.114361640543047	8.03668501576013	-0.769264040580577	0.445957935598512	0.941220900428413	-4.87656675291973	MTMR14	no	no	no
0.309182885931982	8.26004829882407	0.769241549979771	0.44597114277298	0.941220900428413	-4.87657723290867	FCHO1	no	no	no
-0.209366748305714	7.68443787640267	-0.768890278178882	0.446177450339946	0.941220900428413	-4.87674087746344	SIAH1	no	no	no
0.191216268713276	9.08065260835181	0.768708996729532	0.44628394185204	0.941220900428413	-4.87682530166776	MCOLN1	no	no	no
0.101192522216295	6.69795739637939	0.768625820672066	0.446332807596716	0.941220900428413	-4.8768640310069	CHRD	no	no	no
0.157424405316113	8.83171931775365	0.768050196153459	0.446671072117326	0.941220900428413	-4.877131949059	PQBP1	no	no	no
-0.413233008851137	9.95731982343283	-0.767974409471574	0.446715619248956	0.941220900428413	-4.87716720874595	SQOR	no	no	no
0.178152694539699	8.39090892095406	0.767533438380154	0.446974872344549	0.941220900428413	-4.87737230375937	KLF3	no	no	no
-0.219201610834798	7.69253817918599	-0.767414680588296	0.44704470686054	0.941220900428413	-4.87742751846643	TMX4	no	no	no
-0.206856547416731	8.28825483646701	-0.767399249816734	0.447053781267027	0.941220900428413	-4.87743469217572	GOLGA1	no	no	no
-0.236435596518608	8.73461127462877	-0.767034285555901	0.44726843819335	0.941220900428413	-4.87760432227069	SH3YL1	no	no	no
0.169940947312568	7.57707749677239	0.766874963011765	0.447362164166905	0.941220900428413	-4.87767834873646	SETD1A	no	no	no
-0.128065505092188	6.73289443556449	-0.766504109597441	0.447580373904668	0.941220900428413	-4.87785060206469	EIF4ENIF1	no	no	no
0.215787017677912	9.07983061542617	0.766294450295965	0.447703764916803	0.941220900428413	-4.87794794876998	WASHC4	no	no	no
-0.218106001095293	8.46067610804301	-0.766294299935047	0.447703853416056	0.941220900428413	-4.87794801857472	SEZ6L2	no	no	no
0.202004480966036	8.11199676682405	0.766272329740499	0.447716784718138	0.941220900428413	-4.87795821804919	TRIM37	no	no	no
0.20933098279184	8.70865104268483	0.76549181734158	0.448176324297134	0.941220900428413	-4.87832038168374	GOLGA4	no	no	no
-0.219106561995006	7.64183603841825	-0.764475654296214	0.448775022543436	0.941220900428413	-4.87879135682157	OGDH	no	no	no
-0.227204009282389	11.3951310014633	-0.764302223365567	0.448877250709866	0.941220900428413	-4.8788716791098	RBBP7	no	no	no
0.219927559817342	8.17389291593716	0.764226115244614	0.448922116655899	0.941220900428413	-4.878906922063	BORCS8	no	no	no
-0.209512949689912	7.65361306634112	-0.76405628607713	0.449022240914531	0.941220900428413	-4.87898555170948	MEF2A	no	no	no
-0.181346724439383	7.59749023189398	-0.763921632045577	0.44910163669021	0.941220900428413	-4.87904788357523	CLUAP1	no	no	no
-0.234924978851792	9.68781497574618	-0.763669278759831	0.449250453438293	0.941220900428413	-4.87916467040156	ABHD17A	no	no	no
0.13124651583293	7.6975231185938	0.763521752883899	0.449337465207425	0.941220900428413	-4.87923292684739	MNT	no	no	no
0.193368884408082	8.93398786371321	0.76322806016774	0.449510716635868	0.941220900428413	-4.87936877316531	MAPKAPK3	no	no	no
0.185030615047654	8.00376576179762	0.763225900565162	0.449511990746074	0.941220900428413	-4.87936977189402	MED25	no	no	no
0.213483062202903	10.803085699426	0.762918799051167	0.449693194360685	0.941220900428413	-4.87951176620912	TMEM14A	no	no	no
-0.365052024964048	8.55929357774818	-0.762900767782292	0.449703834947419	0.941220900428413	-4.87952010160499	ZC3H12A	no	no	no
-0.236495265150398	7.16899000299042	-0.762791612092173	0.449768252903151	0.941220900428413	-4.87957055744915	CSPP1	no	no	no
0.271388488863567	7.78159805635261	0.762770368753889	0.449780790235297	0.941220900428413	-4.87958037610717	BDH1	no	no	no
-0.271634965419533	7.18388777429322	-0.762600387234397	0.449881116825092	0.941220900428413	-4.87965893198354	PDGFA	no	no	no
0.185215116852745	8.96623312810673	0.76258325624735	0.449891228614482	0.941220900428413	-4.87966684802535	WIPF2	no	no	no
0.364412063660986	10.5121975526103	0.762507354307193	0.449936032332962	0.941220900428413	-4.87970191942279	PPIF	no	no	no
0.136244114466625	6.96845989331072	0.762207907385314	0.450112816667768	0.941220900428413	-4.87984024967038	ADORA2A	no	no	no
0.269370785025369	10.2699912846376	0.762179372248054	0.450129665069357	0.941220900428413	-4.87985342881843	TSEN34	no	no	no
-0.116169384811917	8.30432389793063	-0.762092224664851	0.450181123130394	0.941220900428413	-4.87989367558496	SIRT6	no	no	no
0.252121733204253	8.32696675906255	0.762066145973276	0.450196522494475	0.941220900428413	-4.87990571846586	IFNAR2	no	no	no
0.18670297605298	8.04771208750132	0.762023916601746	0.450221459426404	0.941220900428413	-4.8799252187292	NPEPL1	no	no	no
-0.172557400464749	8.01314296751605	-0.76192427743516	0.45028030071694	0.941220900428413	-4.8799712249999	STX17	no	no	no
0.216718797276908	7.88219359104057	0.761721149228352	0.450400270787021	0.941220900428413	-4.88006499720261	PRR5	no	no	no
-0.272580837570992	9.75286841123063	-0.761478791234626	0.450543434984773	0.941220900428413	-4.88017684797438	PIP4K2C	no	no	no
0.239321439524407	9.00125669685653	0.761284946884633	0.450657960709589	0.941220900428413	-4.88026628452627	MCAM	no	no	no
-0.107666121104861	6.88034127050934	-0.760990422343917	0.450832002242978	0.941220900428413	-4.88040213128715	SEPTIN7	no	no	no
0.197231896403888	10.5435138584299	0.760818109697638	0.450933844135334	0.941220900428413	-4.88048158546199	UBE2N	no	no	no
0.187169042107501	7.0069985623457	0.760816500897447	0.45093479504756	0.941220900428413	-4.88048232720574	ESR1	no	no	no
-0.232492075074299	9.34391438214119	-0.760793848265237	0.450948184445316	0.941220900428413	-4.88049277113193	ME2	no	no	no
0.542789182401877	8.58009587783442	0.760481392335854	0.451132893009602	0.941220900428413	-4.88063679743186	CCL3	no	no	no
0.144903770928537	6.97561857138928	0.760476037535804	0.451136058890108	0.941220900428413	-4.88063926522606	ACVRL1	no	no	no
0.0865086410635348	13.8801213459964	0.758688126763366	0.452193840263841	0.942797066648387	-4.88146230011398	RPL23A	no	no	no
0.184261119996279	8.13690755663219	0.758633360876302	0.452226264289721	0.942797066648387	-4.88148748123335	PAAF1	no	no	no
0.22597479221122	9.74245725247259	0.758522855973304	0.452291692621934	0.942797066648387	-4.88153828558362	DENND4B	no	no	no
-0.202855401494878	10.090075057737	-0.758035236047879	0.452580471359886	0.942797066648387	-4.88176238250971	RGL2	no	no	no
0.148356816534461	7.86240950298758	0.757875466197471	0.452675113863385	0.942797066648387	-4.8818357782283	SHMT1	no	no	no
-0.455212864081872	7.86949391439093	-0.757777845724572	0.452732946777134	0.942797066648387	-4.88188061618272	PGAP4	no	no	no
-0.164217658269902	7.83372171709925	-0.757605070373685	0.452835313989932	0.942797066648387	-4.88195995981005	RENBP	no	no	no
-0.167178632524205	7.14140970905138	-0.757299154830751	0.453016598274744	0.942797066648387	-4.88210040267467	MKLN1	no	no	no
-0.327358707794637	9.77227901737169	-0.757072425078803	0.453150984755672	0.942797066648387	-4.88220445686452	SMNDC1	no	no	no
0.203314135337939	8.79245301545847	0.756385459683329	0.453558302742999	0.942797066648387	-4.88251954604795	OXLD1	no	no	no
-0.591292546090039	8.50139345028634	-0.756287815596486	0.453616215580567	0.942797066648387	-4.88256430992467	TSPAN7	no	no	no
0.204068994191981	8.49646751824253	0.755968795470492	0.453805456946798	0.942797066648387	-4.88271052245571	ST14	no	no	no
0.147891164379789	10.1539210061235	0.755622453154152	0.454010957904667	0.942797066648387	-4.8828691899604	AFTPH	no	no	no
0.543698824902849	9.58323051471153	0.755294367594273	0.454205676382101	0.942797066648387	-4.88301942902656	CCL2	no	no	no
-0.156144939314655	8.3438540208915	-0.755001450217082	0.454379563754798	0.942797066648387	-4.88315351054797	EML3	no	no	no
-0.355753639834001	9.93716469590656	-0.754972512765196	0.454396744282141	0.942797066648387	-4.88316675380846	STAT1	no	no	no
-0.298015995927139	10.5547108555865	-0.754928310085044	0.454422988698309	0.942797066648387	-4.88318698227561	SEC61A1	no	no	no
0.18679838934545	10.4493248787151	0.75474571506766	0.454531410040949	0.942797066648387	-4.88327053112113	SERBP1	no	no	no
-0.14324987759996	7.36769447863733	-0.754731562809915	0.4545398140044	0.942797066648387	-4.88327700586715	PIAS4	no	no	no
0.173391394735041	9.40397910610171	0.754620399038771	0.454605828975521	0.942797066648387	-4.88332785991736	UBE2Z	no	no	no
0.211099748386133	8.28057859033887	0.754570213134268	0.454635633872449	0.942797066648387	-4.88335081608085	PECAM1	no	no	no
-0.331732073924026	8.33676499234488	-0.754263322399051	0.454817917947537	0.942797066648387	-4.88349116282334	GABBR1	no	no	no
-0.18595982124539	6.57009306206175	-0.754190275372681	0.454861312013472	0.942797066648387	-4.88352456046048	CEPT1	no	no	no
0.185889457501162	9.04452503529617	0.754169772206344	0.454873492488106	0.942797066648387	-4.88353393409873	RGS19	no	no	no
0.196161227713942	8.97609657689189	0.753508908091817	0.455266199009594	0.943353336451339	-4.88383593649692	PAPOLA	no	no	no
-0.307127606550781	9.87652259358679	-0.752526777606562	0.455850177177175	0.944305526732298	-4.88428428034919	CDKN1A	no	no	no
-0.155050748371748	11.7471546407108	-0.751900204941692	0.456222967304193	0.944770159533838	-4.88457001721949	MMADHC	no	no	no
-0.144665417174447	7.28790034123402	-0.75170572466935	0.456338712755244	0.944770159533838	-4.88465865971187	CDK12	no	no	no
0.215091439077178	8.93898707522875	0.751329330823641	0.456562773101765	0.944770159533838	-4.88483015413782	RAB5C	no	no	no
-0.122792636248488	6.96226149753332	-0.751235448876623	0.456618669275539	0.944770159533838	-4.88487291619874	MEX3D	no	no	no
-0.552666202433891	8.10943590672298	-0.750441089190733	0.457091780773059	0.944770159533838	-4.88523453105873	ZNF423	no	no	no
0.0989847857624532	7.51798590896212	0.750333783940208	0.457155712395853	0.944770159533838	-4.88528335116081	INKA2	no	no	no
-0.14587997304834	7.27426164889518	-0.750262406025208	0.457198241674858	0.944770159533838	-4.88531582186713	TOR1AIP2	no	no	no
0.136276099172392	6.96775415308028	0.749972364854871	0.457371081286204	0.944770159533838	-4.88544773459826	NPPA	no	no	no
0.19463657566217	8.84488988402576	0.7498942638331	0.457417629273878	0.944770159533838	-4.88548324708319	TMED1	no	no	no
0.188196100686052	9.5796780213181	0.749766572401882	0.457493738936676	0.944770159533838	-4.88554130061831	SUPT4H1	no	no	no
0.160113286467751	7.68197007277977	0.749505175440464	0.457649565883441	0.944770159533838	-4.88566011221829	GFER	no	no	no
-0.359857945544575	9.6646223873309	-0.748740848186651	0.458105382303813	0.944770159533838	-4.88600728941913	PDP1	no	no	no
-0.177514013602288	8.33784884694055	-0.748512452847798	0.458241639964166	0.944770159533838	-4.88611096623477	MFSD12	no	no	no
0.189658434961987	6.6780566390892	0.748441671689751	0.458283871850281	0.944770159533838	-4.88614309014668	LRRK1	no	no	no
0.124131565128341	6.81338056362499	0.747996413488792	0.458549588915629	0.944770159533838	-4.88634510270113	NPFFR1	no	no	no
0.219713643726376	9.95967174823778	0.747588278202289	0.458793230652272	0.944770159533838	-4.88653017089162	RNF13	no	no	no
-0.371184685879311	10.6521412627698	-0.747255258897803	0.458992086558445	0.944770159533838	-4.88668110574348	CRIP2	no	no	no
-0.241749145522783	8.34999746941028	-0.747196588672437	0.459027125505919	0.944770159533838	-4.88670769022344	PALLD	no	no	no
0.368424988376014	10.501214560229	0.746969411088423	0.45916281481174	0.944770159533838	-4.88681060928188	PFKFB3	no	no	no
0.179186051428827	6.91171542136564	0.746794044046861	0.459267574471596	0.944770159533838	-4.88689003579486	MPHOSPH6	no	no	no
0.183394555727536	7.57407039337747	0.746757251587516	0.459289555078524	0.944770159533838	-4.88690669740131	SCD5	no	no	no
-0.170732278888917	8.35647681675638	-0.746542378653209	0.459417936978393	0.944770159533838	-4.88700398762795	OBSL1	no	no	no
-0.237831223226994	10.3872972632258	-0.746224183179728	0.459608090062978	0.944770159533838	-4.88714801068106	LAMP1	no	no	no
0.19258180593573	9.20660610703153	0.745981970699282	0.459752866416384	0.944770159533838	-4.88725760229442	FAM222B	no	no	no
0.174109497238181	9.09026461037342	0.745455790629785	0.460067468242773	0.944770159533838	-4.88749555986923	PPP2R5E	no	no	no
0.132549996701945	7.80390647568555	0.74543980176049	0.460077029902323	0.944770159533838	-4.88750278807742	GMIP	no	no	no
0.235150313044835	8.81452172121554	0.745335891948919	0.46013917282678	0.944770159533838	-4.88754975972373	PPAT	no	no	no
-0.127048673074778	9.42447706333029	-0.744257383299679	0.460784458501799	0.944770159533838	-4.88803691857292	AAR2	no	no	no
-0.208028132511438	10.1597177393862	-0.744165989758707	0.46083916450444	0.944770159533838	-4.88807816947521	MFAP1	no	no	no
-0.215590585969694	10.8805994923679	-0.743866608190875	0.461018393523424	0.944770159533838	-4.88821326253694	ZNF217	no	no	no
0.2014403759443	12.2801126156653	0.743774622832415	0.461073469961681	0.944770159533838	-4.88825475952081	UQCRFS1	no	no	no
-0.173185836754824	9.88368634446644	-0.743573849784047	0.461193696494541	0.944770159533838	-4.88834531626827	ADH5	no	no	no
-0.0840101632260953	13.6443152401737	-0.743554092329308	0.461205528595944	0.944770159533838	-4.88835422640355	UBC	no	no	no
-0.256881743918066	8.51280566715888	-0.743177099848342	0.461431330857157	0.944770159533838	-4.88852419717367	PTBP3	no	no	no
0.184557552863494	8.73612167559305	0.743063886525788	0.461499153243664	0.944770159533838	-4.88857522428409	UCK2	no	no	no
0.215663607040074	9.54916084906503	0.742938399138376	0.461574335355674	0.944770159533838	-4.8886317747576	TEX2	no	no	no
-0.206303988851495	7.77362010119744	-0.742869713980926	0.461615489065562	0.944770159533838	-4.88866272359474	SNU13	no	no	no
-0.174510048433168	11.7741947526364	-0.742854781280432	0.461624436490759	0.944770159533838	-4.88866945175334	TMBIM6	no	no	no
0.179604177778636	9.14201801104905	0.742639604266207	0.461753378103568	0.944770159533838	-4.88876638859567	EXOSC7	no	no	no
0.192795489026284	7.63484080841088	0.742602811558252	0.461775427668784	0.944770159533838	-4.88878296093037	UBTD1	no	no	no
0.173234401517176	6.91468795053933	0.742518643717774	0.461825871047518	0.944770159533838	-4.88882086920465	ZHX3	no	no	no
-0.191129859750656	7.85519905397236	-0.742518141046848	0.46182617231728	0.944770159533838	-4.88882109558969	SDC3	no	no	no
0.1760660420352	9.66364005346326	0.742173419594328	0.462032803717733	0.944770159533838	-4.88897631101528	NDUFB2	no	no	no
0.162616686892293	10.0254830650016	0.742085436934517	0.462085550449911	0.944770159533838	-4.8890159152445	SRRM1	no	no	no
-0.167028580399032	10.1794032298125	-0.74124255716665	0.462591043993102	0.944770159533838	-4.88939509690624	MTCH2	no	no	no
-0.217131437933567	7.93970750800747	-0.740933377609784	0.462776545802925	0.944770159533838	-4.88953408160832	DYNC1I2	no	no	no
-0.160735039690788	7.98860292076373	-0.740439363254841	0.463073034069522	0.944770159533838	-4.88975603854762	BPNT2	no	no	no
-0.189223952987932	7.93736340771825	-0.740337488441239	0.46313418901609	0.944770159533838	-4.88980179237587	PEX2	no	no	no
-0.302434656427547	8.94573805115104	-0.740234670398624	0.463195914903929	0.944770159533838	-4.88984796366786	CTPS1	no	no	no
0.278791387476392	8.03463705486719	0.740218543074624	0.463205597228652	0.944770159533838	-4.88985520521478	ACYP2	no	no	no
0.280521455276055	10.5684221682714	0.740202764316411	0.463215070398759	0.944770159533838	-4.88986229010019	CCDC47	no	no	no
-0.155909197969774	7.52556289513004	-0.740122778842103	0.463263093388213	0.944770159533838	-4.88989820246734	RERE	no	no	no
0.132353696673678	6.72465230833419	0.740115382051964	0.463267534539369	0.944770159533838	-4.88990152333428	BCAS4	no	no	no
-0.427193206938079	9.85254610217899	-0.739790641111035	0.463462538409877	0.944770159533838	-4.89004728764637	PNMA8A	no	no	no
-0.382727579022524	8.06966044924497	-0.739690586327572	0.463522629903907	0.944770159533838	-4.8900921861373	FPR3	no	no	no
0.10747432323326	6.71404648964526	0.7396659628077	0.463537419132285	0.944770159533838	-4.89010323477453	ZC3H7B	no	no	no
0.106444816649778	7.71528810391581	0.739407501375808	0.463692671083039	0.944770159533838	-4.89021918568051	NHLH1	no	no	no
-0.182586147548514	10.4235011363897	-0.739152836420038	0.463845671901732	0.944770159533838	-4.89033339517503	SF3B1	no	no	no
0.110837422692269	6.53876118465168	0.738888567487068	0.464004473490051	0.944770159533838	-4.89045187163167	CAMK2B	no	no	no
0.152898350421266	6.93715164309715	0.738751609857229	0.46408678489509	0.944770159533838	-4.89051325608931	SOS2	no	no	no
0.175949346929101	8.58942407683324	0.738639084736349	0.464154418683202	0.944770159533838	-4.89056368167257	RPAP1	no	no	no
0.201451295832916	8.60324006119919	0.738386518919161	0.46430624531752	0.944770159533838	-4.89067683633589	PARP16	no	no	no
-0.108415057783513	6.94345759344622	-0.737844911653364	0.464631921900168	0.944770159533838	-4.89091936161122	RMC1	no	no	no
-0.136018934414526	7.35651332803307	-0.737766873757374	0.464678858101981	0.944770159533838	-4.89095429189808	ARRB1	no	no	no
-0.347168539920075	10.0459655923072	-0.737705368374132	0.464715852682753	0.944770159533838	-4.8909818196091	SFN	no	no	no
0.133622638488212	7.56198280766683	0.737622111529122	0.464765933149025	0.944770159533838	-4.89101907900469	RDH11	no	no	no
-0.196496751863667	11.8648183900984	-0.737338975154795	0.464936267946782	0.944770159533838	-4.89114575882543	ARL6IP1	no	no	no
-0.200182236274378	8.51298782008598	-0.737319946149459	0.464947717082263	0.944770159533838	-4.89115427102905	RNASEH1	no	no	no
0.11711139362708	6.70606945385139	0.736773927630881	0.465276307867751	0.944770159533838	-4.89139842999856	PGLYRP1	no	no	no
0.129356294533525	8.14142736548307	0.736139967302566	0.465657989144333	0.944770159533838	-4.89168169426529	PRPH	no	no	no
-0.179916074454439	8.38819274373554	-0.736021388281247	0.465729400655636	0.944770159533838	-4.89173465126746	RIPK1	no	no	no
-0.300929764364567	8.79321718772893	-0.736018520635044	0.465731127708168	0.944770159533838	-4.8917359318469	HMGCR	no	no	no
0.172558286984602	8.89458784084368	0.7358547773956	0.46582974890418	0.944770159533838	-4.8918090452322	IFT46	no	no	no
-0.291366090468654	9.36837139131234	-0.735355086111391	0.466130783062497	0.944770159533838	-4.89203206652578	RAB17	no	no	no
0.1967895569775	8.79685683612108	0.735318043135948	0.466153103694926	0.944770159533838	-4.89204859365726	SCNN1A	no	no	no
-0.295210075667297	8.97602864955029	-0.735226466678977	0.466208286684238	0.944770159533838	-4.89208944805356	TLCD3A	no	no	no
-0.246720965847839	7.25391952667821	-0.734663969151348	0.466547324011374	0.944770159533838	-4.89234028361384	IQCE	no	no	no
-0.516610344728898	7.7233518315137	-0.734658516113474	0.466550611445037	0.944770159533838	-4.89234271439025	SPOCK1	no	no	no
0.145366402559111	10.3157823640588	0.734407305894634	0.466702071169192	0.944770159533838	-4.89245467637064	TRMT5	no	no	no
0.195866214493839	8.63412826947694	0.734156555638749	0.466853281737154	0.944770159533838	-4.89256639649305	LSM12	no	no	no
0.113797220180486	6.70906125965241	0.734143525076568	0.466861140359441	0.944770159533838	-4.89257220116754	LRRFIP2	no	no	no
-0.157783592286233	8.95680002027292	-0.734106715352073	0.466883340404672	0.944770159533838	-4.89258859811691	PCNP	no	no	no
0.133781344199904	7.37934452044831	0.733358154058266	0.46733493127302	0.944770159533838	-4.8929218737519	ASGR2	no	no	no
-0.276166235779505	9.82932264668701	-0.733155340269144	0.467457327607837	0.944770159533838	-4.89301211431741	XPOT	no	no	no
0.0960603309087162	8.87426280280187	0.733017710961633	0.467540396159321	0.944770159533838	-4.89307333778468	DYNLRB1	no	no	no
-0.16769277457433	7.30501057506068	-0.732695765336123	0.467734745095698	0.944770159533838	-4.89321650978538	GNB5	no	no	no
0.137211958638393	7.84327443836548	0.73178757115332	0.468283244449318	0.944770159533838	-4.89362006434779	DENND1C	no	no	no
-0.167109437953825	6.70374709428346	-0.731173680414944	0.468654209479154	0.944770159533838	-4.89389257195466	ARHGEF10	no	no	no
-0.124766691318683	7.3521154207183	-0.731016333481011	0.468749318992967	0.944770159533838	-4.89396238309452	ZXDC	no	no	no
-0.333904596671855	8.65967946572427	-0.730986313794281	0.468767465869978	0.944770159533838	-4.89397570047677	ZNF232	no	no	no
-0.166953378329409	8.76202496598642	-0.730364877247487	0.469143214169596	0.944770159533838	-4.89425126455961	ST7	no	no	no
0.164015293143972	7.63426017541355	0.730346737234252	0.469154185022262	0.944770159533838	-4.89425930500033	PICK1	no	no	no
-0.137920555239351	8.19906498528915	-0.730115245473293	0.46929420123752	0.944770159533838	-4.8943618952583	PTPRO	no	no	no
0.141315593365084	7.94825037615623	0.729749417363253	0.469515518650093	0.944770159533838	-4.89452395536053	ZC3H13	no	no	no
0.25808708768948	7.47921591315308	0.729122655762999	0.469894833512725	0.944770159533838	-4.89480142545428	LY6G6C	no	no	no
-0.175622751261826	8.46088872104891	-0.728948297258562	0.470000386090881	0.944770159533838	-4.8948785737919	MARCHF6	no	no	no
0.16199549360479	7.84236665218621	0.72881517753623	0.470080982800249	0.944770159533838	-4.89493746322698	ZDHHC3	no	no	no
0.21801725983013	7.0490407427999	0.728706452340364	0.470146815822771	0.944770159533838	-4.89498555331792	BIRC7	no	no	no
0.136959107143728	7.8781999140615	0.728558347836336	0.470236501468837	0.944770159533838	-4.89505105006862	SPHK2	no	no	no
0.207510231971932	11.6732547811772	0.72776156172541	0.470719168344935	0.944770159533838	-4.89540319480485	ATRAID	no	no	no
-0.168773564278736	8.23835949198507	-0.727640496797679	0.470792530274968	0.944770159533838	-4.8954566676581	GTF3C4	no	no	no
-0.233817483129913	9.8196718415415	-0.727569253277673	0.470835704891235	0.944770159533838	-4.89548813100745	SLC9A6	no	no	no
-0.16921960168313	9.10994161253708	-0.727536255696721	0.47085570267501	0.944770159533838	-4.895502702755	SLC39A1	no	no	no
-0.326264169753344	8.51030545522891	-0.727416222305791	0.470928451549416	0.944770159533838	-4.89555570417372	ACYP1	no	no	no
-0.433162070615753	9.28991025971341	-0.727259754561758	0.471023291904823	0.944770159533838	-4.89562478070451	IFIT2	no	no	no
-0.520223244818238	10.337738579862	-0.727208500460713	0.471054361109369	0.944770159533838	-4.89564740496621	CCN2	no	no	no
0.105143653615418	8.23679696356425	0.726883768906448	0.47125123404441	0.944770159533838	-4.89579071012891	PPP1R11	no	no	no
-0.138859391813775	8.44389765656551	-0.726112841402924	0.471718807507599	0.944770159533838	-4.89613067549902	ARHGAP1	no	no	no
0.204851526719125	9.59345632718814	0.726052880793805	0.471755185173089	0.944770159533838	-4.89615710245967	HTRA2	no	no	no
-0.131323696648954	6.94958817425844	-0.725574070600036	0.472045733267951	0.944770159533838	-4.89636805700789	FRYL	no	no	no
-0.187290301196266	8.43047660876439	-0.725561539043966	0.472053338945681	0.944770159533838	-4.89637357636484	PKP4	no	no	no
-0.186121857768577	7.36913426685594	-0.725357886414021	0.472176950017103	0.944770159533838	-4.89646325954461	WRAP73	no	no	no
-0.144676371787511	13.7829168264863	-0.725355891898487	0.472178160719825	0.944770159533838	-4.89646413775573	RPL8	no	no	no
0.171423822503687	7.11390007839207	0.725263129551154	0.472234470899524	0.944770159533838	-4.89650497964582	CD19	no	no	no
0.11054994491491	7.24675938077873	0.724968988975284	0.472413050446121	0.944770159533838	-4.89663445202395	ADARB1	no	no	no
0.244662216536278	7.78290404810247	0.724542394069037	0.472672114490024	0.944770159533838	-4.89682213690392	ACOX3	no	no	no
-0.246396445231842	9.0716825567424	-0.724458905468241	0.472722825212775	0.944770159533838	-4.89685885609716	CABIN1	no	no	no
0.243777337956312	9.00775819172426	0.724153563660905	0.47290831530755	0.944770159533838	-4.89699311392374	MMUT	no	no	no
0.194524672095141	7.54833183482304	0.724153175339998	0.472908551232479	0.944770159533838	-4.8969932846324	DSCC1	no	no	no
0.110025815667369	7.73640529207207	0.72412348593005	0.472926589275055	0.944770159533838	-4.8970063360483	PLEKHM1	no	no	no
-0.22194150115053	8.97357358675358	-0.723920168973026	0.473050126681669	0.944770159533838	-4.89709569995612	CHPF	no	no	no
-0.224974691842457	8.61970715537478	-0.723527300388628	0.473288889623594	0.944770159533838	-4.89726830880585	SMARCE1	no	no	no
-0.108357658957747	8.56336859829764	-0.723476199780493	0.473319950679613	0.944770159533838	-4.89729075346939	PHC2	no	no	no
0.154320376259859	7.13789887997136	0.723463996561025	0.47332736847116	0.944770159533838	-4.89729611320164	CTTN	no	no	no
-0.209641482833391	8.43841469909327	-0.723428581555396	0.473348896044669	0.944770159533838	-4.89731166720464	SCAF11	no	no	no
-0.404553959345466	8.90209835362002	-0.723405471721131	0.473362944025031	0.944770159533838	-4.89732181647264	TAPBPL	no	no	no
0.195235582694084	8.75071181271007	0.723122316450494	0.473535087412297	0.944770159533838	-4.89744614583432	RPS27L	no	no	no
0.139313379644121	9.67615829272455	0.722884373634165	0.473679771582806	0.944770159533838	-4.89755058669821	TSPYL2	no	no	no
-0.335297225520082	9.40253874740493	-0.72267941751376	0.473804417943308	0.944770159533838	-4.89764052200015	BTBD3	no	no	no
0.132448588275641	7.83045227793005	0.722577842754301	0.47386619868933	0.944770159533838	-4.89768508414766	CWC25	no	no	no
0.135477362403173	6.90496444825698	0.722534123097319	0.473892791677533	0.944770159533838	-4.89770426265771	ATF6B	no	no	no
-0.20001463625733	9.42840677771228	-0.722026942785134	0.474201352052009	0.944770159533838	-4.89792666558128	MRPS17	no	no	no
-0.153943075632068	7.776902444748	-0.721882751196756	0.47428909676554	0.944770159533838	-4.8979898672802	STX7	no	no	no
0.264899146154221	9.53526650974592	0.721868676197511	0.474297662300641	0.944770159533838	-4.89799603594545	FAM50A	no	no	no
-0.205844783347482	9.54302435205983	-0.721748906313627	0.474370553476915	0.944770159533838	-4.89804852292028	PHC1	no	no	no
-0.190514364353303	9.73530410833828	-0.721658397140549	0.474425641000304	0.944770159533838	-4.89808818133719	CSNK2B	no	no	no
0.180613303055734	8.51720924577288	0.721602517327271	0.474459653518806	0.944770159533838	-4.89811266380298	DHX38	no	no	no
-0.268440886998542	7.48124849755401	-0.721214301679624	0.474695988075405	0.944770159533838	-4.89828270105736	PTPRG	no	no	no
-0.205378002219751	7.04836514269791	-0.721184396237322	0.474714196427296	0.944770159533838	-4.89829579588032	ICE2	no	no	no
0.121707719526194	7.08583991430094	0.720921436574549	0.474874320235035	0.944770159533838	-4.89841091655012	ZNRF4	no	no	no
0.110503012112557	6.78625684049613	0.720796327550899	0.474950513544349	0.944770159533838	-4.89846567357548	GRIN2C	no	no	no
-0.216686772866283	7.63311561017263	-0.720717095341869	0.474998770764918	0.944770159533838	-4.89850034674021	STK32B	no	no	no
0.248124262548203	7.16187177847394	0.720291659229297	0.475257934802892	0.944770159533838	-4.89868646076313	HERC6	no	no	no
-0.151226953309029	8.43169088559093	-0.720227311740381	0.475297140525065	0.944770159533838	-4.89871460138294	SH2D4A	no	no	no
-0.156462643462988	7.06780933915416	-0.720217321334645	0.475303227657296	0.944770159533838	-4.89871897019658	KATNB1	no	no	no
-0.174151854851883	11.2679634631897	-0.720017417613906	0.475425037862614	0.944770159533838	-4.8988063759664	SEM1	no	no	no
-0.160336786534996	7.32407250665923	-0.719904098614148	0.475494096029825	0.944770159533838	-4.8988559130755	CLDN22	no	no	no
-0.120723462404261	7.40135760122789	-0.719841136275067	0.47553246861277	0.944770159533838	-4.89888343364314	SPPL2B	no	no	no
0.260689719328943	10.342652145061	0.719808949780071	0.475552085446179	0.944770159533838	-4.89889750132304	MAP2K1	no	no	no
-0.104542814010935	8.04243652320663	-0.719802055636919	0.475556287307275	0.944770159533838	-4.89890051445182	ZSCAN32	no	no	no
0.211996111777924	7.85038898294189	0.719591084631434	0.475684880682607	0.944770159533838	-4.89899270717389	CCDC22	no	no	no
0.133809138874275	7.35111735310241	0.719589246399661	0.475686001228678	0.944770159533838	-4.89899351035238	JRKL	no	no	no
-0.205288174730089	8.10089830202092	-0.719138416142383	0.475960862791366	0.944770159533838	-4.89919043169997	PTPN14	no	no	no
0.184787244953737	9.58081774175529	0.719004292230472	0.476042652665877	0.944770159533838	-4.89924899361144	TKT	no	no	no
0.169758986385638	8.038346282391	0.7189610117323	0.476069047174958	0.944770159533838	-4.89926788872451	LIME1	no	no	no
-0.263017885772873	8.1498409862257	-0.71874036625792	0.47620362020234	0.944770159533838	-4.89936419957322	NAB1	no	no	no
-0.237020604309361	9.42189640870298	-0.718633747461055	0.476268655394024	0.944770159533838	-4.89941072800248	ACOT9	no	no	no
0.155543232251651	8.3755873377431	0.718509884480429	0.476344215497027	0.944770159533838	-4.89946477341281	CHMP6	no	no	no
0.219908758036198	10.1925624428164	0.718292341212103	0.476476939821356	0.944770159533838	-4.89955967275392	ZYX	no	no	no
0.223196315846054	8.57286254394256	0.718272240274493	0.476489204570593	0.944770159533838	-4.8995684400247	COIL	no	no	no
-0.157607356339409	9.42177296919208	-0.718232585975584	0.476513400486002	0.944770159533838	-4.89958573503866	RAB2A	no	no	no
-0.105775984648389	7.79619593346473	-0.718227625743196	0.476516427126518	0.944770159533838	-4.89958789835298	OSBP	no	no	no
-0.225372877204991	8.53355528503485	-0.718101137191627	0.47659361174573	0.944770159533838	-4.8996430591333	CNNM4	no	no	no
0.120680600177349	9.40919441313759	0.718092007732963	0.476599182909917	0.944770159533838	-4.89964704006352	XKR8	no	no	no
0.227467396553286	7.83356041867919	0.71801171847893	0.476648180244191	0.944770159533838	-4.89968204834739	GPATCH1	no	no	no
0.342394067914554	9.02755815942023	0.717351089560043	0.477051444189541	0.944770159533838	-4.89996995673387	PBX3	no	no	no
0.13914745858883	7.9830577705806	0.716896982364588	0.47732875436097	0.944770159533838	-4.90016771239157	DCBLD2	no	no	no
-0.190773825618223	8.89808671618678	-0.716891148824463	0.477332317329782	0.944770159533838	-4.90017025200757	CNNM3	no	no	no
-0.199427177724971	10.3123407396952	-0.716798986974813	0.477388609298711	0.944770159533838	-4.90021037176957	PSMC3	no	no	no
-0.190895358789343	8.87291501792038	-0.716677649051889	0.477462727593166	0.944770159533838	-4.90026318481232	AP3D1	no	no	no
-0.207214914253606	11.1173966583154	-0.716490885185443	0.477576823536128	0.944770159533838	-4.9003444579882	NOMO1	no	no	no
-0.332953778932951	10.1072158141613	-0.715789507613808	0.478005440073414	0.944770159533838	-4.90064949037287	MYO5C	no	no	no
0.140302074100515	7.59267328678891	0.715593421604295	0.478125308484736	0.944770159533838	-4.9007347174278	TKFC	no	no	no
0.347326806138593	7.86501085163376	0.715588563024972	0.478128278775857	0.944770159533838	-4.90073682887981	TENT5C	no	no	no
-0.235710776521124	8.78354163708141	-0.715550468476732	0.4781515682293	0.944770159533838	-4.9007533836113	OSGEPL1	no	no	no
-0.160869948639184	8.91182849696006	-0.715429573846223	0.47822548252826	0.944770159533838	-4.90080591509546	METTL1	no	no	no
-0.269141874717444	8.97886275568996	-0.715268360450379	0.478324057553165	0.944770159533838	-4.90087595265234	SEH1L	no	no	no
-0.134990571888391	10.7118617032019	-0.714945915417044	0.478521253245551	0.944770159533838	-4.90101598989876	PSMB4	no	no	no
0.232728100019698	10.5974999068643	0.714586306098771	0.478741231498866	0.944770159533838	-4.90117209549944	SMS	no	no	no
-0.107911391686704	6.70658845844813	-0.714427366919272	0.478838475127826	0.944770159533838	-4.9012410664397	ALPK1	no	no	no
0.169471954315541	9.26556388566212	0.714344834593162	0.478888975218928	0.944770159533838	-4.90127687511807	RPL18A	no	no	no
0.229834690783004	9.01379783078157	0.713925926935697	0.479145343933545	0.944770159533838	-4.90145856681506	CD93	no	no	no
0.284687346611326	9.43602789085538	0.713876342066468	0.479175694678853	0.944770159533838	-4.90148006630553	CLIC4	no	no	no
-0.109212716065509	6.98371156803989	-0.713619482856455	0.479332934799342	0.944770159533838	-4.90159141470626	CLDND1	no	no	no
0.189861369978523	9.00175322081905	0.713565191297966	0.479366173902701	0.944770159533838	-4.90161494512146	USP39	no	no	no
-0.158402573960229	8.49831400409932	-0.71289957886302	0.47977378988332	0.944770159533838	-4.90190328637733	HNRNPD	no	no	no
0.207850996718397	8.15948281261796	0.71274045605191	0.479871264461608	0.944770159533838	-4.90197217934314	PFKFB4	no	no	no
0.136974946316947	7.36095932158785	0.712717304368493	0.479885447524538	0.944770159533838	-4.90198220173331	CCNB2	no	no	no
-0.361308784128637	8.3739276099401	-0.712434397637449	0.480058779479375	0.944770159533838	-4.90210464694672	TLE2	no	no	no
-0.196144985856124	8.19126522645266	-0.712148949013329	0.480233704620839	0.944770159533838	-4.90222814466432	NID1	no	no	no
0.0908297506488909	13.7627028281507	0.7119891853321	0.480331624748989	0.944770159533838	-4.90229724461464	RPL30	no	no	no
0.104774460103688	7.8070706661366	0.711868328650139	0.480405706026172	0.944770159533838	-4.90234950679936	LUZP1	no	no	no
-0.219227056246274	6.9952954171279	-0.711826916344152	0.480431091926958	0.944770159533838	-4.90236741279322	MARK2	no	no	no
-0.232121920955531	8.53471660300998	-0.711733221448987	0.480488530046701	0.944770159533838	-4.9024079211922	MDC1	no	no	no
0.128840561814173	9.01639194989557	0.711653820013739	0.48053720882776	0.944770159533838	-4.90244224586602	SNX11	no	no	no
0.187500758690347	7.43063588074513	0.711530872584466	0.480612589918922	0.944770159533838	-4.90249538785367	MEGF9	no	no	no
0.227861787763307	7.90797316137237	0.710874233157085	0.481015299276466	0.944770159533838	-4.90277905896622	CDK10	no	no	no
-0.0862869100144178	7.92532055584576	-0.710719506278307	0.481110219167472	0.944770159533838	-4.90284586477276	MIER2	no	no	no
-0.102493287336804	6.43774532315796	-0.710674140300318	0.481138051716209	0.944770159533838	-4.90286544959286	AVL9	no	no	no
0.131944779735505	7.42014244768448	0.71041303676979	0.481298259375547	0.944770159533838	-4.90297814635993	PRPF18	no	no	no
0.0977822769312391	8.04709358064935	0.710208886813006	0.4814235424543	0.944770159533838	-4.9030662330787	IPPK	no	no	no
-0.11313393720295	11.9735872272639	-0.710179111528758	0.481441816534736	0.944770159533838	-4.90307907848568	TUBA1B	no	no	no
-0.238228310432308	9.72269342687599	-0.710095478389635	0.481493147059347	0.944770159533838	-4.9031151560162	ZDHHC6	no	no	no
-0.163119184154013	7.74874183377965	-0.710030520035761	0.481533017908939	0.944770159533838	-4.90314317481135	CHORDC1	no	no	no
0.125941179138847	8.15189432494061	0.709811094604225	0.481667713005474	0.944770159533838	-4.90323780228827	SNX15	no	no	no
0.158518990730716	8.80748559254894	0.709720690734222	0.48172321392151	0.944770159533838	-4.90327678083352	WAC	no	no	no
0.395264116461248	8.01717655971484	0.709113882594388	0.482095839947692	0.944798172731884	-4.90353828799101	CLEC11A	no	no	no
0.108419938236671	7.97405147460544	0.709021504491456	0.482152581308382	0.944798172731884	-4.90357807983898	CDH22	no	no	no
0.195621787436005	10.0112305849444	0.708930136541935	0.48220870590078	0.944798172731884	-4.90361743162975	CSE1L	no	no	no
0.238641038551567	8.86907459688123	0.708886444369131	0.482235545992433	0.944798172731884	-4.90363624793018	ZNF862	no	no	no
-0.146443474927383	12.7740392043287	-0.708438936865519	0.48251049815573	0.944832723099546	-4.90382890516079	SLC25A5	no	no	no
-0.196044372322368	7.49672043097277	-0.708269026872103	0.482614915303378	0.944832723099546	-4.90390202257438	SCAMP4	no	no	no
0.162627976904039	10.0859878213627	0.70809256965405	0.482723369463062	0.944832723099546	-4.9039779394932	WASHC2C	no	no	no
0.383910546084908	7.49714537880196	0.707930646692907	0.482822902636594	0.944832723099546	-4.90404758725656	BAMBI	no	no	no
0.162671366675575	7.72134032690095	0.707428881675913	0.483131408184963	0.944832723099546	-4.90426331306378	SNAPC2	no	no	no
0.11844066029449	7.22224957553778	0.707263681801674	0.483233004033999	0.944832723099546	-4.90433430570801	SLC2A9	no	no	no
-0.157599064968546	8.34356325426114	-0.707207463401714	0.483267580382892	0.944832723099546	-4.90435846122513	CHD1L	no	no	no
-0.147443079586875	7.76662153002056	-0.706992838701138	0.483399595122413	0.944832723099546	-4.90445066253264	MTMR3	no	no	no
-0.222062201952645	8.00564169091012	-0.706942696961061	0.483430440013518	0.944832723099546	-4.90447219917957	CD40	no	no	no
-0.226689995084454	9.96868851928156	-0.706832311623842	0.483498347890819	0.944832723099546	-4.90451960616699	DHRS1	no	no	no
0.309511112220743	10.8775079377464	0.706265453412809	0.483847157417068	0.945270914129947	-4.90476294085982	FLNA	no	no	no
0.831411634574378	8.2678169621277	0.70602686305167	0.483994013439649	0.9453144334569	-4.90486530382351	COMP	no	no	no
-0.29301782079375	8.84938343388672	-0.705730438002199	0.484176502459984	0.945388617960517	-4.90499243310765	PRPF3	no	no	no
0.170086880573093	8.73237875776852	0.705560441584419	0.484281175278404	0.945388617960517	-4.90506531700367	DESI1	no	no	no
-0.216820032955354	8.60563689487345	-0.704630636570847	0.484853913852169	0.945958909306591	-4.90546365891135	LSM5	no	no	no
-0.145244620888426	8.7054607094385	-0.704564504781678	0.484894663985482	0.945958909306591	-4.90549197135865	GEMIN6	no	no	no
0.144158315453451	7.62039860964768	0.704167644869961	0.485139247759209	0.945958909306591	-4.90566182162526	LAT	no	no	no
0.278049678371689	7.26922010650189	0.703967479312748	0.485262635530402	0.945958909306591	-4.90574745442712	IRAG2	no	no	no
0.184304052849534	6.6560179905972	0.703316751724688	0.485663884149418	0.945958909306591	-4.90602567927413	ZNF224	no	no	no
-0.110783563757742	7.0427343870252	-0.703264246241926	0.485696267938797	0.945958909306591	-4.90604811763941	TOP3A	no	no	no
0.298979831627102	7.88516274203604	0.703230552892043	0.485717049612393	0.945958909306591	-4.90606251573274	KDM7A	no	no	no
-0.174530965053068	9.89418069684643	-0.703079988934489	0.485809921829396	0.945958909306591	-4.90612684768533	CALCOCO1	no	no	no
-0.437046648178735	12.0038405945325	-0.703062607848069	0.485820643628151	0.945958909306591	-4.90613427330017	IGFBP2	no	no	no
0.144783457096375	6.71804257606893	0.70298517150808	0.485868413073049	0.945958909306591	-4.90616735379273	ACAT1	no	no	no
-0.157424080501195	7.16289685067803	-0.702763548845481	0.48600514367535	0.945958909306591	-4.90626201060705	SUN1	no	no	no
0.232913174974275	9.80134597891285	0.702659584789301	0.486069291959199	0.945958909306591	-4.90630640453184	UGDH	no	no	no
-0.123980380571319	7.30021093169683	-0.702419482681399	0.486217458761493	0.945976863937212	-4.90640890677181	TMEM132A	no	no	no
0.095027928718437	7.65906244267939	0.702240617583811	0.486327852690968	0.945976863937212	-4.90648524421286	NCKIPSD	no	no	no
0.0906136574210653	10.5376713912605	0.701835960467439	0.486577655193407	0.946121835243228	-4.9066578774727	RPL18	no	no	no
0.185970060642811	7.83120588855661	0.701643352381635	0.486696581030122	0.946121835243228	-4.90674001335099	FADS2	no	no	no
-0.182367734292014	7.15940624581614	-0.701331727613064	0.486889028138889	0.946121835243228	-4.90687285653092	LAMC3	no	no	no
-0.170302054818592	12.0321629270458	-0.701248780271808	0.486940260301949	0.946121835243228	-4.90690820669942	PFDN5	no	no	no
0.147371084465273	7.03391627558527	0.701110273068506	0.487025815558783	0.946121835243228	-4.90696722612525	SEC61A2	no	no	no
0.244012195111764	8.75689653097397	0.70083400084395	0.487196492735016	0.946211156097594	-4.90708491501122	ASL	no	no	no
-0.344585197156898	7.96656646838626	-0.700504552425349	0.487400065142779	0.946355880606144	-4.90722519765049	IGF2BP2	no	no	no
-0.138929016353994	7.88260249248283	-0.700236806961886	0.487565545145016	0.946355880606144	-4.90733915946935	PML	no	no	no
-0.257674779950128	10.3177646690385	-0.700108004719132	0.487645162515818	0.946355880606144	-4.90739396717298	SEC16A	no	no	no
-0.163188178354931	9.13366968803541	-0.699533012222824	0.488000674969487	0.946777694983172	-4.90763851789087	THAP11	no	no	no
-0.345917256445078	12.4239553633672	-0.698942801142469	0.488365747437311	0.946777694983172	-4.9078893388681	EPCAM	no	no	no
-0.192920153795777	10.1641504188946	-0.698662076596082	0.488539441860296	0.946777694983172	-4.90800856593908	TIMM10	no	no	no
-0.382044520943313	10.5392069381748	-0.698642095214046	0.4885518063778	0.946777694983172	-4.9080170505026	SLC39A4	no	no	no
0.243965682266934	7.90495202660203	0.698609938447867	0.488571705413048	0.946777694983172	-4.90803070452638	STON1	no	no	no
-0.14939107605813	7.70322585715719	-0.698546188219636	0.488611156240657	0.946777694983172	-4.90805777159104	KIRREL1	no	no	no
0.134035244778979	7.0916389427918	0.697986310565548	0.488957704086709	0.947207316469223	-4.90829538161971	RARA	no	no	no
-0.246652481760651	10.3167896803203	-0.697745346209916	0.489106896145657	0.947254499222369	-4.90839758921318	ZNHIT1	no	no	no
0.13667630792419	9.00838969704398	0.697519727136369	0.489246610248326	0.947283306599718	-4.9084932569567	YARS1	no	no	no
-0.195986067586728	11.5067267726404	-0.696909119220758	0.489624839404636	0.947674243371425	-4.90875201863817	TBCA	no	no	no
0.230937217116511	9.04726921396718	0.696790554273236	0.489698301035761	0.947674243371425	-4.90880223830409	SERTAD3	no	no	no
0.234368276646438	10.5256155940413	0.696133426306655	0.49010556214441	0.947780032548706	-4.90908042301212	TTC19	no	no	no
-0.183544618077301	9.67209086767161	-0.696094097239951	0.49012994267694	0.947780032548706	-4.9090970642852	CDV3	no	no	no
-0.193854049397582	8.87670350565276	-0.696042092331752	0.490162182143759	0.947780032548706	-4.90911906767745	TFCP2	no	no	no
-0.204133184166484	9.71453271565573	-0.695716675499563	0.490363945013811	0.947780032548706	-4.90925671610265	GAR1	no	no	no
0.157364535067612	9.46120083904217	0.695448392559241	0.490530318858956	0.947780032548706	-4.90937015050428	STX12	no	no	no
-0.112058694635217	7.53043750922727	-0.695349214224967	0.490591831583559	0.947780032548706	-4.9094120739908	DCAF8	no	no	no
-0.173983138821942	8.31869047811533	-0.695222754020816	0.490670271389066	0.947780032548706	-4.90946552134344	WASL	no	no	no
0.197086969658862	6.6043433586316	0.694977918376613	0.490822156076864	0.947780032548706	-4.9095689723235	MOCS1	no	no	no
0.109110837155729	8.92686400304835	0.694671338283086	0.491012381039436	0.947780032548706	-4.90969846255238	COA3	no	no	no
-0.191594740095112	11.4632139170267	-0.694181705589168	0.491316270399754	0.947780032548706	-4.90990515390595	ATF4	no	no	no
-0.0887439284916324	6.58827542312851	-0.694166422821849	0.491325757295394	0.947780032548706	-4.90991160303258	HIVEP3	no	no	no
-0.219906485593763	9.66222582663547	-0.694022728740593	0.491414961484781	0.947780032548706	-4.90997223331604	CRBN	no	no	no
0.167383596023137	9.46021081052304	0.69382717363313	0.491536375066664	0.947780032548706	-4.9100547263047	MTARC1	no	no	no
-0.484057435428807	10.3546095875162	-0.69373092521382	0.491596138591796	0.947780032548706	-4.91009531947762	IFIT3	no	no	no
-0.175514044248001	11.013993867364	-0.693600154635089	0.491677344430061	0.947780032548706	-4.91015046377242	GORASP2	no	no	no
0.218488947163386	7.31594107122802	0.693025769773455	0.492034113874302	0.947780032548706	-4.91039255529746	TAOK3	no	no	no
0.165069452411946	7.85379035169372	0.692918905679839	0.492100506561003	0.947780032548706	-4.91043757489543	RPS6KA2	no	no	no
0.128311460785386	7.44165155574988	0.692663741185726	0.492259055668908	0.947780032548706	-4.9105450431286	ATP10A	no	no	no
-0.21194365616681	7.34957562074762	-0.692589423333171	0.492305239171663	0.947780032548706	-4.9105763365419	MICAL1	no	no	no
0.134805608341436	8.04921504042305	0.692229603295152	0.492528876929739	0.947780032548706	-4.91072780186574	GJB4	no	no	no
-0.164745251326013	9.00636286486822	-0.691887276444607	0.492741694540371	0.947780032548706	-4.91087183267465	ZNF106	no	no	no
-0.259665812524895	9.51009342827124	-0.691810890439027	0.492789189122477	0.947780032548706	-4.91090396194784	SLC10A3	no	no	no
0.174653401511291	7.70052391758657	0.691733389341613	0.49283737963205	0.947780032548706	-4.91093655673464	DAPK1	no	no	no
0.0920297669504156	7.06112171249842	0.69172120579836	0.492844955648514	0.947780032548706	-4.91094168046915	LTBR	no	no	no
0.134846436868081	6.85532095126261	0.691671934849205	0.492875594153557	0.947780032548706	-4.91096240025407	GAST	no	no	no
0.217491073000731	6.85778469079464	0.691038317196549	0.493269695289565	0.948148332083831	-4.91122872637992	JAM3	no	no	no
0.171886767854412	10.0610296616857	0.690500979493813	0.493604048555362	0.948148332083831	-4.91145439814791	HADHA	no	no	no
-0.121269715569339	6.78787114565632	-0.69048758655876	0.49361238378579	0.948148332083831	-4.91146002075658	ZNF3	no	no	no
0.126409646927346	6.64986395093515	0.690220294949667	0.493778751772948	0.948148332083831	-4.91157221274891	MYL10	no	no	no
-0.241829581305684	11.4743343356907	-0.690117599892951	0.493842679623661	0.948148332083831	-4.91161530639737	DBI	no	no	no
-0.207069842718426	8.9734743129294	-0.689674594338403	0.494118503901846	0.948148332083831	-4.91180113238626	WWC3	no	no	no
-0.136165264842727	7.77517389980581	-0.689253232849279	0.494380931300674	0.948148332083831	-4.91197777209417	GRAMD4	no	no	no
0.220391554520895	8.38658246711056	0.689102761217907	0.494474664965619	0.948148332083831	-4.91204082622186	TCFL5	no	no	no
-0.370342435140424	10.3521703342897	-0.689055501168409	0.494504106815143	0.948148332083831	-4.91206062747476	FMOD	no	no	no
0.120133273898777	7.88342861641363	0.689042114722554	0.494512446418333	0.948148332083831	-4.91206623595583	FHL3	no	no	no
0.121141333656142	8.24364648042483	0.689009328183884	0.494532872387087	0.948148332083831	-4.9120799719924	MED12	no	no	no
0.234444255514926	7.70746353454257	0.688882047850259	0.494612172286511	0.948148332083831	-4.91213329053529	RPP25	no	no	no
0.129919458205907	8.07203618531646	0.688557707650481	0.494814278880332	0.948148332083831	-4.91226911554458	CDK5RAP2	no	no	no
0.314290916544369	10.3757437805899	0.688312043476112	0.494967390374257	0.948148332083831	-4.91237195186853	BEX4	no	no	no
-0.503219449294483	7.9501125304834	-0.688300430605523	0.494974628805912	0.948148332083831	-4.9123768121971	HOXB3	no	no	no
-0.17193187708657	8.84385246743417	-0.688153239020097	0.495066380036392	0.948148332083831	-4.91243840932427	CHP1	no	no	no
0.259341867712492	8.4531947880132	0.687803705947927	0.495284297637834	0.948197015638601	-4.91258463168489	SPSB1	no	no	no
-0.131850366732196	8.13494176236381	-0.687480365612169	0.49548593250875	0.948197015638601	-4.91271983254804	ANXA6	no	no	no
-0.177835397570973	8.55538944821068	-0.687275817794841	0.495613511855864	0.948197015638601	-4.91280532992491	CCNG2	no	no	no
0.249695821385293	8.07538632369744	0.68719405831288	0.495664511472097	0.948197015638601	-4.91283949704527	TNFAIP8	no	no	no
0.148802625176855	7.86396218277777	0.687110557902929	0.495716600031409	0.948197015638601	-4.91287438762832	TPSG1	no	no	no
0.383293028159994	9.68148498105301	0.686085564641877	0.496356249569064	0.948853736803545	-4.91330234535611	PXDN	no	no	no
0.299164522004063	8.00340066103101	0.685641868345641	0.496633280600799	0.948853736803545	-4.91348740642563	GFPT2	no	no	no
-0.171477960130843	9.7123900348528	-0.685406089846353	0.496780528540108	0.948853736803545	-4.91358569993117	SRPK1	no	no	no
0.115329004917813	7.37508248405098	0.685369358887813	0.496803469857173	0.948853736803545	-4.91360100971927	FGL1	no	no	no
0.267310591125721	10.6665434134624	0.685346020346496	0.496818046880319	0.948853736803545	-4.91361073701617	AARS1	no	no	no
0.160767260273443	9.0263740274645	0.685191795410466	0.496914380189862	0.948853736803545	-4.91367500852672	TTC4	no	no	no
0.22582801604577	11.3315835594014	0.685158370622392	0.496935259628003	0.948853736803545	-4.91368893608258	ATP5ME	no	no	no
0.163121022389132	7.43722856105549	0.684916664755239	0.497086260261711	0.948903281224117	-4.9137896313084	ZFPL1	no	no	no
-0.226956133355529	9.35837721396493	-0.684648574069198	0.49725377385436	0.948984314891068	-4.91390127821254	NOC3L	no	no	no
0.155683315796625	11.5045346677432	0.68406696931973	0.497617290354282	0.949077232881527	-4.91414334295622	COX7A2L	no	no	no
-0.207579854138619	8.6618122819399	-0.683816910362576	0.497773628037838	0.949077232881527	-4.9142473565325	TIPRL	no	no	no
0.212170839004627	11.6550115151433	0.683298026388146	0.498098122347411	0.949077232881527	-4.91446307188028	PRDX4	no	no	no
-0.463621026239833	9.56268857927526	-0.683181321014818	0.498171122398356	0.949077232881527	-4.91451156786479	PPL	no	no	no
-0.284594123216175	8.01212281525975	-0.68283198243456	0.498389671408881	0.949077232881527	-4.91465668470153	KIF20B	no	no	no
0.196785930062761	8.96829755984428	0.682580028556441	0.498547328533123	0.949077232881527	-4.91476130280721	INPP1	no	no	no
0.150681394902589	6.8919883810637	0.682433879592097	0.49863879207867	0.949077232881527	-4.91482197067309	HOXD9	no	no	no
0.170109616667422	9.57545066902829	0.68225908895414	0.49874819240156	0.949077232881527	-4.91489451143194	MRPL57	no	no	no
-0.144983268589802	7.42037894091109	-0.682246894415984	0.498755825376545	0.949077232881527	-4.91489957167718	ZNF839	no	no	no
-0.235739297140143	10.403561441309	-0.681580797655376	0.499172855574159	0.949077232881527	-4.91517584190187	ATG101	no	no	no
0.345092639836719	9.17408049944158	0.68140038186985	0.499285843380749	0.949077232881527	-4.91525062608386	CAVIN1	no	no	no
-0.304851014516328	8.23864701956122	-0.681397803699425	0.499287458096493	0.949077232881527	-4.9152516946226	MORC4	no	no	no
0.59837004475024	9.39040082672985	0.681158928719177	0.499437078660229	0.949077232881527	-4.91535068082704	H1-2	no	no	no
-0.138756496051263	7.58502881461746	-0.680794984953479	0.499665084079774	0.949077232881527	-4.91550142893581	RHBDF1	no	no	no
0.203704869777803	8.16004051006801	0.680749986888826	0.4996932786795	0.949077232881527	-4.91552006202703	MRGBP	no	no	no
0.151509854411078	11.1924971372878	0.68069832548166	0.499725649431976	0.949077232881527	-4.91554145284525	AHSA1	no	no	no
0.354130023448334	7.85844892625142	0.680339033288281	0.499950811813371	0.949077232881527	-4.91569017708581	TCF7L1	no	no	no
0.241878695339517	8.11413782679594	0.680168588100116	0.500057646439537	0.949077232881527	-4.91576070397292	HSPA6	no	no	no
0.0890142510053187	8.39869190585319	0.680007364949953	0.500158712255497	0.949077232881527	-4.91582739918422	MBD3	no	no	no
-0.158956618885678	8.96101321386893	-0.679848878649736	0.500258073359019	0.949077232881527	-4.91589294725825	IPO8	no	no	no
-0.115694792954801	7.38488479717335	-0.679368798278536	0.500559120187655	0.949077232881527	-4.9160914124115	MRPS27	no	no	no
0.327952146874094	7.63189536482897	0.679366047694416	0.500560845299144	0.949077232881527	-4.91609254911068	CD38	no	no	no
-0.310923450197752	9.28445298667862	-0.679318593602986	0.500590608072488	0.949077232881527	-4.91611215916124	SPP1	no	no	no
-0.187716641044308	11.3779653080602	-0.678979165043873	0.500803522890436	0.949077232881527	-4.91625238674044	ILF2	no	no	no
-0.193764986664109	8.6810558989506	-0.678857171833434	0.50088005823683	0.949077232881527	-4.91630276899028	NKIRAS2	no	no	no
0.141481022759951	8.11097879495101	0.678775736282558	0.500931152341327	0.949077232881527	-4.9163363963526	PIP4K2A	no	no	no
-0.131989143695143	7.3146946845792	-0.678593870340943	0.501045268572391	0.949077232881527	-4.91641148052748	ENTR1	no	no	no
-0.148363296122979	8.29456112165737	-0.678562194381127	0.501065145885925	0.949077232881527	-4.91642455609434	CHST10	no	no	no
0.316605687642327	7.39846589357729	0.678374761485511	0.50118277271908	0.949077232881527	-4.91650191468021	PGGHG	no	no	no
-0.19636698448617	8.8077800956394	-0.678257349870495	0.501256464171972	0.949077232881527	-4.91655036304173	YKT6	no	no	no
-0.251542033357385	11.5402962849447	-0.67780491404062	0.501540483575377	0.949077232881527	-4.91673697865856	SEC13	no	no	no
-0.2889170249373	9.87905809864162	-0.677255670099306	0.501885393396143	0.949077232881527	-4.9169633622156	CDC25B	no	no	no
0.167555039415011	9.01575854075255	0.676830129118705	0.502152710551873	0.949077232881527	-4.91713863631013	AGRN	no	no	no
0.221548110199048	7.48962359366821	0.676794664223355	0.502174992478436	0.949077232881527	-4.91715323895497	IDUA	no	no	no
0.155293069219532	8.32661190140595	0.676644879715125	0.502269105240236	0.949077232881527	-4.91721490442672	DCPS	no	no	no
0.167508475001194	7.46693698917787	0.676412827735218	0.502414927459361	0.949077232881527	-4.91731041281647	LDB2	no	no	no
0.170653802623357	7.73477481506625	0.676173401583391	0.502565407925898	0.949077232881527	-4.91740892295925	SMARCA2	no	no	no
0.453468034716649	10.2116484846257	0.676150871099978	0.50257956971108	0.949077232881527	-4.91741819121995	CCN1	no	no	no
-0.168314820027804	8.82100772568446	-0.675826183670841	0.502783679850516	0.949077232881527	-4.91755172310446	UBA5	no	no	no
0.23688369754258	10.153690446476	0.675587791574277	0.50293357053131	0.949077232881527	-4.91764972529504	PSMC6	no	no	no
0.175138188842276	8.47184917238348	0.675419532389891	0.503039379374412	0.949077232881527	-4.91771887588086	STRN4	no	no	no
-0.209645234144568	9.82198652257472	-0.675372305282764	0.503069080064042	0.949077232881527	-4.91773828211181	BLOC1S1	no	no	no
0.220932787808864	8.30966155499444	0.67512225475681	0.503226350504529	0.949077232881527	-4.91784100917043	PRRX2	no	no	no
0.175134672347593	7.66839734193161	0.674699944372723	0.503492025628347	0.949077232881527	-4.91801442108733	FNTB	no	no	no
0.101305506801427	7.28940337633247	0.674622957112747	0.503540466514315	0.949077232881527	-4.91804602276193	GJC2	no	no	no
-0.155051623790229	7.40146128409398	-0.674600733741959	0.503554450077972	0.949077232881527	-4.91805514434405	PHF3	no	no	no
-0.101430743918662	13.7181594393445	-0.674589629619157	0.503561437180741	0.949077232881527	-4.91805970192178	RPS4X	no	no	no
0.222547945874542	9.34278758036313	0.674578969900827	0.503568144698518	0.949077232881527	-4.91806407702957	HCFC1R1	no	no	no
-0.198959467722377	8.60281166929898	-0.674276527599334	0.50375847374556	0.949077232881527	-4.91818818158639	C6orf62	no	no	no
-0.198361234969065	10.5780222018357	-0.674258541190302	0.503769793956448	0.949077232881527	-4.91819556045048	RPL26L1	no	no	no
0.0829239957549871	7.39652892072512	0.674125468207102	0.503853551192919	0.949077232881527	-4.91825014726067	CTC1	no	no	no
-0.18663192179927	11.9910481456096	-0.673562979266266	0.504207670428928	0.949077232881527	-4.91848076584611	GLO1	no	no	no
-0.146592476949914	8.81844863390853	-0.673510129691356	0.504240949269369	0.949077232881527	-4.91850242439198	SRSF1	no	no	no
-0.135092229201712	11.5232685782054	-0.673329200862926	0.504354887396904	0.949077232881527	-4.91857655923999	PSMA1	no	no	no
-0.250380927066968	9.62848474383398	-0.673048772979188	0.50453151184025	0.949077232881527	-4.91869142521233	CNN2	no	no	no
0.111477240639557	7.20889651361886	0.673000689856899	0.504561799861139	0.949077232881527	-4.91871111585926	RAB40C	no	no	no
-0.247356080948971	8.29648968571013	-0.67296786189372	0.504582479080813	0.949077232881527	-4.91872455854108	CST4	no	no	no
-0.266351851674942	10.4246606980309	-0.672548822578924	0.504846483888888	0.949077232881527	-4.918896094508	ATOX1	no	no	no
0.145934644726968	9.57670320585251	0.672263347587501	0.505026383129662	0.949077232881527	-4.91901289581101	MPV17	no	no	no
-0.159497622072977	7.02946262023863	-0.67222022651437	0.505053559997551	0.949077232881527	-4.91903053449384	AQR	no	no	no
-0.10079357063158	6.87722189799869	-0.672038553216194	0.505168067560146	0.949077232881527	-4.91910483592744	LRIG2	no	no	no
0.0998696529520699	7.77430343012985	0.671871325727383	0.505273482532412	0.949077232881527	-4.91917321202601	MYBPC3	no	no	no
-0.193528363009029	7.33250425179101	-0.671731901858818	0.50536138014231	0.949077232881527	-4.91923020713152	MRS2	no	no	no
0.120546345202974	6.59171389011829	0.67144770465148	0.505540573667822	0.949077232881527	-4.91934634859232	KRT83	no	no	no
-0.174988876748826	8.08244782609266	-0.671242571791267	0.505669936643512	0.949077232881527	-4.91943014956909	MED22	no	no	no
-0.180391976005971	9.8698600701529	-0.671181834570373	0.505708242830554	0.949077232881527	-4.91945495719834	VPS4B	no	no	no
0.157212825262056	7.84148343817476	0.671131076272362	0.505740256651833	0.949077232881527	-4.91947568734507	PARVA	no	no	no
0.191659912302485	10.6857141629084	0.670445651247007	0.506172669949872	0.949077232881527	-4.91975547204587	CTDNEP1	no	no	no
0.14347005395472	9.03535834126485	0.669952775114964	0.50648373456547	0.949077232881527	-4.91995648834752	SLC35E1	no	no	no
-0.15037255997861	8.05727377748064	-0.669515196042026	0.506759987217626	0.949077232881527	-4.92013483181661	DOK1	no	no	no
0.112483502867152	7.75620925190453	0.669393937444811	0.506836554766548	0.949077232881527	-4.92018423298614	MAPKBP1	no	no	no
-0.257003633529578	7.83851797861246	-0.668681929880464	0.507286271913548	0.949077232881527	-4.9204741320143	CDT1	no	no	no
-0.177742521989313	8.33479598769288	-0.668654487611603	0.50730360929992	0.949077232881527	-4.92048529933645	PTAFR	no	no	no
0.150294023665696	9.62031856642821	0.668272549717567	0.507544942211556	0.949077232881527	-4.920640678456	STAT3	no	no	no
0.157019137953455	8.84384366846929	0.668094313834973	0.507657584452001	0.949077232881527	-4.92071315847465	GMPS	no	no	no
0.277981619678745	7.97933021471206	0.668051393253285	0.507684711606113	0.949077232881527	-4.92073060941972	BCL3	no	no	no
-0.146975715351225	7.00668669537994	-0.667879733571606	0.507793213785867	0.949077232881527	-4.92080039310737	SPRED2	no	no	no
0.0814442644675446	6.8486497734885	0.667671557871545	0.507924813814874	0.949077232881527	-4.9208849980452	MAPK11	no	no	no
-0.178154096635146	12.7743008904542	-0.667648033034391	0.507939686404765	0.949077232881527	-4.92089455719185	EEF1B2	no	no	no
-0.218595598236025	9.36560545212854	-0.667613708541227	0.507961387047853	0.949077232881527	-4.92090850411341	DERL2	no	no	no
-0.216458310358115	7.56052213402333	-0.667428295486404	0.508078617662387	0.949077232881527	-4.92098383015025	TRIM24	no	no	no
-0.139256025332506	8.10072793904778	-0.667176644934901	0.50823775158652	0.949077232881527	-4.9210860333726	ERP44	no	no	no
0.207583640367437	9.55345324745568	0.666975491835563	0.508364972367415	0.949077232881527	-4.92116770106799	AGL	no	no	no
0.216518672207023	8.56399426041198	0.666964914724994	0.508371662418499	0.949077232881527	-4.92117199468864	ELP3	no	no	no
-0.18190071608739	7.16264546997427	-0.666902002603017	0.508411455493755	0.949077232881527	-4.92119753156194	NUDT18	no	no	no
0.183777271581982	9.15494586327667	0.666840960475072	0.508450067379737	0.949077232881527	-4.92122230714326	CTAGE15	no	no	no
0.23031945923458	7.81046383682631	0.666198509668585	0.508856542883183	0.949077232881527	-4.92148292941012	IL17RB	no	no	no
-0.179814536659563	10.5795284447476	-0.665985907288458	0.508991094192716	0.949077232881527	-4.92156912183561	PJA1	no	no	no
-0.181131350672345	6.51654876633515	-0.665792796940037	0.509113326154473	0.949077232881527	-4.92164738871851	NAIP	no	no	no
0.296818116958566	9.5903507680632	0.665649123290289	0.509204276777179	0.949077232881527	-4.92170560479377	ARHGEF3	no	no	no
0.178975870698607	9.03842527391646	0.66560338121553	0.509233235015923	0.949077232881527	-4.92172413676597	RBM25	no	no	no
0.24781513993349	9.64571048582664	0.665355692542864	0.509390056436464	0.949077232881527	-4.92182446402139	CMC4	no	no	no
-0.323784806172857	9.69035454959795	-0.665349834918567	0.509393765445221	0.949077232881527	-4.92182683623573	AHR	no	no	no
-0.131969443767334	7.57854606899944	-0.665289001675354	0.509432285515934	0.949077232881527	-4.92185147121732	MBNL1	no	no	no
0.141189772684159	7.92873043062997	0.665250973669619	0.509456365939509	0.949077232881527	-4.92186686989674	FAM98A	no	no	no
-0.302046794140786	7.68938529201812	-0.664751490194982	0.509772710467997	0.949077232881527	-4.92206904635692	ADAMTS2	no	no	no
-0.176473032493935	10.4034832107841	-0.664722177239714	0.509791278938828	0.949077232881527	-4.92208090681057	BRD2	no	no	no
0.160000602229834	9.67626723473213	0.664676546705621	0.509820184609048	0.949077232881527	-4.92209936858605	MBTPS1	no	no	no
-0.218261654271298	10.3438676672135	-0.664561833066244	0.50989285642129	0.949077232881527	-4.92214577543517	ARL8B	no	no	no
0.14840195151943	8.10832083615754	0.664514128875262	0.509923078978508	0.949077232881527	-4.92216507164466	ESRRA	no	no	no
-0.126811852020965	7.78084077713917	-0.664151877039342	0.510152612003024	0.949077232881527	-4.92231155757374	SNX2	no	no	no
0.222752175446022	8.59984381479698	0.663960183519659	0.51027409708268	0.949077232881527	-4.922389042426	TMEM260	no	no	no
0.151345046612362	7.32839950129104	0.663901430744765	0.510311334578863	0.949077232881527	-4.92241278666155	ZNF646	no	no	no
-0.196983554007366	9.01333849965771	-0.66377269461333	0.510392932655214	0.949077232881527	-4.922464806702	MPST	no	no	no
0.103268252082981	7.17628590042465	0.663686906998436	0.510447312176584	0.949077232881527	-4.92249946654937	SOX10	no	no	no
0.381504668358856	8.59829942492571	0.663508321286868	0.510560525121559	0.949077232881527	-4.92257160465322	COL16A1	no	no	no
-0.445927651440008	7.58579000659915	-0.663132487667877	0.510798826147214	0.949262700408839	-4.92272335767418	IL7R	no	no	no
-0.24631345791715	8.52991701118103	-0.662956396380721	0.510910499271178	0.949262700408839	-4.92279443056973	CSTF3	no	no	no
0.253279898839844	8.61120663565091	0.661952528783945	0.511547381656239	0.949990073561389	-4.92319925521622	ARHGEF5	no	no	no
0.100717815607836	7.30355357792641	0.661944656879159	0.51155237751342	0.949990073561389	-4.92320242732437	NOS1AP	no	no	no
-0.164028568876791	8.01958227610455	-0.661536871212584	0.511811212303826	0.950164570433252	-4.92336670085721	SMARCC2	no	no	no
-0.135384800863358	7.3920957041857	-0.661181614216399	0.51203676310385	0.950164570433252	-4.92350973341561	CHCHD3	no	no	no
0.16842390621782	7.83457546685259	0.660921008580925	0.512202254382282	0.950164570433252	-4.92361461024086	ANKLE2	no	no	no
0.0802088446243214	7.14408423869574	0.660767319528217	0.512299864419165	0.950164570433252	-4.92367644125876	RNF130	no	no	no
-0.152810684390127	11.0194584757265	-0.660672072137552	0.512360362390852	0.950164570433252	-4.92371475345541	VBP1	no	no	no
-0.159930351565921	12.5869055124072	-0.660613358723647	0.512397657118195	0.950164570433252	-4.92373836759496	CEBPB	no	no	no
-0.146415253796212	12.329737949319	-0.660255396433051	0.512625066262735	0.95035401974142	-4.92388229349557	PTMA	no	no	no
0.1591576589782	7.53188601274335	0.659540320167343	0.513079508652446	0.950762695033267	-4.92416957722751	ZNF264	no	no	no
0.363392811033108	8.56481783758857	0.659514213652714	0.513096103869429	0.950762695033267	-4.92418005986264	CCL4	no	no	no
0.202309881983263	9.18633560322405	0.65880804850656	0.513545104061121	0.951210934567286	-4.92446345569961	FASTKD5	no	no	no
-0.118562894653849	8.15330469251894	-0.658739471015784	0.513588718888004	0.951210934567286	-4.92449096126969	LPP	no	no	no
0.216007047957371	7.61865611340197	0.658323281587271	0.513853455402347	0.951242710468941	-4.92465782992569	TRAF4	no	no	no
-0.233667560449756	7.52683496489059	-0.658140407502473	0.51396980415611	0.951242710468941	-4.92473111977776	AMMECR1	no	no	no
0.44034897207425	9.08694406964486	0.658025285674272	0.5140430546226	0.951242710468941	-4.92477724662727	ENO2	no	no	no
-0.0859191507330335	8.68858835371343	-0.657924289882668	0.51410732151201	0.951242710468941	-4.92481770701794	EIF4G2	no	no	no
0.110708597934419	7.61792863406105	0.657190552708903	0.514574352083265	0.951717570679543	-4.92511147161529	AAGAB	no	no	no
-0.22817371202293	9.24487450616267	-0.65712700446759	0.51461481187377	0.951717570679543	-4.92513689927914	AKTIP	no	no	no
-0.161884167435414	8.01461374337103	-0.656557236891779	0.514977647030203	0.951720455548195	-4.92536477454022	STAG1	no	no	no
-0.276259114639997	10.3631348080261	-0.656223468970513	0.515190258528529	0.951720455548195	-4.92549817384599	BSG	no	no	no
0.114862995411529	8.33150804856121	0.656129673802826	0.515250014918552	0.951720455548195	-4.92553564973215	ZBTB7B	no	no	no
0.304056752023115	10.1475483454571	0.656113391333648	0.515260388770468	0.951720455548195	-4.92554215486688	PDIA5	no	no	no
-0.155027640147457	7.45394826301548	-0.655172611175254	0.51585996723139	0.951720455548195	-4.92591774669314	MAST4	no	no	no
0.185216373952562	11.1464461338864	0.654574417634738	0.516241403041318	0.951720455548195	-4.92615629364008	DDX21	no	no	no
-0.36172572704472	10.461574262972	-0.654103444586061	0.516541823694495	0.951720455548195	-4.92634395867435	SLBP	no	no	no
0.182236527965647	10.1317040635313	0.654092109078266	0.516549055456684	0.951720455548195	-4.92634847382902	ADIPOR2	no	no	no
-0.154685494246873	8.22638836579734	-0.653692162315681	0.516804245967098	0.951720455548195	-4.92650773175506	GMPPA	no	no	no
0.0951296572389981	7.98006589473744	0.653609960695082	0.516856704008325	0.951720455548195	-4.92654045252647	PIGQ	no	no	no
0.12757130834512	9.34688476157229	0.65340139118598	0.516989818188707	0.951720455548195	-4.92662345672015	MSL1	no	no	no
-0.295125457172814	9.51772979028497	-0.653092711000888	0.517186859193707	0.951720455548195	-4.92674625458295	M6PR	no	no	no
-0.251909258208108	9.35763400892802	-0.653061038275307	0.517207079243175	0.951720455548195	-4.92675885130262	TP53BP2	no	no	no
-0.141381376727006	7.50148395871583	-0.652858063497691	0.517336669563696	0.951720455548195	-4.92683956332431	NAAA	no	no	no
0.383351123427974	8.28307744361176	0.652408374508931	0.517623837856164	0.951720455548195	-4.92701829325418	TSPAN12	no	no	no
-0.135627703447189	8.58942519448251	-0.65215762157382	0.517784004035074	0.951720455548195	-4.92711790357957	USP33	no	no	no
0.267082548483148	8.31941058615979	0.652125031915759	0.517804822334739	0.951720455548195	-4.92713084692069	SMN1	no	no	no
0.0916392869181327	7.52389528103256	0.652088547586225	0.517828129085551	0.951720455548195	-4.92714533632713	FGF6	no	no	no
-0.201200685190075	8.47835694724371	-0.651954023127099	0.517914070234033	0.951720455548195	-4.9271987546314	CAMSAP2	no	no	no
-0.415575860863571	9.80387258347627	-0.651845152164138	0.517983628200786	0.951720455548195	-4.92724197834417	APOE	no	no	no
-0.490122321159138	8.11464679421309	-0.651603207046881	0.518138225531203	0.951720455548195	-4.92733800973204	CDKN2A	no	no	no
-0.105614574153025	8.02960055541136	-0.650585988772226	0.5187884746216	0.951720455548195	-4.92774137850315	ARHGAP25	no	no	no
-0.17576536067117	10.1988805250083	-0.650355732266024	0.518935724911044	0.951720455548195	-4.92783259957871	UBE2A	no	no	no
0.151494651239233	8.51500199739004	0.650135941334409	0.519076303254547	0.951720455548195	-4.92791964519271	H3C8	no	no	no
-0.263422486501842	9.86565861400014	-0.650038646191263	0.519138539756908	0.951720455548195	-4.92795816865192	PLEKHF2	no	no	no
0.148618213131511	9.81292351082356	0.649822421319728	0.519276865976217	0.951720455548195	-4.92804376158111	RBM10	no	no	no
-0.124959824134475	13.000463857392	-0.649724935631267	0.51933923724559	0.951720455548195	-4.92808234237341	BEX3	no	no	no
0.110467540822957	8.27757522110417	0.649704669790462	0.519352203817776	0.951720455548195	-4.9280903620458	LAS1L	no	no	no
-0.159603861922467	9.4937867259335	-0.649575621775172	0.519434775898947	0.951720455548195	-4.92814142368895	FADD	no	no	no
-0.220801305539388	9.65411289907747	-0.649435049218799	0.519524730003116	0.951720455548195	-4.92819703412841	SPTSSA	no	no	no
0.183659427971904	7.63527826705265	0.649278964070329	0.519624620555904	0.951720455548195	-4.92825876762558	ACOT8	no	no	no
-0.206987722608955	10.0511565842428	-0.64922226414255	0.519660909617953	0.951720455548195	-4.92828118953444	RRS1	no	no	no
0.117762393773078	8.57316275787592	0.648938519991703	0.519842531757275	0.951720455548195	-4.92839336715387	FEZ2	no	no	no
0.154244219487928	9.38441272001094	0.648876153399621	0.519882456609058	0.951720455548195	-4.9284180172527	AIP	no	no	no
-0.148173251434036	8.16549412665487	-0.648748837839302	0.519963964539907	0.951720455548195	-4.9284683309679	PRDM1	no	no	no
-0.147245820574197	8.71408942997564	-0.648672871918685	0.520012601476064	0.951720455548195	-4.92849834729287	RABL6	no	no	no
0.1209296896071	7.39964344733811	0.648576801840976	0.520074113512138	0.951720455548195	-4.92853630245337	NDST1	no	no	no
-0.367035811963395	8.85830243055124	-0.648566647218939	0.520080615570826	0.951720455548195	-4.92854031400012	H2BC9	no	no	no
0.113668727644706	7.07933085562784	0.648388116638213	0.520194936742488	0.951720455548195	-4.928610831881	CLPB	no	no	no
-0.206648378085847	12.0266691277429	-0.64823575971825	0.520292508346804	0.951720455548195	-4.92867099647896	S100A11	no	no	no
0.151131206242361	7.12695658388977	0.648114944167541	0.52036988733878	0.951720455548195	-4.92871869585007	ALDH1L1	no	no	no
0.206039352302175	10.4896116049911	0.647909233496252	0.520501653416911	0.951720455548195	-4.92879989289139	RBMS1	no	no	no
0.0866889651859236	12.4163401779569	0.647649555559064	0.520668013145834	0.951720455548195	-4.92890235580293	RPS10	no	no	no
-0.17789169862181	9.44011854305026	-0.647417893189664	0.520816448951316	0.951720455548195	-4.92899373069274	HGH1	no	no	no
-0.108492130377976	10.4628577556185	-0.646856731399546	0.521176102384848	0.951720455548195	-4.92921493863777	KHDRBS1	no	no	no
0.0945609197394375	7.43032358873364	0.646241624634934	0.521570481639516	0.951720455548195	-4.92945719709256	CEACAM3	no	no	no
-0.131272692260716	8.53343097790022	-0.646136462663946	0.521637922753527	0.951720455548195	-4.92949859245828	CLCN7	no	no	no
-0.296196353832117	10.7786558616892	-0.645840848644468	0.521827526986486	0.951720455548195	-4.92961492118419	CKS2	no	no	no
0.106685291200451	7.33974710977905	0.645684706003412	0.521927690312335	0.951720455548195	-4.92967634484285	RBFA	no	no	no
-0.291437585783799	8.17352774535639	-0.64556493073121	0.522004531415366	0.951720455548195	-4.92972345244929	MEGF6	no	no	no
-0.198902861659966	7.46381458255245	-0.645552546151975	0.522012477010963	0.951720455548195	-4.92972832281837	TXNL1	no	no	no
0.104675887881349	6.76733262983025	0.645454181853458	0.522075587047821	0.951720455548195	-4.92976700240881	NT5DC3	no	no	no
0.113408551075103	7.47136200395206	0.645379487634798	0.52212351319382	0.951720455548195	-4.92979637043134	CYP1A2	no	no	no
-0.243867154942357	8.77883946867476	-0.644713604266342	0.52255086824733	0.951720455548195	-4.93005803405987	RANBP6	no	no	no
0.0941954326655732	7.42498142824136	0.644642447425749	0.522596546758398	0.951720455548195	-4.93008598010396	TRMO	no	no	no
-0.146677141637948	10.1107762275804	-0.644467850787366	0.522708636540374	0.951720455548195	-4.9301545382399	SLTM	no	no	no
-0.183073108467441	9.60147417820092	-0.644443530656208	0.522724250903499	0.951720455548195	-4.9301640864907	RDH14	no	no	no
0.233709303624084	8.53856137494024	0.644138283736022	0.522920251047261	0.951720455548195	-4.93028389871141	SLCO3A1	no	no	no
0.18518505511475	11.359686143201	0.644084522116473	0.522954775622413	0.951720455548195	-4.9303049949197	NDUFS6	no	no	no
-0.270378904455673	8.15703532451219	-0.643905396793196	0.523069814860757	0.951720455548195	-4.93037527182621	LIF	no	no	no
-0.153830176368793	8.94797700396134	-0.643796666788082	0.523139650837807	0.951720455548195	-4.93041792099675	YIPF6	no	no	no
0.104209471991264	7.88647947089392	0.643730774945688	0.523181974788423	0.951720455548195	-4.93044376355557	DLGAP4	no	no	no
-0.154069079781852	8.65382375751262	-0.643729792377961	0.523182605929604	0.951720455548195	-4.93044414889585	CAST	no	no	no
-0.140515861383634	7.2471013184234	-0.643404068361881	0.52339185333602	0.951720455548195	-4.93057185875418	ABCA2	no	no	no
-0.0906543507124045	6.97815372828518	-0.643292857495333	0.523463306161428	0.951720455548195	-4.93061544790062	ABTB2	no	no	no
0.237127538426754	8.45521817480529	0.643200779521471	0.523522470051079	0.951720455548195	-4.93065153235231	HRAS	no	no	no
-0.215239983443353	9.24949944026359	-0.64307740303563	0.523601750090966	0.951720455548195	-4.9306998745021	STX16	no	no	no
0.218556654587003	7.88449909503466	0.642742631093105	0.523816902074663	0.951720455548195	-4.93083100147608	PIGZ	no	no	no
-0.171448470629525	10.1128306784942	-0.642421802616409	0.524023136877519	0.951720455548195	-4.93095660456664	NUCKS1	no	no	no
0.24246803379737	7.19848238078497	0.642350269439186	0.524069125674161	0.951720455548195	-4.9309846012034	SFTPB	no	no	no
-0.189716039375373	8.36988688226964	-0.64229643841808	0.524103735138101	0.951720455548195	-4.93100566757387	RAD54L	no	no	no
0.168237404192142	9.13260123575757	0.642153410549007	0.524195697634345	0.951720455548195	-4.93106163212021	KMT5B	no	no	no
-0.150198683646022	9.34693050276975	-0.641693105426047	0.524491717701051	0.951720455548195	-4.93124165989937	SH3GL1	no	no	no
-0.140055080043752	12.6402917735311	-0.641679295294519	0.524500600301653	0.951720455548195	-4.93124705917371	NPM1	no	no	no
-0.158970948674483	8.95573991739768	-0.641600244615305	0.524551446798942	0.951720455548195	-4.93127796302443	MOGS	no	no	no
-0.19650236089929	8.93628027548768	-0.641032430504864	0.524916749550661	0.951720455548195	-4.93149983376333	OSBPL11	no	no	no
-0.149218354258062	7.90885477492617	-0.640203898029396	0.525450027089806	0.951720455548195	-4.93182323591284	MORC2	no	no	no
0.187529203988732	10.2506942992986	0.640192224966861	0.525457542401731	0.951720455548195	-4.93182778936572	PSMA7	no	no	no
0.0969783270458227	7.10320918660817	0.640122540169574	0.525502407818227	0.951720455548195	-4.93185497047711	MFNG	no	no	no
-0.384057997275485	10.8661512834927	-0.6398470571531	0.525679792911802	0.951720455548195	-4.93196239662497	CLDN3	no	no	no
-0.144052225190407	6.99159527035351	-0.639737354716162	0.52575043976466	0.951720455548195	-4.9320051631731	CARD10	no	no	no
0.176868742696083	10.2178153416216	0.639620326642554	0.525825809766847	0.951720455548195	-4.93205077768761	MICU2	no	no	no
-0.252984547408065	10.3043994355348	-0.639405097228466	0.525964439654538	0.951720455548195	-4.93213464733283	CD74	no	no	no
0.141641223948883	7.040032159921	0.639400202901569	0.525967592329553	0.951720455548195	-4.93213655421292	VWA1	no	no	no
-0.299370037849985	10.9642297113673	-0.639326111976525	0.526015319134885	0.951720455548195	-4.93216541906338	LAPTM5	no	no	no
0.208111547708883	8.86167362333373	0.638849709757507	0.526322255664372	0.951720455548195	-4.93235094131612	UNC13B	no	no	no
-0.185471395889742	11.3126425489767	-0.638818751512734	0.526342204726987	0.951720455548195	-4.93236299252725	PRICKLE4	no	no	no
-0.105107237031078	7.41589523386033	-0.638575448024063	0.52649900003478	0.951720455548195	-4.93245768423035	FZR1	no	no	no
-0.388735895870504	10.9466569481503	-0.638430291552503	0.526592556915722	0.951720455548195	-4.93251416120044	DDIT4	no	no	no
-0.156220854683494	8.60691678401432	-0.638309415516178	0.526670471171885	0.951720455548195	-4.93256118168488	CAPRIN1	no	no	no
-0.165171448160703	12.7129373595519	-0.638274591537812	0.526692919137087	0.951720455548195	-4.9325747265194	LAPTM4B	no	no	no
0.180834062408951	11.1616443236529	0.638244526775511	0.526712299659855	0.951720455548195	-4.93258641967152	NDUFS2	no	no	no
0.182456345397791	12.0802363932434	0.63818254906792	0.526752253281508	0.951720455548195	-4.93261052310125	ALDOA	no	no	no
-0.219626106680783	11.5158140400065	-0.638116588481453	0.526794776205977	0.951720455548195	-4.93263617298838	GGCT	no	no	no
0.100056174331276	8.74358107141587	0.637811255609046	0.526991639309737	0.951720455548195	-4.93275487319656	CSNK1D	no	no	no
-0.179367957288475	10.5178129279894	-0.637654382851972	0.527092797998578	0.951720455548195	-4.93281583702568	YPEL5	no	no	no
0.144299845709658	10.120747708716	0.637211870165045	0.527378205583387	0.951720455548195	-4.93298772744255	PDCD6IP	no	no	no
-0.115896331485313	7.79727579081523	-0.637099198212602	0.527450888691621	0.951720455548195	-4.93303147537777	ARPIN	no	no	no
-0.129865915876843	7.82353960735594	-0.637033432198334	0.527493315876759	0.951720455548195	-4.93305700733114	QKI	no	no	no
0.14465047967723	9.22534153932539	0.637024771433823	0.527498903271622	0.951720455548195	-4.93306036945763	CNPPD1	no	no	no
0.132799064788572	7.7826451560679	0.636974587279493	0.527531279629781	0.951720455548195	-4.93307985017271	EFNB1	no	no	no
0.116296116734242	7.24979144492526	0.636632847990141	0.527751780975871	0.951720455548195	-4.93321246835761	MTOR	no	no	no
0.476490140775095	11.5221384226072	0.636559535046441	0.527799091217417	0.951720455548195	-4.93324090975855	SLC34A2	no	no	no
0.142715875050628	7.3680643512675	0.636515667438151	0.527827400892501	0.951720455548195	-4.9332579264592	TRAPPC10	no	no	no
0.189248853854597	8.30709192529869	0.636303122944695	0.527964576442883	0.951720455548195	-4.93334035850379	RGS10	no	no	no
-0.263849905161312	9.02606216584843	-0.636061947068244	0.528120253377758	0.951720455548195	-4.93343386231127	ORC3	no	no	no
-0.175963132537085	7.61816411940437	-0.635997479978339	0.528161870425905	0.951720455548195	-4.93345885033393	CD68	no	no	no
-0.196989486381201	8.43290096645679	-0.635766345852134	0.528311094420729	0.951720455548195	-4.93354841972162	POGZ	no	no	no
-0.293722133015948	8.59506561574047	-0.635470409442746	0.528502188290427	0.951720455548195	-4.93366305508569	ZNF195	no	no	no
-0.413073178909964	9.26546347952625	-0.635443372062479	0.528519648849751	0.951720455548195	-4.9336735258252	GPNMB	no	no	no
0.292975930098381	8.24299858590285	0.635112064366387	0.528733629837411	0.951720455548195	-4.93380179579705	TRIM29	no	no	no
0.117497034579528	8.24065701285319	0.634603104722815	0.529062439433792	0.951720455548195	-4.9339987190536	PIGO	no	no	no
0.110285933799287	7.70975217559307	0.634313220616173	0.529249765044023	0.951720455548195	-4.93411081034371	AVPR1B	no	no	no
-0.152714691696114	8.19536855404504	-0.634232305280433	0.529302059467089	0.951720455548195	-4.93414208947489	TNFRSF10B	no	no	no
-0.438612859360436	9.26649235758627	-0.633875601717535	0.529532624305866	0.951720455548195	-4.93427993267275	CTSV	no	no	no
0.179642276598424	9.34013577579361	0.633770957174436	0.52960027411955	0.951720455548195	-4.93432035679139	ZNF692	no	no	no
0.0819419658217512	7.21931778451142	0.633169906761585	0.529988924734135	0.951720455548195	-4.934552416273	MAU2	no	no	no
-0.152245260347657	10.3337112018026	-0.63315279513984	0.529999991629998	0.951720455548195	-4.93455901975716	RTN4	no	no	no
-0.179152559462939	9.00723067435398	-0.632924650045447	0.530147555477534	0.951720455548195	-4.93464704579711	ZNRD2	no	no	no
-0.185379276694925	8.22517133617935	-0.632890070030211	0.530169923656456	0.951720455548195	-4.93466038523153	INSIG2	no	no	no
-0.128187338941805	8.23113615238799	-0.632662472837305	0.530317157915948	0.951720455548195	-4.93474816440918	TRMT2A	no	no	no
0.128174296547779	8.73664900853968	0.632466472490934	0.530443969175519	0.951720455548195	-4.93482373273879	FLII	no	no	no
0.134421866705568	6.73004764559103	0.63211234877895	0.530673125887042	0.951720455548195	-4.93496020801815	EIF4G3	no	no	no
0.21126364481931	8.58794737360703	0.631915444015149	0.530800567273548	0.951720455548195	-4.9350360606792	TPRA1	no	no	no
0.136854355827653	7.05648001902981	0.631867049683349	0.530831891682977	0.951720455548195	-4.93505469986709	DDX19A	no	no	no
-0.217607566922998	9.76276384669718	-0.631584083739185	0.531015067718817	0.951720455548195	-4.93516365701189	SLC25A1	no	no	no
0.104940317378407	8.25795810377574	0.631327615727006	0.531181119180548	0.951720455548195	-4.9352623699491	ARAP1	no	no	no
0.103929351358635	7.65331059863726	0.631326695323106	0.531181715149628	0.951720455548195	-4.93526272413648	TMEM204	no	no	no
0.0991275621172973	7.4912707873666	0.631237544131889	0.531239442941773	0.951720455548195	-4.93529702867646	MEF2D	no	no	no
0.118870047394866	7.70729305471003	0.631107950496643	0.531323364177489	0.951720455548195	-4.93534688667175	CNTNAP1	no	no	no
0.109969319481544	9.14711563739404	0.631052105404107	0.531359530052766	0.951720455548195	-4.93536836863636	CNP	no	no	no
0.139786769654317	7.96019692856589	0.63102383028045	0.531377841816067	0.951720455548195	-4.93537924453859	C1orf159	no	no	no
0.191067370893853	10.2497144344745	0.630881637990307	0.53146993455388	0.951720455548195	-4.9354339309819	BABAM1	no	no	no
-0.122753519903215	11.0954799773377	-0.630819465090092	0.531510204296107	0.951720455548195	-4.93545783859553	GOLPH3	no	no	no
0.144951676337506	6.93887916915643	0.630760083302526	0.531548667713924	0.951720455548195	-4.93548067078732	TDRD3	no	no	no
0.355174115088043	8.15009905716851	0.629905858336525	0.53210213721794	0.95197250046787	-4.93580888703013	CSTA	no	no	no
-0.254842735187461	8.29418320628319	-0.629604872291036	0.532297224094631	0.95197250046787	-4.93592443072527	PTEN	no	no	no
0.166236706554983	7.8064380699048	0.629371645314305	0.53244841808718	0.95197250046787	-4.93601392580485	PRKAR1B	no	no	no
0.198202738875314	10.0093071255307	0.629264127435796	0.532518126253863	0.95197250046787	-4.93605517224934	NOP2	no	no	no
0.313376805565503	10.5517110157609	0.629147478730961	0.532593759711384	0.95197250046787	-4.9360999137327	ZFP36	no	no	no
-0.142140556374748	10.500270398814	-0.628974077869711	0.532706200908821	0.95197250046787	-4.93616640799319	SLC12A7	no	no	no
-0.129729127553988	8.37318606742927	-0.62895267749393	0.532720078771665	0.95197250046787	-4.93617461318584	ARHGEF2	no	no	no
0.20073454649823	10.1551596724659	0.628904708298534	0.53275118685345	0.95197250046787	-4.93619300423392	DCTN6	no	no	no
0.137769376309911	8.34347852606238	0.628724373296387	0.532868142835464	0.95197250046787	-4.93626213116238	GTPBP3	no	no	no
0.0813390830637671	7.25512876999323	0.627754210473737	0.533497571112332	0.95197250046787	-4.93663368738301	CDHR2	no	no	no
0.123927232166972	7.82949102870959	0.627571011535114	0.533616471715501	0.95197250046787	-4.9367037867679	NLE1	no	no	no
0.238604324376478	9.2052647990874	0.627250793684912	0.533824334242561	0.95197250046787	-4.9368262672911	BCL6	no	no	no
-0.152924949937859	7.49992662219248	-0.626791426940375	0.53412259621377	0.95197250046787	-4.93700186466625	ETNK2	no	no	no
-0.118878868475509	8.47261204917748	-0.626704565938524	0.534179003936719	0.95197250046787	-4.93703505402845	NFE2L2	no	no	no
-0.103147915303843	8.64746819810348	-0.626680184336274	0.534194837961793	0.95197250046787	-4.93704436936931	SEC61B	no	no	no
-0.510997548418235	9.96632027248385	-0.626469797460989	0.534331478676001	0.95197250046787	-4.93712473601926	HOXB2	no	no	no
-0.188062962676108	7.17259224982946	-0.625845311657258	0.534737173247725	0.95197250046787	-4.93736313132976	TSC22D4	no	no	no
0.101907341613519	7.82663534746276	0.625447199977669	0.534995888771081	0.95197250046787	-4.93751498814162	CAV3	no	no	no
0.180092458380024	11.2188980877548	0.625355487872428	0.535055497752863	0.95197250046787	-4.93754995771134	MLF2	no	no	no
-0.363787837519033	11.3788293425355	-0.625341932452195	0.535064308495652	0.95197250046787	-4.93755512593125	MUC1	no	no	no
0.211532034427885	8.90622941695587	0.625304557343121	0.535088601935833	0.95197250046787	-4.93756937522142	MYBL2	no	no	no
-0.189682495639944	8.71149521581508	-0.625074473538758	0.535238166746324	0.95197250046787	-4.93765707657059	TMCO6	no	no	no
-0.162586716255317	7.12852925618092	-0.625062037290213	0.535246251488111	0.95197250046787	-4.93766181601579	TCERG1	no	no	no
-0.145866350449854	11.229581104503	-0.625028125294334	0.535268297827613	0.95197250046787	-4.93767473938552	CSDE1	no	no	no
-0.235844714080754	8.81184716660178	-0.624831829631259	0.535395919822027	0.95197250046787	-4.93774953138796	WDR11	no	no	no
0.113411394996815	12.4400210226139	0.624790948341559	0.535422500866834	0.95197250046787	-4.93776510497688	COX8A	no	no	no
0.0875571223758952	9.99565537019984	0.624682945789605	0.535492727518188	0.95197250046787	-4.93780624340535	BAG6	no	no	no
0.178580267075873	10.2225105861001	0.624594860920272	0.535550006624282	0.95197250046787	-4.93783979000873	SEC24C	no	no	no
0.112024882435166	6.7980834106792	0.624536421793074	0.535588009703929	0.95197250046787	-4.93786204366146	ATP6V0A2	no	no	no
0.178401441871856	11.2756430342908	0.624446237392142	0.535646659557949	0.95197250046787	-4.93789638194947	TMEM230	no	no	no
-0.168638495868644	9.60039413567885	-0.624381462204315	0.535688787039838	0.95197250046787	-4.93792104253416	GOLGB1	no	no	no
0.164523874902851	11.3651408715616	0.624307383733476	0.535736967164602	0.95197250046787	-4.9379492419184	SND1	no	no	no
-0.172648537144077	9.95235895372034	-0.623937694556259	0.535977444221971	0.95197250046787	-4.93808992240948	RER1	no	no	no
0.17083375886085	9.97618969754654	0.623725436486182	0.536115540218819	0.95197250046787	-4.93817065779683	RASSF7	no	no	no
0.0959881120660603	7.42407852827654	0.62355630011345	0.536225594331888	0.95197250046787	-4.93823497206018	DHRS7	no	no	no
0.21919970416227	9.64657919581057	0.623451417956548	0.536293845251038	0.95197250046787	-4.9382748450569	LZTS3	no	no	no
0.101425130704858	7.06229090771668	0.623331995355002	0.536371563716697	0.95197250046787	-4.9383202379261	KIAA1614	no	no	no
-0.190170384667331	10.0589231741124	-0.623200987950561	0.536456828149791	0.95197250046787	-4.93837002446109	ABL1	no	no	no
0.15671759756084	8.52020923180602	0.622950062319675	0.536620159482331	0.952021263845199	-4.93846535484508	ADD1	no	no	no
0.349946432906017	10.7657535274113	0.622646590771922	0.536817728351651	0.952021263845199	-4.93858059820081	WT1	no	no	no
-0.189417276641562	7.85760111215113	-0.622580593496456	0.536860699524724	0.952021263845199	-4.93860565342641	REPIN1	no	no	no
-0.201342181621988	8.4378603482359	-0.621864725878237	0.537326919725077	0.952625389456514	-4.93887725925896	DCAF10	no	no	no
0.101078453725232	6.65067134730771	0.621486625366038	0.537573248688866	0.952694447236564	-4.93902059063031	GRAP2	no	no	no
0.337675855738009	11.7252154930514	0.62126432370062	0.537718103563305	0.952694447236564	-4.93910482167454	MT1F	no	no	no
0.147567230302044	8.54056798548195	0.621061565437465	0.537850241377452	0.952694447236564	-4.93918162202019	PIK3IP1	no	no	no
-0.191420021306666	8.23611375861137	-0.620906090866674	0.537951575782545	0.952694447236564	-4.93924049579148	ELK3	no	no	no
0.117511196241728	8.30748897226332	0.62058852830094	0.538158585884032	0.952694447236564	-4.93936070298986	ATMIN	no	no	no
-0.109669393370118	7.4709590598799	-0.620488182476873	0.538224007107839	0.952694447236564	-4.93939867450331	AP5Z1	no	no	no
-0.17742428481447	9.24663137037024	-0.620456381163312	0.538244741078433	0.952694447236564	-4.93941070707811	CDK2AP2	no	no	no
0.127863296048365	6.6621166006981	0.620093732771102	0.538481211631877	0.952890726180662	-4.9395478788152	F12	no	no	no
0.151261001765708	8.66770509288566	0.619076604913712	0.539144733493973	0.953044097167144	-4.93993219010863	DRG2	no	no	no
-0.161599765054302	7.62514536626673	-0.618933542088621	0.53923809433205	0.953044097167144	-4.9399861955715	VAV2	no	no	no
-0.176685924353472	7.48586752532462	-0.618855065661539	0.539289310533794	0.953044097167144	-4.94001581483956	FAM172A	no	no	no
0.193892927147103	7.67428864295059	0.618769344308446	0.53934525788674	0.953044097167144	-4.94004816436629	PELI1	no	no	no
0.171257935476179	9.18440013864508	0.618750450077963	0.539357589900265	0.953044097167144	-4.94005529408376	SCMH1	no	no	no
0.135766861709524	7.72931041602593	0.618708274529889	0.539385117848372	0.953044097167144	-4.94007120821537	ZNF473	no	no	no
-0.113458855063017	6.7369506327511	-0.618232535887213	0.539695682552545	0.953044097167144	-4.94025064576852	GINS2	no	no	no
-0.155162612912268	7.51442002909266	-0.617910831800415	0.539905745201775	0.953044097167144	-4.94037190877811	SP100	no	no	no
0.167797315971357	10.4906554998477	0.617773092350408	0.53999569768132	0.953044097167144	-4.94042380941101	GID8	no	no	no
-0.236222003396838	7.39609881162588	-0.6167758540618	0.540647188214271	0.953044097167144	-4.94079923512869	ELL3	no	no	no
0.158054687028918	7.79501733370492	0.616759038000072	0.540658177545982	0.953044097167144	-4.94080556072237	MYOZ1	no	no	no
-0.237413915517651	8.90120227530549	-0.616495202796346	0.540830609541603	0.953044097167144	-4.94090478395088	KIAA0753	no	no	no
0.251075017959458	8.2122846721867	0.616454363475043	0.54085730300978	0.953044097167144	-4.94092013911497	TP53TG3	no	no	no
0.130876028868313	8.39547107335441	0.616447506262159	0.540861785100022	0.953044097167144	-4.94092271725909	EIF4EBP2	no	no	no
-0.173972968868128	10.4745560444407	-0.616312912035646	0.540949764014699	0.953044097167144	-4.94097331572915	VAMP3	no	no	no
-0.121997236089382	7.94394297100717	-0.615925442896326	0.541203078572646	0.953044097167144	-4.94111891816327	TCF7	no	no	no
0.144623922017436	8.19948619805957	0.615450583699789	0.541513609506651	0.953044097167144	-4.94129723806159	USP5	no	no	no
-0.213653977518974	10.1372392879246	-0.615414461539037	0.541537235116229	0.953044097167144	-4.94131079722337	SEPHS2	no	no	no
0.117903678830919	8.90762679971511	0.614950841003492	0.541840512270069	0.953044097167144	-4.94148475736152	PLXNB2	no	no	no
0.133973013340134	7.6041713056299	0.61474130947578	0.541977606003893	0.953044097167144	-4.94156333601909	RIN1	no	no	no
-0.273047800958529	8.23034715885182	-0.614646275708738	0.542039791258063	0.953044097167144	-4.94159896703661	MAP3K5	no	no	no
-0.172019300293959	10.4370625759714	-0.614632877313498	0.542048558781497	0.953044097167144	-4.94160399006573	TOP2B	no	no	no
-0.196441089975651	8.39182132080639	-0.614564837530969	0.542093083183237	0.953044097167144	-4.94162949638306	THAP7	no	no	no
-0.267688787464961	7.72144698474286	-0.614306045974017	0.542262450465744	0.953044097167144	-4.9417264853377	PDZD8	no	no	no
-0.213747871725995	10.3015019939825	-0.614294406220453	0.542270068796075	0.953044097167144	-4.9417308467055	GNPAT	no	no	no
-0.214998689976839	8.79476116123547	-0.614019442315695	0.542450051377926	0.953044097167144	-4.94183385110294	EXOSC8	no	no	no
0.139342351278889	7.97906728415003	0.614001138699533	0.54246203343438	0.953044097167144	-4.94184070623472	EGFR	no	no	no
-0.153207765306984	12.7993809201536	-0.613486891059647	0.542798730072267	0.953044097167144	-4.94203322250118	MIF	no	no	no
0.208011396695212	9.1599634821368	0.613439943608367	0.542829473645952	0.953044097167144	-4.94205079013962	DYRK4	no	no	no
-0.120533672613015	7.74215766443731	-0.613347796549979	0.542889818827812	0.953044097167144	-4.942085267563	NDUFS7	no	no	no
0.582105259802035	8.93193337196009	0.613322555839292	0.542906349045174	0.953044097167144	-4.942094710658	OVGP1	no	no	no
0.141639698057577	10.3500598727079	0.613256620867278	0.542949531281466	0.953044097167144	-4.94211937656621	NMD3	no	no	no
0.157433670486612	9.94537703574869	0.612711383477864	0.543306686892267	0.953044097167144	-4.94232324769618	ARHGAP17	no	no	no
-0.12681596431023	8.68419685469963	-0.612678816525739	0.543328023578449	0.953044097167144	-4.9423354192903	TMEM185B	no	no	no
0.144032244567851	8.50895501033814	0.61255734519573	0.54340761099903	0.953044097167144	-4.94238081249691	GALE	no	no	no
0.175053183878656	7.60955762002152	0.61236692175368	0.543532387596621	0.953044097167144	-4.942451955076	CHAF1B	no	no	no
-0.275369494874608	10.771499961181	-0.612350911434031	0.543542879168986	0.953044097167144	-4.94245793557989	CLDN7	no	no	no
0.140559380273117	11.296707988885	0.612200127884107	0.543641692841238	0.953044097167144	-4.94251425186823	AP3S1	no	no	no
-0.160228794941504	8.07749194576684	-0.61211627589017	0.543696647955372	0.953044097167144	-4.94254556397223	SLC35A2	no	no	no
-0.195218614302859	8.71814606190036	-0.612000401555707	0.543772594654687	0.953044097167144	-4.9425888270064	TMEM186	no	no	no
0.123632469197469	8.71947312048923	0.611939639872637	0.543812421440698	0.953044097167144	-4.94261150989526	RBM17	no	no	no
-0.141673125316288	8.61278532170955	-0.611664899438451	0.543992521256379	0.953044097167144	-4.94271404556495	GEMIN4	no	no	no
-0.365806500741065	9.07384287216731	-0.611651971819831	0.544000996417949	0.953044097167144	-4.94271886916491	SLC7A5	no	no	no
0.19787393606613	8.87395582781512	0.611509762130374	0.544094231540336	0.953044097167144	-4.94277192439406	IMPDH1	no	no	no
-0.0925150367935492	9.62828021290918	-0.610913318522682	0.54448535983007	0.953359039971277	-4.94299431293123	PTBP1	no	no	no
-0.33285952144927	10.6977362740496	-0.610801604654979	0.544558634227638	0.953359039971277	-4.94303594274995	C1QA	no	no	no
-0.208209762836946	7.94383848103374	-0.61066086542589	0.544650953910844	0.953359039971277	-4.94308837820198	PIGN	no	no	no
-0.266646538405583	8.25606380934256	-0.610149626023035	0.544986375606565	0.953726157311489	-4.94327875231294	CENPS	no	no	no
-0.181632446420337	9.14200112826367	-0.609696816145973	0.545283550633831	0.954026189119093	-4.94344723863183	TRIM21	no	no	no
0.224528603008947	7.72033252932822	0.609177786571023	0.545624287447134	0.954402280578343	-4.9436402145205	MAP4K1	no	no	no
-0.17441219945831	8.45721286512161	-0.60869562000781	0.545940922077536	0.95452999222754	-4.94381934097466	MAPKAPK2	no	no	no
0.176238433242098	10.1485402426599	0.608563866040209	0.546027460179673	0.95452999222754	-4.94386826392244	VEZF1	no	no	no
0.139279158751246	7.62635865682475	0.608376269762884	0.546150688547284	0.95452999222754	-4.94393790442716	SLC7A1	no	no	no
-0.1393440802722	11.8469629336505	-0.608032495088099	0.546376544517653	0.95452999222754	-4.94406546793241	MORF4L1	no	no	no
-0.287061143184147	8.23218495119875	-0.607984190328011	0.546408284023066	0.95452999222754	-4.94408338660524	POLE2	no	no	no
0.153091816544491	7.67053926607835	0.607868643403979	0.546484210030146	0.95452999222754	-4.94412624315228	TMF1	no	no	no
-0.397954113951519	11.838680631287	-0.607631279778009	0.546640198895923	0.95452999222754	-4.94421425677476	CRABP2	no	no	no
-0.166039126072176	9.70799916008896	-0.607534728024952	0.546703656592105	0.95452999222754	-4.94425004823536	PRRC1	no	no	no
0.0916958816006985	7.34065082904166	0.607305331539398	0.546854440336286	0.954561881491658	-4.94433506259622	TFB1M	no	no	no
0.249704913062031	10.5516694251508	0.607124193124658	0.5469735188094	0.954561881491658	-4.94440217036739	MAEA	no	no	no
0.128514891118467	10.768585038016	0.606764214520952	0.547210204366435	0.954755353123134	-4.94453547646212	AKR1A1	no	no	no
0.135930590367284	7.51739410282785	0.606442714867249	0.547421634402205	0.954820531707545	-4.94465446791281	MAP3K9	no	no	no
-0.225204732828022	8.6496182891574	-0.606324744035008	0.547499226866042	0.954820531707545	-4.94469811510331	P3H1	no	no	no
-0.120523857746909	9.47571717294331	-0.605901160827559	0.547777874890703	0.954868052868668	-4.94485476532947	MYO1C	no	no	no
0.259183292136639	12.279171075167	0.60583271831778	0.547822905607103	0.954868052868668	-4.94488006681969	MARCKSL1	no	no	no
-0.15868562360116	9.80583343322737	-0.605709479604299	0.547903993435712	0.954868052868668	-4.94492561806535	UBE2D2	no	no	no
0.102240484742964	6.99525217363927	0.604849438366885	0.54847004887416	0.955293231214731	-4.94524325290563	ADCY9	no	no	no
0.149595165088338	7.87948935105087	0.604808152857295	0.548497229378377	0.955293231214731	-4.94525848959807	WDR4	no	no	no
0.163782966439426	9.90544948552646	0.604669173222486	0.548588732318054	0.955293231214731	-4.94530977349592	FN3KRP	no	no	no
-0.16911297198313	11.0379309978716	-0.6041842955875	0.548908032477832	0.955293231214731	-4.94548860467733	PSMD14	no	no	no
0.432071045507141	9.6370669669529	0.604173901696966	0.54891487807076	0.955293231214731	-4.94549243658885	GMPR	no	no	no
0.159977217100864	7.47732838961525	0.604097949510771	0.548964902795202	0.955293231214731	-4.94552043589773	GGT1	no	no	no
0.109361759550185	8.61191683868645	0.603993480478928	0.549033713500745	0.955293231214731	-4.94555894215255	PLCG1	no	no	no
0.319909666739433	9.53268384933169	0.60372464814064	0.549210805779731	0.955293231214731	-4.94565800120555	CYBRD1	no	no	no
0.185643172819239	8.30485576185942	0.603539099047418	0.549333052551849	0.955293231214731	-4.94572634702111	RAB35	no	no	no
0.0710441529555786	10.120518317763	0.603427001063559	0.549406913682273	0.955293231214731	-4.94576762765281	RPLP1	no	no	no
0.257519173004307	9.79484459755043	0.602804689019699	0.549817045986686	0.955510324315145	-4.94599666095228	UBE2M	no	no	no
-0.203999784266551	9.4991576717689	-0.602426053455602	0.550066660678747	0.955510324315145	-4.94613589959457	PI4KA	no	no	no
0.101032063427341	9.44124476557349	0.60223878323956	0.550190139529803	0.955510324315145	-4.94620473437243	RPL27A	no	no	no
0.117856260932738	7.95924570607096	0.602223926425187	0.550199936152696	0.955510324315145	-4.94621019438619	U2SURP	no	no	no
0.0818817889431208	7.19674085372532	0.602152113701282	0.55024729090775	0.955510324315145	-4.94623658435781	POM121L2	no	no	no
0.260192571991349	7.48043725653262	0.602091426054622	0.550287311183077	0.955510324315145	-4.94625888365418	FBXO17	no	no	no
-0.12885500818908	7.76359140459597	-0.601694313284493	0.550549222555097	0.955746396876704	-4.94640474608934	PHIP	no	no	no
-0.21137330826849	9.86976121661293	-0.601206197058834	0.550871241268581	0.956086683153247	-4.9465839060075	SUCO	no	no	no
0.187331726046329	10.0898068713344	0.600506396938347	0.551333078815755	0.956669426493013	-4.94684051541174	EIF2D	no	no	no
-0.120444574198541	9.30159011332556	-0.600241299141951	0.551508083250323	0.956754306287939	-4.94693764777905	TIMM23	no	no	no
0.0948948472407642	7.79427722490956	0.600049217205811	0.551634903888574	0.956755577304342	-4.94700800081644	HEXA	no	no	no
0.0829525409392584	8.60337344717169	0.599449917510376	0.552030682289716	0.95715353823487	-4.94722736242616	RPLP2	no	no	no
-0.115434575455992	6.97078642997433	-0.599319792092251	0.552116636380341	0.95715353823487	-4.94727496393056	FER	no	no	no
0.209129282468791	9.11773570923012	0.598971427192095	0.552346781617032	0.957165620595284	-4.94740235048159	BACE1	no	no	no
0.218589339213954	6.88222693257663	0.598927371986459	0.552375889903367	0.957165620595284	-4.94741845499028	CNOT3	no	no	no
-0.260531235183522	7.82614718599302	-0.598252502098534	0.552821889344971	0.957719748025033	-4.94766501101992	TJP3	no	no	no
0.192966162816446	10.0492770395541	0.598008312206018	0.55298331150069	0.957768225954157	-4.94775415611763	APP	no	no	no
0.140761003620826	11.3410050079093	0.597828313938167	0.553102314988286	0.957768225954157	-4.94781984436113	COX5B	no	no	no
0.167332533181899	10.6179318196816	0.597173263810724	0.553535502461176	0.957968480860224	-4.94805873410464	ATP5MC3	no	no	no
-0.13797029578366	7.63351902052324	-0.596980118090154	0.553663263400811	0.957968480860224	-4.94812912343264	MBD1	no	no	no
0.120704570617819	8.79989085855242	0.596933626921179	0.553694018349251	0.957968480860224	-4.94814606318459	TBC1D13	no	no	no
0.116178312602923	10.7440129386742	0.596764032842475	0.553806215969954	0.957968480860224	-4.94820784639468	SUMO4	no	no	no
0.145050008738719	7.68668107360662	0.596351582541284	0.55407912702418	0.957968480860224	-4.94835803067599	NR2F6	no	no	no
-0.123615671592874	9.31782374927783	-0.595724080576994	0.554494464630743	0.957968480860224	-4.94858632649473	NKRF	no	no	no
0.146547429534538	7.8172532255524	0.595692881478607	0.554515119132255	0.957968480860224	-4.94859767112613	SYNGR1	no	no	no
-0.161692379973661	7.80608762241669	-0.595267421074267	0.554796822321398	0.957968480860224	-4.94875231931069	ZNF672	no	no	no
-0.121848055652768	10.0750970700977	-0.595257553075771	0.554803356918468	0.957968480860224	-4.94875590489239	ATXN10	no	no	no
-0.224934432996039	10.7799134310015	-0.595169340421757	0.554861773144303	0.957968480860224	-4.9487879547775	CTSH	no	no	no
-0.148414955622549	6.78199101913769	-0.595101955012514	0.554906399239386	0.957968480860224	-4.94881243447189	IL22RA1	no	no	no
-0.118643949582545	7.52587595846125	-0.595063216707697	0.554932054565967	0.957968480860224	-4.948826506053	BRAF	no	no	no
0.150098331085011	8.28823269819012	0.594808420088862	0.555100814399553	0.957968480860224	-4.94891903791008	AGAP1	no	no	no
-0.276017274979546	9.55881393461398	-0.594443237319744	0.555342731727078	0.957968480860224	-4.94905159004719	MTHFD2	no	no	no
0.207649523297528	7.98379609399526	0.594370893946308	0.555390662318272	0.957968480860224	-4.94907783942812	CLSTN3	no	no	no
-0.164592083317609	7.73121192410924	-0.59421892698297	0.555491353768951	0.957968480860224	-4.94913296960895	PTCD2	no	no	no
0.148623955247333	7.12671390427005	0.594001977809969	0.555635117629094	0.957968480860224	-4.94921164999746	CDC42BPA	no	no	no
-0.257770976022013	8.24046358409387	-0.593902105550412	0.555701305449884	0.957968480860224	-4.9492478609714	SPA17	no	no	no
0.104186559467994	7.42261888453914	0.593839374945469	0.555742880613495	0.957968480860224	-4.94927060234605	TACO1	no	no	no
-0.101655832640768	6.5838270674775	-0.593559836867429	0.555928165612117	0.957968480860224	-4.94937191318284	CARD8	no	no	no
-0.186405312476499	9.49223451513428	-0.593465389691362	0.55599077467326	0.957968480860224	-4.94940613241181	ZNF22	no	no	no
0.217212252621314	9.63522725346034	0.593441820093348	0.556006399522194	0.957968480860224	-4.94941467110133	UBL3	no	no	no
0.143791415100447	8.81740766199906	0.593267963169746	0.556121660277976	0.957968480860224	-4.94947764497953	SIRT7	no	no	no
-0.291398039150331	9.44841999302032	-0.592897150036577	0.556367536082242	0.958174503811179	-4.94961189944027	JAG2	no	no	no
-0.345162431766069	8.26985534029226	-0.592595995028236	0.556567263916004	0.958300975401552	-4.94972087352033	SLC2A3	no	no	no
0.257498873995263	8.73710722369531	0.591808806059354	0.557089503298578	0.95858302108292	-4.95000546526651	CDC42EP1	no	no	no
-0.149662290177027	8.46542115137464	-0.591652742773185	0.557193068641418	0.95858302108292	-4.95006184277729	TTPAL	no	no	no
-0.114501707352192	7.41066308835449	-0.591591610739608	0.557233639188902	0.95858302108292	-4.95008392262575	EHD3	no	no	no
-0.192921297050571	12.4912802060933	-0.591255806597082	0.557456523667872	0.95858302108292	-4.95020516959235	MTCH1	no	no	no
-0.137556206805806	7.46496602259763	-0.591218617482121	0.557481210094901	0.95858302108292	-4.95021859312454	CASP2	no	no	no
0.102756987161438	7.09139466453531	0.59120681496659	0.557489044812721	0.95858302108292	-4.95022285310846	PDCD2	no	no	no
0.116265007259459	8.44750098978113	0.590973813469447	0.557643726673454	0.958631762120111	-4.95030693533475	POU5F1B	no	no	no
-0.336737815771112	10.5243974591834	-0.590557212650093	0.55792034783887	0.958633974804065	-4.95045719150005	UBE2C	no	no	no
-0.245970117196886	9.74564901157718	-0.590549385667004	0.557925545583548	0.958633974804065	-4.95046001348094	MOB1A	no	no	no
-0.173129193873829	8.24520225508491	-0.590290613350927	0.558097404891499	0.958633974804065	-4.95055329200381	DNAJC9	no	no	no
0.168306404718937	9.75120256193377	0.590142614500571	0.558195707833868	0.958633974804065	-4.95060662253836	DPAGT1	no	no	no
0.0937496002821505	7.79401540866655	0.589704812110506	0.558486553431469	0.958633974804065	-4.95076430558708	CDS2	no	no	no
-0.163303832034392	8.52927079080463	-0.589678391040279	0.558504108200803	0.958633974804065	-4.95077381798975	GDPD5	no	no	no
0.0950199518401807	8.20796722526785	0.589587087897495	0.558564774255192	0.958633974804065	-4.95080668673845	RAI1	no	no	no
-0.138344974183067	9.89979436030383	-0.589398950451609	0.558689791977392	0.958633974804065	-4.95087439974256	RPS15A	no	no	no
0.150632366541067	7.96915471938212	0.589176194361011	0.55883783205633	0.958633974804065	-4.95095454511427	PPP2R5B	no	no	no
0.135821994261767	10.3956945207271	0.589070067661671	0.558908369073956	0.958633974804065	-4.95099271800384	AGPAT1	no	no	no
-0.17574823057295	9.28145434034681	-0.588509146750571	0.559281259010092	0.958878137357409	-4.95119436492479	COMMD9	no	no	no
-0.0845022800010715	8.14701539673418	-0.588367586601604	0.559375385354703	0.958878137357409	-4.95124522507495	PHF2	no	no	no
-0.122252336223044	10.008533125475	-0.588150635173146	0.559519656404601	0.958878137357409	-4.95132314881496	SCNM1	no	no	no
0.182964782560118	7.41435465410991	0.588095696808391	0.559556192965024	0.958878137357409	-4.95134287689754	CLMN	no	no	no
0.105874856397063	7.91241410686565	0.58787574788998	0.559702481198389	0.958912266275316	-4.95142184137158	TOB2	no	no	no
0.277323948054127	9.68353033880264	0.587350699683623	0.560051768882865	0.959017673790415	-4.9516102236454	ERO1A	no	no	no
-0.152537334253394	7.770901906405	-0.587220259423388	0.560138561071042	0.959017673790415	-4.95165699884311	RDH5	no	no	no
0.0926217982279843	11.7209094013543	0.586836412754084	0.56039400366906	0.959017673790415	-4.95179458533617	SUMO3	no	no	no
0.127906388822545	8.27646702416676	0.586832763480184	0.560396432471247	0.959017673790415	-4.9517958929645	MFSD11	no	no	no
0.294568821201029	9.918413281182	0.586543017429913	0.560589292025164	0.959017673790415	-4.95189969102269	LXN	no	no	no
0.134600861640344	9.41662997962462	0.586118835002092	0.560871694574121	0.959017673790415	-4.95205155890786	POLR2L	no	no	no
0.266289500559087	8.49736341352179	0.585865932139612	0.5610401004254	0.959017673790415	-4.95214205332131	FAIM	no	no	no
0.239072098597834	8.39159566257223	0.585831203370695	0.561063227993775	0.959017673790415	-4.95215447708508	IL1B	no	no	no
-0.240028171198489	8.81652652292433	-0.585825936030806	0.56106673581211	0.959017673790415	-4.95215636134428	TREM2	no	no	no
0.109137454125656	9.37016734156583	0.585722845867939	0.5611353915706	0.959017673790415	-4.9521932359388	SF3A1	no	no	no
-0.153561514502746	7.1117954309696	-0.585694525591939	0.561154252982267	0.959017673790415	-4.95220336478264	BTK	no	no	no
0.0964546452843065	8.91986372602348	0.584810665491064	0.56174306676683	0.959428995017205	-4.95251923968246	YEATS2	no	no	no
0.121839315086386	9.30932149408365	0.584803012745759	0.561748166256177	0.959428995017205	-4.95252197259215	HMBS	no	no	no
0.176124067676188	7.17315547536642	0.584763866576798	0.561774252090332	0.959428995017205	-4.95253595172704	ZC2HC1C	no	no	no
0.0909693699699095	6.67106828712967	0.584491628763729	0.561955679979297	0.959522884717126	-4.95263314280438	TM6SF2	no	no	no
-0.21188356069552	8.62139425749755	-0.5841594206628	0.562177113672059	0.95954653214633	-4.95275168380004	LAD1	no	no	no
0.159555102013479	9.73186931195007	0.584007371751333	0.56227847660532	0.95954653214633	-4.95280591705248	FBXL5	no	no	no
0.343128292158039	7.40220485513085	0.583418180186865	0.562671345630175	0.95954653214633	-4.95301594122446	TPSAB1	no	no	no
0.240080900821371	8.9191298214962	0.583262893693603	0.562774912471189	0.95954653214633	-4.95307126037644	ZWILCH	no	no	no
0.142809463139054	9.10791170042799	0.58320515246115	0.562813424862963	0.95954653214633	-4.95309182639968	KPNA3	no	no	no
0.100242877801013	8.67247639949531	0.583152576848723	0.562848493021882	0.95954653214633	-4.95311055082269	YLPM1	no	no	no
-0.49659758765143	9.47259751898972	-0.583136246599556	0.562859385590289	0.95954653214633	-4.95311636638645	RSAD2	no	no	no
0.0797144152674109	8.31460320039745	0.582899562074023	0.563017270227615	0.95954653214633	-4.95320063711033	STOML1	no	no	no
-0.0843686528894634	7.63515890827876	-0.582476417733296	0.563299591324689	0.95954653214633	-4.95335121284167	FOXJ2	no	no	no
0.259575202330478	12.1719971196346	0.582356092204708	0.563379885192182	0.95954653214633	-4.95339401110019	RPL36	no	no	no
0.127000984385835	10.9209214448854	0.582324550571996	0.563400934037109	0.95954653214633	-4.95340522862681	TMEM50A	no	no	no
0.173638105552807	7.3099361220517	0.581904882680771	0.563681030586277	0.95954653214633	-4.95355442356645	BICDL1	no	no	no
0.0663155179365557	6.90377228953061	0.581748252154646	0.563785587406852	0.95954653214633	-4.95361007988104	CCDC57	no	no	no
-0.112619029856834	8.83219620814766	-0.58170542635355	0.563814176938528	0.95954653214633	-4.95362529483771	EIF4E2	no	no	no
0.157946171400974	10.8278736327045	0.581627252015345	0.56386636621514	0.95954653214633	-4.95365306543741	BLCAP	no	no	no
-0.186034865511823	8.05736362004415	-0.581426655154779	0.564000295929171	0.959559247872321	-4.95372430863025	IKBKB	no	no	no
-0.109126632020919	8.15287250522261	-0.580924636203615	0.564335541444411	0.959694174553057	-4.95390249835553	DCTN4	no	no	no
-0.19036905654286	10.6215175844118	-0.580902326218383	0.564350442235342	0.959694174553057	-4.95391041370628	ATP6V0D1	no	no	no
-0.222937735215368	8.08927287814094	-0.580722375515277	0.564470638089824	0.959694174553057	-4.95397424747268	CYCS	no	no	no
-0.286742179308382	9.0465264602943	-0.580545408005684	0.564588853795716	0.959694174553057	-4.95403700414637	ASMTL	no	no	no
0.106820917588952	10.7917080289924	0.579981354947212	0.564965728015627	0.959694174553057	-4.95423690523916	RPL13	no	no	no
-0.190207763531284	10.987344136039	-0.57996660008913	0.564975588211588	0.959694174553057	-4.95424213182774	GARS1	no	no	no
0.0997893600724467	7.53594337058942	0.579781569948415	0.565099245162524	0.959694174553057	-4.95430766370054	KCNJ5	no	no	no
-0.200816388384556	8.91726722153022	-0.579695184307229	0.565156981909839	0.959694174553057	-4.95433825178113	BAZ1A	no	no	no
-0.172755462316287	10.3895740250306	-0.579262971980703	0.565445899626551	0.959694174553057	-4.95449122582652	ATP6V1A	no	no	no
-0.182808733441787	9.61261471045268	-0.579143130620283	0.565526022086793	0.959694174553057	-4.95453362182952	STT3A	no	no	no
0.181547421064255	7.06912715067867	0.579131573191692	0.565533749347137	0.959694174553057	-4.95453771002081	SPDYE2	no	no	no
0.124909874156055	8.39069225096895	0.579011020628585	0.565614353541738	0.959694174553057	-4.95458034813387	STXBP2	no	no	no
0.196726677710675	8.54723302270155	0.578847374800632	0.5657237800179	0.959694174553057	-4.95463821396507	FAM168A	no	no	no
0.168152749148351	7.71130781451252	0.578211491226013	0.566149081702674	0.959713137661869	-4.954862913089	PPCDC	no	no	no
0.16758851899346	6.61886223954141	0.578121237473825	0.566209459514021	0.959713137661869	-4.9548947860427	ZNF205	no	no	no
0.12812663694667	7.42462653390529	0.577730375967864	0.566470974343363	0.959713137661869	-4.95503276190738	TNFRSF25	no	no	no
-0.229664777176352	8.84425453582362	-0.577405806643636	0.566688180450497	0.959713137661869	-4.95514726695041	GAL3ST4	no	no	no
-0.097936535915388	7.32087275143564	-0.577022035938003	0.566945058244675	0.959713137661869	-4.95528257646087	SMC1A	no	no	no
-0.366891398174491	8.62468395700813	-0.576260137561018	0.567455207822396	0.959713137661869	-4.95555094502043	PDGFRL	no	no	no
0.14988658288514	8.82005708120037	0.575069678604455	0.568252767041785	0.959713137661869	-4.95596957373094	PRDM4	no	no	no
0.19786696857312	8.12466594382627	0.574900522696163	0.568366139663668	0.959713137661869	-4.95602898920963	METRN	no	no	no
-0.147340630701672	7.14862361137061	-0.574845808683273	0.568402812792991	0.959713137661869	-4.95604820367274	PAGR1	no	no	no
-0.244791688181589	11.0944505515828	-0.57465013942027	0.568533973499575	0.959713137661869	-4.95611690414651	KCTD12	no	no	no
0.210967373819821	8.85892148441436	0.574621186012656	0.568553382773511	0.959713137661869	-4.95612706789127	ZNF84	no	no	no
0.100236365743133	9.93933440840605	0.574613174486004	0.568558753457149	0.959713137661869	-4.95612988015262	CALM1	no	no	no
-0.143017390915094	8.54710896190952	-0.57443944946416	0.568675219599345	0.959713137661869	-4.95619085287078	RSF1	no	no	no
-0.0905387269896491	12.2375497635078	-0.574425161555371	0.56868479881174	0.959713137661869	-4.95619586673194	EEF1A1	no	no	no
-0.106204632455065	9.88544038221657	-0.57366010491501	0.56919784138393	0.959713137661869	-4.95646415940339	PFDN1	no	no	no
0.150690500867024	10.100859263562	0.57319652673742	0.569508825531987	0.959713137661869	-4.95662655831383	PNN	no	no	no
0.102373837848564	8.10262406744384	0.57306545660665	0.569596767094991	0.959713137661869	-4.95667245099342	PFDN4	no	no	no
-0.131493177757452	8.4169822396989	-0.572637357007756	0.569884047446084	0.959713137661869	-4.95682227351521	HSPD1	no	no	no
-0.187652892480874	8.63282566900951	-0.572388123338114	0.570051331042785	0.959713137661869	-4.95690944764562	PALM	no	no	no
-0.170800280411913	9.11457688260319	-0.571844472162459	0.570416309344867	0.959713137661869	-4.95709947091759	MOSPD3	no	no	no
-0.191617557644886	8.60785232441667	-0.571696294642125	0.570515807792018	0.959713137661869	-4.95715123299386	MRPS30	no	no	no
-0.224910511256179	9.77861792171634	-0.571636186874429	0.570556171480044	0.959713137661869	-4.95717222638176	TSNAX	no	no	no
0.0916652030862937	7.20029265610397	0.571213948064877	0.570839753822532	0.959713137661869	-4.95731963765604	ABCB8	no	no	no
-0.287348923112536	9.63974300722019	-0.571209958374886	0.570842433693561	0.959713137661869	-4.95732103002114	MARCKS	no	no	no
0.297167834351526	9.61740018942426	0.571206083024503	0.570845036768721	0.959713137661869	-4.95732238247365	TNFAIP2	no	no	no
0.21510945941596	9.17398426678949	0.571004743453189	0.570980284728225	0.959713137661869	-4.95739263530299	PRKCZ	no	no	no
-0.257552382049259	10.6013746239724	-0.570858763371096	0.571078355348964	0.959713137661869	-4.95744355654588	YWHAE	no	no	no
0.145060452394774	7.9736716668083	0.570780399653081	0.571131004163751	0.959713137661869	-4.95747088637349	POLG2	no	no	no
0.103348233690512	9.44608551213508	0.570770117330928	0.571137912539188	0.959713137661869	-4.95747447212389	DOLPP1	no	no	no
-0.313478626533849	7.61429797270282	-0.570764432912768	0.571141731742278	0.959713137661869	-4.95747645442178	NDRG4	no	no	no
-0.217889721263473	8.40047275774779	-0.57063342409156	0.571229756427148	0.959713137661869	-4.95752213509865	BCL2L1	no	no	no
0.134248568959519	9.11906470438491	0.570411061349571	0.571379177011179	0.959713137661869	-4.95759964592609	TUFM	no	no	no
0.0799850899680726	9.3473641033512	0.570323859568486	0.571437779047873	0.959713137661869	-4.95763003450233	MGST3	no	no	no
0.41342115509557	9.64137563567094	0.569872455508862	0.571741182521136	0.959713137661869	-4.95778726966552	CRYAB	no	no	no
-0.132119867346184	7.80924687371347	-0.569498817161716	0.571992377079688	0.959713137661869	-4.9579173249209	SOS1	no	no	no
0.14296786221002	11.8493048943592	0.569470727433249	0.572011263810606	0.959713137661869	-4.95792709895999	ARF4	no	no	no
-0.107095731959676	8.34253854273922	-0.569009788524281	0.572321229787736	0.959713137661869	-4.95808741881391	PACSIN2	no	no	no
0.137442920670095	7.9580879984267	0.568719898093403	0.572516213695895	0.959713137661869	-4.95818818093925	SEL1L3	no	no	no
-0.328273619571976	10.1520439288787	-0.568680183784731	0.572542928577051	0.959713137661869	-4.95820198119866	TSPAN13	no	no	no
-0.379133448859369	8.98041928069323	-0.568659132600883	0.572557089461701	0.959713137661869	-4.95820929585709	HERC5	no	no	no
0.274821279210505	8.73029133043628	0.568391125615849	0.572737389667641	0.959713137661869	-4.95830239711761	ZCCHC24	no	no	no
-0.155035967029364	8.66944841433421	-0.56826751064371	0.572820560353455	0.959713137661869	-4.95834532446479	VEGFB	no	no	no
0.17075265804694	8.79065840529032	0.568234734338537	0.572842613918451	0.959713137661869	-4.95835670504654	ATAD3A	no	no	no
0.149045345481558	9.60350835807805	0.56791765969183	0.573055979402622	0.959713137661869	-4.95846676645655	LARS1	no	no	no
-0.19007636823486	8.7491820690881	-0.567858375626819	0.573095877094446	0.959713137661869	-4.95848733817877	MAN2B2	no	no	no
0.119630140782064	8.27396047349976	0.567758673192	0.573162979095684	0.959713137661869	-4.958521930437	TRAF3	no	no	no
-0.124712076796192	9.65972336212979	-0.567458253163131	0.573365191918194	0.959713137661869	-4.95862612670974	EIF2S2	no	no	no
0.0897677703087475	6.71738497248335	0.567407811381299	0.573399147732194	0.959713137661869	-4.95864361640627	RIN3	no	no	no
0.307238255455389	11.3715834287729	0.567380265857625	0.573417690925249	0.959713137661869	-4.95865316663262	COL3A1	no	no	no
-0.0831724887321496	7.15384568194574	-0.567028202245473	0.573654720274122	0.959713137661869	-4.95877518957639	DRD2	no	no	no
-0.20519390517724	7.86670715330497	-0.566913609921965	0.57373188074651	0.959713137661869	-4.95881489052804	SEC14L1	no	no	no
-0.390968961326251	8.52107622001493	-0.566905130767774	0.57373759036743	0.959713137661869	-4.95881782785146	ROBO1	no	no	no
0.148275394822944	8.17210503675649	0.566886148174031	0.573750372806435	0.959713137661869	-4.95882440358927	ZC3H14	no	no	no
0.0905480532793372	7.70946039928544	0.566799472512966	0.573808739964642	0.959713137661869	-4.95885442606255	PPIL2	no	no	no
0.13695931956125	8.68640352125368	0.566468376502399	0.57403172594297	0.959713137661869	-4.95896906879102	CDK20	no	no	no
-0.132975389650029	10.0596190173639	-0.566344219180619	0.574115354158452	0.959713137661869	-4.95901204162867	ALG3	no	no	no
0.155665195558968	8.05464121257333	0.566322168764939	0.574130207204907	0.959713137661869	-4.95901967266615	RGS5	no	no	no
0.209846065426451	8.52001202001267	0.566245302076497	0.574181985683477	0.959713137661869	-4.95904627182092	PFAS	no	no	no
-0.206783563965262	9.13006456772997	-0.565958855403536	0.574374960335733	0.959713137661869	-4.95914536345804	DLAT	no	no	no
-0.171118126233772	8.26417013580094	-0.565940518709338	0.574387314562795	0.959713137661869	-4.95915170507149	NTAN1	no	no	no
0.128510840701011	7.99104701145842	0.565862758303187	0.574439706571833	0.959713137661869	-4.95917859571137	ADAM9	no	no	no
0.187471656631665	7.94854463556829	0.565617886064236	0.574604707485392	0.959713137661869	-4.95926325233033	WDR91	no	no	no
-0.137210446054625	7.11129177823938	-0.565444803367375	0.574721348850912	0.959713137661869	-4.95932306840301	RASSF4	no	no	no
-0.176581902636256	8.2172204784579	-0.56438379578464	0.575436620930495	0.959713137661869	-4.95968935280899	WDR18	no	no	no
0.124044386916095	12.0492670781057	0.564290921479214	0.575499252325468	0.959713137661869	-4.95972138310311	GSTP1	no	no	no
-0.285931770855359	9.19974576430438	-0.564228003038154	0.575541684359544	0.959713137661869	-4.9597430793487	CDCA3	no	no	no
0.105770972926672	6.63811022211628	0.564218125709975	0.575548345743113	0.959713137661869	-4.95974648514509	FRMD4A	no	no	no
0.132578843734938	7.8846930820645	0.564075288204716	0.575644681212712	0.959713137661869	-4.95979573034314	PRKACA	no	no	no
-0.164295778780707	9.69063041062866	-0.56405856155745	0.575655962865141	0.959713137661869	-4.95980149628653	LBHD1	no	no	no
-0.144937544982372	11.3320605509747	-0.564047096417702	0.575663695841411	0.959713137661869	-4.95980544840724	TALDO1	no	no	no
-0.15786483375192	8.32564266447318	-0.563957176768494	0.575724346363279	0.959713137661869	-4.95983644166463	AGPS	no	no	no
0.135049576163022	11.1820396453156	0.563929417391907	0.575743070607033	0.959713137661869	-4.95984600871261	EIF3I	no	no	no
0.213821163565923	8.06273255608994	0.563857835908887	0.575791355094545	0.959713137661869	-4.95987067657234	IL11RA	no	no	no
-0.147835961320386	8.67845364712633	-0.56346641602366	0.576055417998984	0.959713137661869	-4.960005510444	SMPD2	no	no	no
-0.160830058217138	11.1377081130115	-0.563223716142727	0.576219179909021	0.959713137661869	-4.96008906812014	MEA1	no	no	no
0.0823043644737844	7.60544098976146	0.563184447106887	0.576245678855323	0.959713137661869	-4.9601025845054	RNH1	no	no	no
0.226788259520814	9.71354985878772	0.563147617370217	0.576270532291067	0.959713137661869	-4.96011526044611	ZNF266	no	no	no
0.371482432470238	8.28956582548851	0.562941841116061	0.576409403818352	0.959713137661869	-4.96018606891614	HEY2	no	no	no
-0.11590771642682	9.15883180344667	-0.562788403712862	0.576512964237961	0.959713137661869	-4.96023885087219	ADCY6	no	no	no
-0.217201590747892	12.6958485586091	-0.562704415016404	0.576569655076178	0.959713137661869	-4.9602677367358	MT2A	no	no	no
0.219681517401476	8.44965043971053	0.561746004348662	0.577216757465714	0.959713137661869	-4.96059705967735	ENDOG	no	no	no
-0.113952470178029	7.57364985719586	-0.56146023566492	0.577409772095846	0.959713137661869	-4.96069514725753	DBT	no	no	no
-0.115527322350009	7.42039000564268	-0.561287206069024	0.577526655490294	0.959713137661869	-4.96075451437632	LARP7	no	no	no
-0.129507591176681	10.312070287614	-0.56084012030644	0.577828720229169	0.959713137661869	-4.96090782822313	MAML1	no	no	no
-0.210976855195545	8.25350924885367	-0.560651843873881	0.577955948542528	0.959713137661869	-4.96097235582801	TPST1	no	no	no
0.145135565650193	8.94258783754444	0.56030756453334	0.578188631530313	0.959713137661869	-4.96109029510721	RNF19A	no	no	no
0.237295414421704	8.95222017480959	0.560263492966607	0.578218420821428	0.959713137661869	-4.96110538751652	SHFL	no	no	no
-0.204353817591258	9.64254014209269	-0.560068906618132	0.578349956491475	0.959713137661869	-4.96117201015522	TSPAN31	no	no	no
0.154764512413073	9.14350168268136	0.559721583685178	0.578584774597723	0.959713137661869	-4.96129087052347	PCF11	no	no	no
0.112215479740919	9.19400125290834	0.559620572336804	0.578653075062023	0.959713137661869	-4.9613254249268	CACFD1	no	no	no
0.20417936706988	8.78096048495249	0.559485341865281	0.578744519483029	0.959713137661869	-4.96137167559201	PLAAT3	no	no	no
-0.221232475775072	8.23919315174677	-0.559453288844425	0.578766195139846	0.959713137661869	-4.96138263655677	AURKA	no	no	no
0.247536823238519	7.33943389200046	0.559410910892552	0.578794853573479	0.959713137661869	-4.96139712732716	KRT6B	no	no	no
0.129418808383933	6.65916351586142	0.559335189583327	0.578846062441391	0.959713137661869	-4.96142301688972	LAMA3	no	no	no
0.119851395510067	7.60455920744285	0.559204910737566	0.578934172680704	0.959713137661869	-4.96146755196039	CDC42BPB	no	no	no
0.0962522569161716	7.28714369747142	0.559193259859371	0.578942052724853	0.959713137661869	-4.96147153425066	NAGLU	no	no	no
0.10555936376996	7.06157768304602	0.558847075224824	0.57917621768653	0.959713137661869	-4.9615898236639	SYNE2	no	no	no
0.144465494024978	7.53069119921869	0.558326275675716	0.579528581742733	0.959713137661869	-4.96176764284408	BAIAP2	no	no	no
-0.16525814408474	6.71299265721199	-0.557785145610383	0.579894811361504	0.959713137661869	-4.96195223149606	MYRF	no	no	no
0.118891289212797	7.96982758284872	0.557389825121115	0.580162430007668	0.959713137661869	-4.96208697116394	CTDP1	no	no	no
-0.24910626218713	9.4695528026375	-0.557367535077494	0.580177521400612	0.959713137661869	-4.96209456563758	CKB	no	no	no
-0.173690925969392	8.4889542776815	-0.557340267937723	0.580195982777435	0.959713137661869	-4.96210385546031	ADGRE5	no	no	no
0.0963749010726325	7.0351717450263	0.557312920690112	0.580214498678042	0.959713137661869	-4.96211317212822	EVC	no	no	no
-0.186373642022204	7.75858912051652	-0.557164658009636	0.580314887337707	0.959713137661869	-4.96216367450181	RBM12B	no	no	no
0.110214786917231	9.57656236166315	0.556842719803318	0.580532900703673	0.959713137661869	-4.96227329023199	RYK	no	no	no
-0.136457017777587	9.15251178097584	-0.556803825463	0.580559242254821	0.959713137661869	-4.9622865290407	S100A13	no	no	no
-0.210654057642362	9.06480713950421	-0.556581461748352	0.580709851262146	0.959713137661869	-4.96236219953461	NPM3	no	no	no
0.214450292858664	7.36169049893471	0.556396115931356	0.58083540217647	0.959713137661869	-4.96242525018467	TG	no	no	no
-0.157508997728931	10.2896695202651	-0.556253997168562	0.580931680541631	0.959713137661869	-4.962473581984	XPO1	no	no	no
-0.338354774605631	9.91622038157823	-0.556155154743529	0.580998645908602	0.959713137661869	-4.96250718921732	RTP4	no	no	no
-0.0860299948141114	7.32518730036264	-0.556035768704905	0.581079534482687	0.959713137661869	-4.96254777364377	TMEM131	no	no	no
-0.217923987898281	9.93666530312418	-0.556015417383899	0.581093323819684	0.959713137661869	-4.96255469107739	CD47	no	no	no
-0.173513634840816	10.13369426136	-0.555903262623378	0.581169318772035	0.959713137661869	-4.96259280813722	USP11	no	no	no
0.116395113394918	9.76117616821242	0.555713937935662	0.581297614222968	0.959713137661869	-4.96265713517032	KDM2A	no	no	no
-0.389563778685675	8.64130775827945	-0.55561602266309	0.58136397166929	0.959713137661869	-4.96269039551312	FGL2	no	no	no
0.413532925184134	8.04634437836109	0.55547299006247	0.58146091184394	0.959713137661869	-4.96273897120928	SYNDIG1	no	no	no
-0.192492518649188	9.63200854015428	-0.555212401644666	0.581637545449212	0.959713137661869	-4.96282743885494	UQCRC2	no	no	no
-0.211387074252131	7.35419202357289	-0.554916467098464	0.581838169068448	0.959713137661869	-4.96292785688853	SOCS3	no	no	no
-0.186014201466377	11.595056864202	-0.554631126331206	0.582031642523087	0.959713137661869	-4.96302463050057	ECHS1	no	no	no
-0.118958667961469	11.6468920654257	-0.554485473215689	0.582130413667302	0.959713137661869	-4.9630740100974	UFC1	no	no	no
-0.159626989410462	8.66973160337311	-0.55397050778249	0.582479690022861	0.959713137661869	-4.9632484927439	CSTF1	no	no	no
-0.116866196401364	8.00627200229358	-0.553923016240597	0.582511906358621	0.959713137661869	-4.96326457601537	RBBP6	no	no	no
0.0975662285436837	8.77122426068782	0.553901096598398	0.58252677604528	0.959713137661869	-4.96327199876674	MACF1	no	no	no
-0.170868900625829	10.17422412241	-0.553824997650521	0.582578400917194	0.959713137661869	-4.96329776627611	CDC16	no	no	no
-0.0911678833392301	8.0829273547697	-0.553474381201486	0.582816284656227	0.959713137661869	-4.96341644205017	POLR1B	no	no	no
0.11101400529019	6.61461300782377	0.553444716774803	0.582836413316759	0.959713137661869	-4.96342647941092	NBAS	no	no	no
0.174497297808371	8.08715086199751	0.553053606369882	0.583101830879899	0.959713137661869	-4.96355876760889	PEX10	no	no	no
-0.103742326646481	7.52396309932941	-0.553035331237166	0.583114234281144	0.959713137661869	-4.96356494670211	WWP2	no	no	no
-0.0938345449216047	7.36685104861334	-0.552967133234605	0.583160521646303	0.959713137661869	-4.96358800369053	PAOX	no	no	no
0.125674009668847	7.61210417205134	0.552934118875553	0.583182929797395	0.959713137661869	-4.96359916447805	TMEM165	no	no	no
-0.110945047072409	7.66722320518033	-0.552886023001483	0.583215575112966	0.959713137661869	-4.96361542253232	KLF11	no	no	no
0.0884145424128303	7.63564181557777	0.552491809855059	0.583483182501302	0.959713137661869	-4.96374862784517	AMPD3	no	no	no
0.104806927053854	7.17375727506915	0.552423781189865	0.58352936902816	0.959713137661869	-4.96377160542799	C2CD2L	no	no	no
-0.23370341404988	9.21485801437133	-0.552380665792158	0.583558642167476	0.959713137661869	-4.9637861667888	STK38L	no	no	no
0.110345629765979	8.07082584279366	0.552277500665573	0.583628688862113	0.959713137661869	-4.96382100421914	PLXNA1	no	no	no
-0.198885325607433	9.47880671325112	-0.552239076632137	0.583654778913657	0.959713137661869	-4.96383397785133	SRSF6	no	no	no
0.0748782276337274	7.53504176408657	0.552216898089256	0.583669838477009	0.959713137661869	-4.96384146589349	USP6	no	no	no
-0.346601748982073	6.5003100536514	-0.552177297822018	0.583696728118627	0.959713137661869	-4.96385483522139	ANKRD36B	no	no	no
0.109702946294642	7.77070507021167	0.551537560774587	0.584131209468713	0.959713137661869	-4.96407068470361	INPP5J	no	no	no
-0.124774870795976	8.19197727616866	-0.551123573888243	0.584412454250063	0.959713137661869	-4.96421023457966	GM2A	no	no	no
-0.218027165921652	7.7962463621634	-0.551055047919357	0.584459014120252	0.959713137661869	-4.96423332393012	TRIM52	no	no	no
-0.146878750622458	7.17629992898102	-0.551024839399956	0.584479539822353	0.959713137661869	-4.9642435015876	DUSP7	no	no	no
0.0933842610838951	7.12956477236879	0.550895648110733	0.58456732500021	0.959713137661869	-4.9642870217032	CHST5	no	no	no
-0.11088674697569	9.20790195114385	-0.55038059882709	0.584917362879503	0.959713137661869	-4.9644604247023	STRAP	no	no	no
-0.132777278863158	9.31243799995035	-0.550281221493557	0.584984913327293	0.959713137661869	-4.96449386403089	TUG1	no	no	no
0.082575301791091	7.03951169001683	0.550278534061441	0.584986740126394	0.959713137661869	-4.96449476823865	PVR	no	no	no
0.180837141641007	7.69281359017609	0.5499314210278	0.585222715494995	0.959713137661869	-4.96461152076813	NOC2L	no	no	no
0.0809328754015772	6.95576256571476	0.549857409064094	0.585273036440095	0.959713137661869	-4.96463640557645	RPS6KA4	no	no	no
-0.162883657834146	8.09961555430339	-0.549558179732303	0.585476504528519	0.959713137661869	-4.9647369810324	FKBPL	no	no	no
0.125227540471735	7.10794307167454	0.54922598404609	0.585702428700733	0.959713137661869	-4.96484857410144	KLK14	no	no	no
-0.378089624002126	9.64656033469776	-0.549079356493682	0.585802162492929	0.959713137661869	-4.96489780902014	IFI44	no	no	no
0.118694436776815	12.5977078694175	0.548818980547849	0.585979286291815	0.959713137661869	-4.96498520685589	ATP5F1B	no	no	no
0.106303867252388	8.33814212311896	0.548707397642445	0.586055199749485	0.959713137661869	-4.96502264835225	QDPR	no	no	no
0.152356746275682	8.81901841410839	0.548506790436792	0.586191691195373	0.959713137661869	-4.96508994306124	AIF1	no	no	no
0.363649915272552	8.82649430835657	0.54845842683708	0.586224599663092	0.959713137661869	-4.96510616326755	CRYBG1	no	no	no
0.15312512233878	8.95135788988602	0.548444431376633	0.586234122882311	0.959713137661869	-4.9651108568099	LRP10	no	no	no
0.157702361470933	9.90261027167882	0.548423689480379	0.586248236854331	0.959713137661869	-4.96511781263287	WDR45	no	no	no
0.152229991696743	11.2661573226081	0.548292037005207	0.586337824529071	0.959713137661869	-4.96516195645415	TMED2	no	no	no
-0.113223618752488	8.41403852856363	-0.548181016326473	0.586413377661617	0.959713137661869	-4.96519917424059	C1orf35	no	no	no
0.10852932330904	8.03848165559188	0.548042560098651	0.586507608112804	0.959713137661869	-4.96524557897134	MED16	no	no	no
0.0912481142505102	7.72964258697491	0.547984374104829	0.586547210467942	0.959713137661869	-4.96526507705028	PAFAH1B2	no	no	no
-0.170405904226722	9.98415780343509	-0.547578936851247	0.586823193423347	0.959713137661869	-4.96540088239048	NIPA2	no	no	no
0.208369067857345	7.5474934079133	0.547527965803031	0.58685789405144	0.959713137661869	-4.96541794868819	NRP2	no	no	no
0.136398024161518	7.25312676238083	0.547388434453435	0.586952890765194	0.959713137661869	-4.96546465907465	PDE8A	no	no	no
-0.200251715471873	9.25585430582628	-0.547378898191441	0.586959383579299	0.959713137661869	-4.96546785106711	THBS3	no	no	no
0.201588620834998	11.4263906663147	0.547059808868738	0.587176657076814	0.959713137661869	-4.96557462570367	ARPC3	no	no	no
0.139410808838293	8.07248279451307	0.546959306858491	0.587245098635571	0.959713137661869	-4.96560824334789	UROD	no	no	no
0.350512118403058	8.62199416836186	0.546954643368234	0.58724827455087	0.959713137661869	-4.96560980312543	CDH11	no	no	no
0.192733983515665	9.66836854821244	0.546885673817793	0.587295244935868	0.959713137661869	-4.96563286955185	UBR5	no	no	no
0.269505034807655	10.2761857966153	0.546873261240737	0.587303698473771	0.959713137661869	-4.96563702055624	IGFBP4	no	no	no
0.089917370062544	8.61718028366636	0.546619116791847	0.587476795393256	0.959713137661869	-4.96572199103423	RNF5	no	no	no
-0.111483420238356	9.13149084474366	-0.546601007077978	0.587489130790641	0.959713137661869	-4.96572804434505	PRRC2B	no	no	no
-0.135076660712791	6.87823861018088	-0.546042666468559	0.587869504318517	0.959891274820088	-4.96591457747358	KAZALD1	no	no	no
-0.14694874836402	9.52473510749761	-0.545773646432989	0.588052818223075	0.959891274820088	-4.9660043862479	TXNDC15	no	no	no
-0.112423117994703	8.45078306967081	-0.545564016648402	0.588195681767884	0.959891274820088	-4.96607433828629	C2orf42	no	no	no
-0.173206689078703	7.05680598648105	-0.545491408270897	0.588245168542537	0.959891274820088	-4.9660985610647	KRBOX4	no	no	no
0.153702889173424	8.9003093020019	0.545198305203041	0.588444955346974	0.959891274820088	-4.9661963106223	INPP5E	no	no	no
0.146848926956292	8.62608822116636	0.545066114609448	0.588535070570406	0.959891274820088	-4.966240379184	MPG	no	no	no
0.166812607405278	9.66258721572959	0.544805566973194	0.588712706980205	0.959891274820088	-4.96632720762504	POLD2	no	no	no
-0.127509091804826	7.89644291832697	-0.54477973561999	0.588730319700724	0.959891274820088	-4.96633581379838	RBMS2	no	no	no
-0.171546972670438	9.80357025073836	-0.544698945401096	0.588785406924909	0.959891274820088	-4.96636272790905	RMDN3	no	no	no
-0.0877330788296217	9.86953087514959	-0.544584876166622	0.588863189811216	0.959891274820088	-4.96640072178386	CLTA	no	no	no
-0.147002516511251	9.28037795223345	-0.544280880350683	0.589070506074834	0.959994552466914	-4.96650193778104	BMS1	no	no	no
-0.229752253755957	7.49946524381895	-0.544120965868211	0.58917957707412	0.959994552466914	-4.96655515936971	MATN2	no	no	no
-0.127136877088569	7.65295673878296	-0.543395716281115	0.589674360615603	0.96041885366392	-4.96679633918767	SREBF1	no	no	no
0.117335471030446	8.76944726895439	0.543350962045619	0.589704899577853	0.96041885366392	-4.96681121175365	SRP72	no	no	no
-0.151336332593733	10.4020052766092	-0.543182739155922	0.589819696635987	0.96041885366392	-4.96686710423101	SF3B4	no	no	no
-0.214776717447249	9.39092234554245	-0.542354144402759	0.590385293902136	0.960535973285365	-4.96714215917228	GOT1	no	no	no
-0.165125023551622	9.25269051729051	-0.541869760229397	0.590716053350424	0.960535973285365	-4.96730276142796	ACTR1A	no	no	no
0.0963572118050013	7.85366854943033	0.541776755501763	0.590779571290627	0.960535973285365	-4.96733358193569	ZMIZ1	no	no	no
-0.16718704158612	10.8182558669577	-0.541676530217539	0.590848024179681	0.960535973285365	-4.96736678942841	B4GALT5	no	no	no
-0.225434415121687	9.53683654911867	-0.541362630846123	0.591062438819441	0.960535973285365	-4.9674707542381	ASF1B	no	no	no
-0.174680732881881	9.4550194503465	-0.54089765728507	0.59138011547465	0.960535973285365	-4.96762464681605	UBL4A	no	no	no
0.260739685902333	10.2019194028743	0.540608767645063	0.591577529959985	0.960535973285365	-4.96772019545536	LTBP2	no	no	no
-0.157130611094149	6.67750455610946	-0.540598881037667	0.591584286587721	0.960535973285365	-4.96772346450946	SSBP2	no	no	no
0.281836132464633	8.40027467623669	0.540249632304102	0.591822990966466	0.960535973285365	-4.96783890764457	PEX6	no	no	no
0.175173246473272	10.3591993967603	0.540166320916172	0.591879939363159	0.960535973285365	-4.96786643516492	UAP1	no	no	no
-0.296775477312783	9.07729749363941	-0.539901862473817	0.592060730037682	0.960535973285365	-4.96795378920334	KIF20A	no	no	no
0.130350882196539	9.16113950010091	0.539857105097611	0.592091329941446	0.960535973285365	-4.96796856899013	MRPS34	no	no	no
0.124488940504946	10.5400573641242	0.539424310615007	0.592387263384613	0.960535973285365	-4.96811142442699	MRPL18	no	no	no
0.177475432595629	9.94070593555426	0.539252221985901	0.592504952563993	0.960535973285365	-4.96816819566435	IMMT	no	no	no
0.0911609501122965	7.74771372975497	0.539219942613464	0.592527029244308	0.960535973285365	-4.9681788424995	BBS1	no	no	no
-0.0846779513261167	6.66936625043529	-0.539111563531597	0.59260115530033	0.960535973285365	-4.9682145850333	BTRC	no	no	no
-0.103372362016829	8.06735192742913	-0.538961581168106	0.592703743252666	0.960535973285365	-4.96826403636103	G3BP1	no	no	no
0.154627714526495	7.11102728761702	0.538763828943024	0.592839018679295	0.960535973285365	-4.96832921745963	CPT1A	no	no	no
-0.228902431513282	9.5222859578486	-0.538581556687745	0.592963717771599	0.960535973285365	-4.96838927542025	RBM38	no	no	no
0.15725515849541	9.47822681838166	0.538409914022933	0.593081156150055	0.960535973285365	-4.96844581274494	SLC5A6	no	no	no
-0.178653071905362	8.60013418137402	-0.538387524337783	0.593096476047028	0.960535973285365	-4.96845318637277	WSB1	no	no	no
-0.14940514714181	9.30607680869808	-0.537921332900206	0.593415505072039	0.960535973285365	-4.96860664952776	ZNF282	no	no	no
0.142782926239634	8.07130030393041	0.537898867155282	0.593430881121307	0.960535973285365	-4.96861404161589	WDR43	no	no	no
0.136730217584572	7.21032156009879	0.537891246577749	0.593436096854849	0.960535973285365	-4.96861654900816	MRPL39	no	no	no
0.130116610134282	10.4484876752141	0.537529444718301	0.593683749035469	0.960535973285365	-4.96873555225926	PKM	no	no	no
-0.275361412321834	11.4236936842079	-0.53748161723545	0.593716490454398	0.960535973285365	-4.96875127771364	TGFBI	no	no	no
0.0813602862877291	9.13186476858228	0.537338762909841	0.593814289808842	0.960535973285365	-4.96879823937754	RPL10	no	no	no
0.14659308090296	9.68119848607575	0.537285196864817	0.593850963571722	0.960535973285365	-4.96881584542126	KAT2A	no	no	no
0.157101531163143	8.49745320882706	0.537043105020004	0.594016724095434	0.960535973285365	-4.96889539448778	PARP3	no	no	no
-0.159842895368817	7.31820854151918	-0.536930775456968	0.594093643698882	0.960535973285365	-4.96893229295963	AVIL	no	no	no
0.215510904829429	8.53672316932117	0.53682344921581	0.594167141597063	0.960535973285365	-4.96896754084419	RAD51C	no	no	no
-0.195545220262104	7.97237851470024	-0.535663221437164	0.594961949848763	0.960535973285365	-4.96934813926993	RTN2	no	no	no
0.150492992259267	9.70137865161032	0.535516280361098	0.595062646951279	0.960535973285365	-4.96939628382347	IRF9	no	no	no
-0.131182468925301	8.54707128364389	-0.535138908182273	0.595321292857088	0.960535973285365	-4.96951986865018	NUP88	no	no	no
-0.135922433299599	8.12200454468504	-0.535124593883036	0.595331104734171	0.960535973285365	-4.96952455472704	PRSS22	no	no	no
0.168861717475373	9.0368972724467	0.535104356045121	0.595344977089423	0.960535973285365	-4.96953117978479	EIPR1	no	no	no
0.103258904396341	7.07779639284751	0.534963732792223	0.595441373803023	0.960535973285365	-4.96957720741607	LPXN	no	no	no
-0.172041599865096	9.0260627591403	-0.53492515776397	0.595467818129092	0.960535973285365	-4.9695898313977	KIFC1	no	no	no
0.089312200810884	7.7331769982789	0.534549182060705	0.595725589672591	0.960535973285365	-4.96971282561522	UBIAD1	no	no	no
0.092737292532618	8.85752446144413	0.534420835670625	0.595813596905734	0.960535973285365	-4.96975479257651	DPH1	no	no	no
-0.348802679041273	9.50155903473332	-0.534161627618681	0.595991354807066	0.960535973285365	-4.96983951878832	MFGE8	no	no	no
0.126779346250065	9.55355555304456	0.533996551750719	0.596104572433877	0.960535973285365	-4.96989345539374	PPM1G	no	no	no
-0.168992046273679	9.94861890308595	-0.533948617111593	0.59613745040661	0.960535973285365	-4.9699091144098	DCTD	no	no	no
0.125278492105981	12.6500899308857	0.533884958800039	0.596181114438679	0.960535973285365	-4.96992990781319	EIF3L	no	no	no
0.37881007240402	11.4411228027121	0.533870984952388	0.596190699477485	0.960535973285365	-4.96993447191661	MX1	no	no	no
0.109577203084098	7.63322690572096	0.533834757244319	0.59621554937758	0.960535973285365	-4.96994630397462	ZNF202	no	no	no
0.182873200534623	8.8903568420596	0.533772790181776	0.59625805596783	0.960535973285365	-4.96996654074181	MTA1	no	no	no
0.101116311866978	8.18842007763921	0.533366279019156	0.596536939598916	0.960535973285365	-4.97009923911749	ZFP36L1	no	no	no
0.14362219323517	11.7972078444246	0.533257079774827	0.596611865316721	0.960535973285365	-4.97013486836983	CDIPT	no	no	no
-0.0980328919622646	8.85650800329779	-0.53306059686306	0.59674669081904	0.960535973285365	-4.97019895828183	NDUFB4	no	no	no
0.160227732542179	8.99829115084687	0.532971431111576	0.596807880607418	0.960535973285365	-4.97022803522533	CBR1	no	no	no
0.169154753386021	9.63293790533642	0.532967493550322	0.596810582817778	0.960535973285365	-4.97022931915362	CYB561	no	no	no
-0.417729854861157	9.55492830487432	-0.532835007680876	0.596901506589187	0.960535973285365	-4.97027251365287	TSPAN1	no	no	no
-0.284693700106225	10.4580765021866	-0.532551268771524	0.597096255810834	0.960535973285365	-4.97036498586871	CPNE3	no	no	no
-0.0913424699760284	7.18274193426798	-0.532545036243833	0.597100533952363	0.960535973285365	-4.97036701654427	SIK2	no	no	no
-0.135961426027545	9.22368837242618	-0.532325158384989	0.597251472097586	0.960535973285365	-4.97043864198586	COQ9	no	no	no
-0.107206991909497	9.62994066382822	-0.53221842486599	0.597324747248579	0.960535973285365	-4.97047340007283	SEC22B	no	no	no
-0.120591104302795	7.29631046699048	-0.532175555064505	0.597354179598882	0.960535973285365	-4.97048735882492	CLDN9	no	no	no
0.108850729355477	7.50321666940148	0.531716791002395	0.597669187741206	0.960535973285365	-4.97063666698517	COL11A2	no	no	no
-0.172019220065434	10.5962938842701	-0.531460609734759	0.597845127378173	0.960535973285365	-4.97071998807306	YAP1	no	no	no
0.113743285876727	7.41173570182886	0.531294467169022	0.597959243442787	0.960535973285365	-4.97077400365849	NUFIP1	no	no	no
-0.137862512349154	8.10847108360437	-0.531236970482454	0.597998737788481	0.960535973285365	-4.97079269288235	KIAA0930	no	no	no
0.0931180687060518	7.0266049403829	0.531152500725431	0.598056762100461	0.960535973285365	-4.9708201460666	ICA1	no	no	no
0.073237127712981	8.32619546591158	0.531070092863714	0.598113372597483	0.960535973285365	-4.97084692499229	MLX	no	no	no
0.157982376203612	8.24962992676177	0.531031041654714	0.598140199902475	0.960535973285365	-4.97085961349086	WDR13	no	no	no
-0.129747130751514	7.40268246945547	-0.530702912139879	0.598365639861797	0.960535973285365	-4.97096619297807	MBP	no	no	no
-0.121781041569971	6.98525733767868	-0.530648306679567	0.59840316018079	0.960535973285365	-4.97098392305747	ATG16L1	no	no	no
0.118191226266186	8.72743535288569	0.530419862729815	0.598560139797945	0.960535973285365	-4.97105807807589	APBB3	no	no	no
-0.160789623628429	10.5455677503053	-0.530323926749533	0.598626069803175	0.960535973285365	-4.97108921043554	CLK2	no	no	no
0.0852001662027315	6.88470217054359	0.529688609994986	0.599062764068136	0.961033457452223	-4.97129523869468	CRYBB3	no	no	no
0.109913326189182	7.8306558519453	0.528664141527344	0.599767262168966	0.961157099137761	-4.97162695506067	PIEZO1	no	no	no
0.158983872665348	9.31988589712491	0.528627842838763	0.599792230875531	0.961157099137761	-4.97163869677851	DUSP22	no	no	no
-0.125967944894711	11.76020866807	-0.528509374019979	0.599873725174972	0.961157099137761	-4.97167701297032	HYOU1	no	no	no
-0.0831643540678386	7.4186332491637	-0.528330767751971	0.5999965976286	0.961157099137761	-4.97173476338746	JRK	no	no	no
0.130110892040685	8.55531898916356	0.528235789292392	0.600061943005907	0.961157099137761	-4.9717654658455	FGFR1	no	no	no
-0.0845150732339074	7.97887396313833	-0.528011890167233	0.600215999258933	0.961157099137761	-4.9718378213709	SH3BP1	no	no	no
0.299943361872978	10.7789885099943	0.52795827388057	0.600252893282502	0.961157099137761	-4.97185514360809	FABP5	no	no	no
-0.208966306451638	7.84659619375293	-0.52779802386921	0.600363169607502	0.961157099137761	-4.97190690654878	EFNA4	no	no	no
0.136743306653947	10.2403353331673	0.52742206086963	0.600621926422874	0.961157099137761	-4.9720282871631	GPN1	no	no	no
0.137310702234325	8.30345749200059	0.527216131766416	0.600763679398861	0.961157099137761	-4.97209473589887	CPT2	no	no	no
0.137735851875689	7.72708716352441	0.527181203545747	0.600787724076449	0.961157099137761	-4.97210600393032	PLPBP	no	no	no
0.111723233005187	7.86270983334771	0.52705700103125	0.600873229055507	0.961157099137761	-4.97214606638991	MED9	no	no	no
-0.199601180402873	8.26836535405476	-0.527003713988481	0.60090991530291	0.961157099137761	-4.97216325168659	NAPG	no	no	no
-0.138712490497999	8.78497706234265	-0.526998958959466	0.600913189023397	0.961157099137761	-4.97216478512064	CAPN1	no	no	no
-0.14500429696734	8.75354428438096	-0.526503176704008	0.60125456867164	0.961299035341866	-4.97232459378844	UIMC1	no	no	no
0.238518242950903	8.97460471736248	0.526502113723943	0.601255300702754	0.961299035341866	-4.97232493626692	PKN1	no	no	no
0.25715931781808	11.8034214851575	0.526214394212218	0.601453456735596	0.961413277798548	-4.9724176108214	MT1H	no	no	no
0.076033005276756	12.1143664298384	0.525776079442153	0.60175538824281	0.96155854230282	-4.97255869653913	RPS16	no	no	no
-0.146593671526615	11.9414144088139	-0.525578261308384	0.601891677707885	0.96155854230282	-4.97262233286011	RAB5IF	no	no	no
-0.106325913403546	10.203921168793	-0.525530630076828	0.601924496038271	0.96155854230282	-4.97263765188738	PRPF19	no	no	no
0.113802110460153	8.31875818473648	0.525236270807091	0.602127330650201	0.961569706702389	-4.97273229266504	SGSM2	no	no	no
0.184351922969703	8.92475119146694	0.525019181656938	0.602276941049548	0.961569706702389	-4.97280205661256	EFHD2	no	no	no
-0.140858197923111	8.67031419602517	-0.524939997088506	0.602331516655352	0.961569706702389	-4.97282749638037	EIF3B	no	no	no
-0.107595772514508	8.08059043925166	-0.52478496513109	0.602438374494354	0.961569706702389	-4.97287729286229	UBE2B	no	no	no
0.154964406050467	7.47486577833116	0.524488356177286	0.602642840795966	0.961627937072483	-4.9729725238156	RASL12	no	no	no
-0.184835031048141	8.38975113518414	-0.523633123860223	0.603232573123109	0.961627937072483	-4.97324681349933	RAB11FIP1	no	no	no
-0.0983899507177609	8.49202111462095	-0.523074049034089	0.603618232876645	0.961627937072483	-4.97342588205098	CLDN4	no	no	no
-0.38365822444094	10.5328645287779	-0.522958383003761	0.603698035683028	0.961627937072483	-4.97346290577819	EMX2	no	no	no
-0.300895548561821	8.39605561188969	-0.522592367383916	0.603950597425912	0.961627937072483	-4.97358001131832	PRRG4	no	no	no
-0.241382854260747	8.98494848164022	-0.522568214810817	0.603967265153096	0.961627937072483	-4.97358773602513	HOXC4	no	no	no
0.173652955906539	9.53808317901336	0.522547541690579	0.603981531874515	0.961627937072483	-4.9735943476215	HDHD5	no	no	no
-0.335098503641653	7.40824109381506	-0.522187925285471	0.604229731725334	0.961627937072483	-4.97370931762353	NPAS2	no	no	no
0.13643617846141	8.23237152078022	0.521669125974975	0.604587879854736	0.961627937072483	-4.97387504169136	KDM5B	no	no	no
-0.15912420006996	9.25337656277652	-0.521176366316356	0.604928143043512	0.961627937072483	-4.97403229786807	RBM3	no	no	no
0.168464410106616	9.5877753994839	0.521059306259728	0.605008989082748	0.961627937072483	-4.97406963420791	PHACTR4	no	no	no
0.102307473932932	8.62025361863616	0.520233055398038	0.605579771300524	0.961627937072483	-4.97433293284095	PPIE	no	no	no
-0.147146963321262	7.88282278449525	-0.52014936060626	0.605637602409625	0.961627937072483	-4.97435958068671	NCOA3	no	no	no
-0.129159235848526	7.8495278026563	-0.52009430376324	0.605675646773837	0.961627937072483	-4.97437710810981	MRPS11	no	no	no
0.213339264402333	10.8763522349481	0.520026036650788	0.605722820993231	0.961627937072483	-4.97439883850941	NDUFA9	no	no	no
0.153607830441972	8.43444677102277	0.519918309065501	0.605797266814245	0.961627937072483	-4.97443312404213	ALDH7A1	no	no	no
-0.120388527352818	9.7202468146412	-0.519911050175381	0.605802283268119	0.961627937072483	-4.97443543401575	ATP5MF	no	no	no
0.126528287143686	7.79424514216562	0.519628787382769	0.605997363592504	0.961627937072483	-4.97452523303879	TM2D1	no	no	no
-0.228760492616998	10.9226053383532	-0.519253249509338	0.606256954247458	0.961627937072483	-4.97464463229873	GHITM	no	no	no
0.0738433947761981	6.93287750852502	0.519215509097059	0.606283045164842	0.961627937072483	-4.97465662687071	POLRMT	no	no	no
-0.132084051588791	10.1177652058286	-0.519020637873514	0.606417772924938	0.961627937072483	-4.97471854676944	MRPL16	no	no	no
0.137827414078254	9.16316652948173	0.518767383642909	0.606592885545099	0.961627937072483	-4.97479898361283	SDF2	no	no	no
-0.129883216871607	12.2916148658472	-0.517656023045446	0.607361612274453	0.961627937072483	-4.97515151016085	PRDX6	no	no	no
0.14945484031258	7.08693373160389	0.517538361825259	0.60744302474147	0.961627937072483	-4.97518878912592	MAPK8IP1	no	no	no
0.0955136077070919	7.19900098430242	0.517492071310983	0.607475055580293	0.961627937072483	-4.975203453209	GSN	no	no	no
0.0837933474430427	7.97092733422477	0.517148693071456	0.607712681384649	0.961627937072483	-4.9753121896169	PTGIR	no	no	no
-0.143254085151338	10.0083828789391	-0.517099288014007	0.607746874376668	0.961627937072483	-4.97532782871053	TMEM9B	no	no	no
-0.0930787370287782	9.45884138018066	-0.517092344733763	0.607751679857239	0.961627937072483	-4.97533002647736	SNRPE	no	no	no
0.206296981933064	9.66896200811716	0.517080483542033	0.607759889090661	0.961627937072483	-4.97533378085094	PLGRKT	no	no	no
0.100283351386062	7.03510631292917	0.517059097603109	0.607774690613418	0.961627937072483	-4.97534054983921	CLASP2	no	no	no
0.125245431461926	7.75680783387288	0.516948697171083	0.607851103023077	0.961627937072483	-4.97537548894811	CTSW	no	no	no
0.174037638718333	9.66164565655151	0.51690578549957	0.60788080504794	0.961627937072483	-4.97538906749205	ABITRAM	no	no	no
-0.335029722964349	11.3299604661299	-0.516894817095032	0.607888397118507	0.961627937072483	-4.97539253804751	S100A4	no	no	no
-0.132339631297465	9.21005923451612	-0.516825073708719	0.607936672867388	0.961627937072483	-4.97541460413006	VPS54	no	no	no
-0.088603131917004	8.1961807971169	-0.516727620132919	0.60800413232594	0.961627937072483	-4.97544543252789	BUD23	no	no	no
0.322418533211676	9.82667768800351	0.516639995259747	0.608064791095233	0.961627937072483	-4.97547314684293	THY1	no	no	no
0.0980656783431102	8.48458609828597	0.51656351524854	0.608117737059092	0.961627937072483	-4.9754973324454	KRTAP5-8	no	no	no
0.202919664135719	9.9352286763451	0.51639049586427	0.608237523631733	0.961627937072483	-4.9755520341246	MTX2	no	no	no
0.249811623209833	7.9160804664794	0.516008016831989	0.608502364101905	0.961627937072483	-4.97567289450368	CAV2	no	no	no
0.183753705904449	9.8041171231668	0.516000895970148	0.608507295314039	0.961627937072483	-4.97567514380579	ZNF706	no	no	no
-0.0938224934514044	8.31797061636236	-0.515806714991183	0.608641773161586	0.961627937072483	-4.97573646896148	PACS1	no	no	no
0.104230547664539	8.33743313094763	0.515530259360127	0.608833253026523	0.961627937072483	-4.97582373850294	EFCAB14	no	no	no
0.181923120204937	7.50455989349159	0.515415035456829	0.608913068088176	0.961627937072483	-4.97586009798725	GPR161	no	no	no
-0.201124874761664	7.77079996328584	-0.5151355480592	0.609106687735577	0.961627937072483	-4.97594825846194	ECT2	no	no	no
-0.196869182186791	9.52458750827973	-0.515051769406022	0.609164732346158	0.961627937072483	-4.97597467613655	PRPF6	no	no	no
0.106633966100998	7.58738454822989	0.514935119369428	0.609245555576608	0.961627937072483	-4.97601145201397	CTIF	no	no	no
0.199237488557354	8.07025153236413	0.51405380144485	0.609856353242845	0.961627937072483	-4.97628903765911	ICAM2	no	no	no
0.185907998248752	8.4730976063964	0.514050605863517	0.609858568453919	0.961627937072483	-4.97629004330993	PPP1R15A	no	no	no
-0.15887003856403	11.4734746282073	-0.513872545005444	0.609982007988648	0.961627937072483	-4.97634606942831	RPS21	no	no	no
-0.163723610095018	8.60707227341071	-0.513535494732368	0.610215697355909	0.961627937072483	-4.97645206867948	FANCF	no	no	no
-0.154277916736594	8.72055494370276	-0.513389774958412	0.610316742982015	0.961627937072483	-4.97649787506005	BICRAL	no	no	no
0.0903440241721626	7.93541715547802	0.513204837524602	0.610444994155776	0.961627937072483	-4.97655599094386	SEMA4F	no	no	no
0.212317316402509	10.6917100877375	0.513018010695926	0.610574568166313	0.961627937072483	-4.97661467966531	PRKCI	no	no	no
0.0867579290067573	13.7223040112073	0.512836910373864	0.610700182607321	0.961627937072483	-4.97667154944619	RPS3	no	no	no
-0.098195889227006	10.0305336334946	-0.512520588052504	0.610919617922499	0.961627937072483	-4.97677083478689	UBE2V1	no	no	no
-0.155320356467946	9.5376928068916	-0.512269642726116	0.611093726437215	0.961627937072483	-4.9768495571576	AP2B1	no	no	no
-0.171554112370645	7.82440905133684	-0.512266189712905	0.611096122333014	0.961627937072483	-4.97685064011483	LARP6	no	no	no
-0.122429405430001	7.36681556973205	-0.512217765146856	0.611129722488961	0.961627937072483	-4.97686582659703	CASK	no	no	no
0.0710512496876249	7.04301124119225	0.512191752508603	0.611147772122056	0.961627937072483	-4.97687398386689	RTEL1	no	no	no
-0.13598095859165	8.65633799459954	-0.512155933365364	0.611172626686972	0.961627937072483	-4.97688521567964	NIPBL	no	no	no
0.154030006182045	10.1503614221473	0.512041211438214	0.611252234269037	0.961627937072483	-4.97692118385037	COMMD3	no	no	no
-0.0919713762405502	7.40814666963492	-0.511948293178022	0.611316715385952	0.961627937072483	-4.97695031022486	ARNT	no	no	no
-0.123630539643429	10.3309366902556	-0.511888160861644	0.611358446187052	0.961627937072483	-4.97696915667156	UQCR10	no	no	no
0.0669432581282833	7.53775579768922	0.511807974487761	0.611414096194497	0.961627937072483	-4.9769942850005	SSTR3	no	no	no
-0.138112840491338	7.91811348138016	-0.510954810624559	0.612006342775342	0.961627937072483	-4.97726140479043	CASP8	no	no	no
-0.183083312211342	9.5615426448386	-0.510868489388171	0.612066279614551	0.961627937072483	-4.97728840697598	MCUR1	no	no	no
-0.136423757920945	10.0454184815574	-0.510668026097569	0.612205480948405	0.961627937072483	-4.97735109668844	PEX11B	no	no	no
0.17463113084572	8.69847223024959	0.510632059528113	0.612230457600702	0.961627937072483	-4.9773623417442	HSPG2	no	no	no
0.11412089870465	8.12105674625119	0.510246097153376	0.612498514974683	0.961627937072483	-4.97748296502726	EXOC3	no	no	no
0.0815814974602952	7.69369500544549	0.51020243394484	0.612528843190639	0.961627937072483	-4.97749660527015	NR0B2	no	no	no
0.0849015899540165	7.91207377245708	0.510175697095596	0.612547414793093	0.961627937072483	-4.97750495720751	DUSP8	no	no	no
-0.119708523110137	7.84511561854594	-0.509977650508968	0.612684987359782	0.961627937072483	-4.97756680871587	ABCC3	no	no	no
0.0960054845877597	7.97290580221575	0.509727395621703	0.612858846505684	0.961627937072483	-4.97764493152146	ZNF358	no	no	no
0.135624449679667	7.54558417012242	0.509484043121168	0.613027932003823	0.961627937072483	-4.97772086343469	PTDSS2	no	no	no
0.170013456178783	9.15485649190891	0.509238059036162	0.613198867644674	0.961627937072483	-4.97779758023679	FOSL2	no	no	no
-0.120321330249603	7.81071440742802	-0.508699670812834	0.613573072464898	0.961627937072483	-4.97796536408179	RCHY1	no	no	no
0.0843455286638996	7.05613958393358	0.508608390124428	0.613636527122208	0.961627937072483	-4.97799379358606	HERC2	no	no	no
-0.133730289241264	10.392511780011	-0.508484084108085	0.613722944476136	0.961627937072483	-4.97803250081033	TSG101	no	no	no
0.1056264186552	7.13282066501453	0.508429547782218	0.613760859800797	0.961627937072483	-4.97804947975393	ZC4H2	no	no	no
0.143764311504236	8.0101314391479	0.507982882709653	0.614071435284495	0.961627937072483	-4.97818847382362	ARHGEF6	no	no	no
0.0929625331552011	7.53628858485136	0.507944565897698	0.614098081097495	0.961627937072483	-4.97820039172656	ZER1	no	no	no
0.0783248382524158	11.4906270889358	0.507880956599101	0.614142316669815	0.961627937072483	-4.97822017454835	RPL10A	no	no	no
-0.172008166823252	8.86868613542043	-0.507659213322301	0.614296534118395	0.961627937072483	-4.97828911880938	GGPS1	no	no	no
0.1755587418344	10.6048172407487	0.507658101965232	0.614297307086657	0.961627937072483	-4.97828946427717	VPS51	no	no	no
0.100264361626003	7.76733551157363	0.507617894285102	0.614325272529151	0.961627937072483	-4.97830196242272	PSKH1	no	no	no
-0.14267295198773	9.19157243338307	-0.507563564002391	0.614363061515653	0.961627937072483	-4.97831884888839	MAP3K4	no	no	no
0.256379120742424	9.41628481366841	0.507359193608839	0.614505219174368	0.961627937072483	-4.97838235359901	JUN	no	no	no
0.221969462506021	7.55668093786365	0.506268399932319	0.615264216007547	0.961627937072483	-4.97872087431931	TRIM17	no	no	no
0.107585995356891	8.87697858834676	0.506076814275082	0.615397569328321	0.961627937072483	-4.97878025771161	AVPI1	no	no	no
-0.127716357535592	8.39072444711555	-0.506058304173818	0.615410453993148	0.961627937072483	-4.97878599388357	COMMD10	no	no	no
-0.194014735084381	7.72606429875941	-0.505991372392044	0.615457045447624	0.961627937072483	-4.97880673392886	TRMT13	no	no	no
-0.0993427581811841	7.54498343147463	-0.505917793688096	0.615508265700777	0.961627937072483	-4.97882953053253	UBE2I	no	no	no
0.128879678947072	9.63960617326949	0.50566099227542	0.615687047750912	0.961627937072483	-4.97890906876975	UBXN6	no	no	no
0.208056426119173	7.10927231974787	0.505643806098665	0.615699013403449	0.961627937072483	-4.97891439036861	CD44	no	no	no
-0.216182894504331	8.70225314215251	-0.505540192844119	0.615771155028479	0.961627937072483	-4.9789464698366	SOD3	no	no	no
0.169899191575948	8.52472853503365	0.505390415648885	0.615875445491408	0.961627937072483	-4.97899283059138	WDR6	no	no	no
-0.107974173568337	8.70825006199827	-0.505336465474304	0.615913013182272	0.961627937072483	-4.97900952655847	RAD17	no	no	no
0.220879911215528	7.9461776812029	0.5051945300643	0.616011853531016	0.961627937072483	-4.97905344295516	COX7A1	no	no	no
0.163259261256832	8.68272000440308	0.505065450588042	0.616101747581999	0.961627937072483	-4.97909337104898	PPP2R3A	no	no	no
-0.124966277510517	7.48706992674552	-0.50459603071022	0.616428713129938	0.961627937072483	-4.97923849187951	EPS8L2	no	no	no
0.0839872525191613	7.36800468324389	0.504494635669172	0.616499348280387	0.961627937072483	-4.97926982065753	CBY1	no	no	no
0.14226093315525	11.0975992050597	0.504490196982697	0.616502440500669	0.961627937072483	-4.97927119196996	HSD17B10	no	no	no
-0.129908059986703	7.91786207376495	-0.504423409401868	0.616548969059901	0.961627937072483	-4.97929182426319	API5	no	no	no
0.119414842915689	10.3508443442415	0.504218329012541	0.616691851321795	0.961627937072483	-4.97935516174765	RPIA	no	no	no
-0.16723351969144	8.09113154195231	-0.503870361487316	0.616934319357162	0.961627937072483	-4.97946257086002	MYO1F	no	no	no
0.18442465274576	7.95105316204942	0.503832845028903	0.616960463868494	0.961627937072483	-4.97947414692305	CEP70	no	no	no
0.169724460958317	7.92001358124026	0.503676217731579	0.617069619904456	0.961627937072483	-4.97952246662002	COTL1	no	no	no
0.156699087188096	9.38468608856887	0.503441602105011	0.617233143627601	0.961627937072483	-4.97959481815985	MMS19	no	no	no
-0.0643878488660101	6.89786432269122	-0.503235339477906	0.617376921949298	0.961627937072483	-4.97965839872102	NUP188	no	no	no
0.116486063763506	7.54026662110091	0.503039446728397	0.61751348585681	0.961627937072483	-4.97971875903573	STRN3	no	no	no
-0.087225453975356	8.09375669900018	-0.502886200850766	0.617620328635263	0.961627937072483	-4.97976596248117	PPME1	no	no	no
0.412634608634395	10.5513940214752	0.50246923574435	0.617911078433531	0.961627937072483	-4.97989432623255	SERPINF1	no	no	no
-0.123806133709142	9.38715225167897	-0.502422496392001	0.617943673651063	0.961627937072483	-4.97990870853128	RALY	no	no	no
-0.151562411479697	9.26313027162669	-0.502219041286726	0.618085568801446	0.961627937072483	-4.97997129894686	TCIRG1	no	no	no
0.143014606532988	8.67972302246841	0.502013250806848	0.618229107711938	0.961627937072483	-4.98003458244405	TMEM39B	no	no	no
-0.1333580484278	8.13532444024565	-0.50186980584937	0.61832916952885	0.961627937072483	-4.98007867871761	E2F1	no	no	no
-0.127900460781662	8.02909347476403	-0.501857941248426	0.618337446157212	0.961627937072483	-4.98008232544789	OSBPL8	no	no	no
0.111561177014645	9.37766067971124	0.501673449838245	0.618466151992439	0.961627937072483	-4.9801390202285	NOP56	no	no	no
0.13770512306026	9.27123134158244	0.501391259837094	0.618663038260405	0.961627937072483	-4.98022569841928	SLC29A3	no	no	no
-0.126662451072773	11.6782993386661	-0.501386923166987	0.618666064211712	0.961627937072483	-4.98022703010748	ATP1A1	no	no	no
0.125913540718692	6.89342621497478	0.501328160532263	0.618707067038422	0.961627937072483	-4.98024507359752	LDLR	no	no	no
0.124114895179192	9.02564068546202	0.501086595577241	0.618875636820687	0.961627937072483	-4.98031922600195	MUTYH	no	no	no
0.127909932117514	7.53848076099355	0.501015266099612	0.618925416200478	0.961627937072483	-4.9803411150553	AAMDC	no	no	no
-0.118276680869075	9.05078888064852	-0.500913872931963	0.618996179527975	0.961627937072483	-4.98037222455201	NDUFC1	no	no	no
-0.11781248239378	8.68502463764773	-0.500885488573699	0.619015989916696	0.961627937072483	-4.98038093234374	ZRSR2	no	no	no
0.106523870042887	9.68293601566014	0.500798968544907	0.619076376893448	0.961627937072483	-4.98040747208008	RHOG	no	no	no
-0.158732043291286	9.35345140744273	-0.500765501797746	0.619099735848463	0.961627937072483	-4.98041773668583	NOLC1	no	no	no
-0.158747408933604	7.83121084141171	-0.500726029312049	0.619127287171127	0.961627937072483	-4.98042984244786	CD3D	no	no	no
-0.153144074208262	9.84759558707186	-0.500483124483694	0.619296844028196	0.961627937072483	-4.98050431793053	METAP1	no	no	no
0.166126425047167	9.48271276488124	0.500373014192323	0.619373712130212	0.961627937072483	-4.98053806642679	GTF2E2	no	no	no
0.0903848939725669	7.40084457841061	0.500115482856108	0.619553511830926	0.961627937072483	-4.98061697053766	ZFYVE9	no	no	no
0.220744254794973	9.0109034216959	0.499938246116045	0.619677266238669	0.961627937072483	-4.98067125025791	PRELP	no	no	no
0.155028593136089	9.44158593122703	0.499836789293553	0.619748112830452	0.961627937072483	-4.98070231344569	PMF1	no	no	no
-0.171648736028587	8.78063703706527	-0.499739766426153	0.61981586664159	0.961627937072483	-4.98073201328109	FEM1C	no	no	no
-0.152030710253503	8.22856619167836	-0.499388100583108	0.620061472850721	0.961627937072483	-4.98083961477336	TMEM51	no	no	no
-0.159177773147132	11.3590387252303	-0.498771606326236	0.620492143216286	0.961627937072483	-4.98102806771274	ANXA5	no	no	no
0.0980905123265311	7.31098877154668	0.498540088159033	0.620653911917558	0.961627937072483	-4.98109878014834	LRRC23	no	no	no
0.161696039496461	8.66647765120327	0.498374348243283	0.620769731046564	0.961627937072483	-4.98114938213862	LRP6	no	no	no
-0.137668562575747	8.16885489688034	-0.498319031052671	0.620808388891379	0.961627937072483	-4.98116626732434	SRSF11	no	no	no
-0.274208450036804	9.93391642980359	-0.498059289788425	0.62098992087586	0.961627937072483	-4.98124552687109	UBE2S	no	no	no
-0.127274214654643	7.15360591201653	-0.497963843225189	0.621056634047686	0.961627937072483	-4.98127464199071	FRAT1	no	no	no
-0.302075321054427	8.90640529736566	-0.497881338293547	0.621114304157855	0.961627937072483	-4.98129980495738	CDH2	no	no	no
-0.224785109340135	9.42291512543637	-0.497618063116096	0.621298346952079	0.961627937072483	-4.98138007314372	CETN3	no	no	no
-0.184153861817743	8.93160885463959	-0.497301084482838	0.621519963755127	0.961627937072483	-4.98147665918792	ASF1A	no	no	no
-0.166545857024607	9.58764012403086	-0.496571701025919	0.622030049920694	0.961627937072483	-4.98169867844227	HAUS4	no	no	no
0.119592658007371	7.35176287512181	0.496372828452827	0.622169161860305	0.961627937072483	-4.98175915823747	FSD1	no	no	no
0.180969872007125	8.45913961064076	0.496269549345865	0.622241411406983	0.961627937072483	-4.98179055738314	PCBP4	no	no	no
-0.102241103666474	12.5593882591647	-0.49614173110626	0.622330832674912	0.961627937072483	-4.9818294080686	SRP14	no	no	no
0.20729878256338	9.88666776191397	0.495491658217639	0.622785711050364	0.961627937072483	-4.98202684700081	BMI1	no	no	no
0.167840932766512	9.48940277576422	0.495398065396504	0.622851213451377	0.961627937072483	-4.98205525186104	ADI1	no	no	no
-0.118409761973514	11.6279775163159	-0.49533481679911	0.622895480722265	0.961627937072483	-4.9820744444413	PPT1	no	no	no
-0.285857222912617	8.12253021223303	-0.495273040012055	0.622938719245228	0.961627937072483	-4.98209318807755	KCNN4	no	no	no
-0.152434713311953	8.27106359263542	-0.495219326173887	0.622976315480381	0.961627937072483	-4.98210948347235	GPRC5B	no	no	no
-0.10603675302521	8.96115329196414	-0.495194878482834	0.622993427630134	0.961627937072483	-4.98211689969607	RPA1	no	no	no
0.127553431533252	8.7441398077741	0.494609399757142	0.623403296140808	0.961627937072483	-4.98229439743018	EEF1AKMT3	no	no	no
-0.161230703043249	7.8475914508739	-0.494251887358854	0.623653634621922	0.961627937072483	-4.98240268171315	ST6GAL1	no	no	no
-0.190906681823515	7.48599120168871	-0.49423584136626	0.623664871454164	0.961627937072483	-4.98240753995818	SYNM	no	no	no
-0.214438270416504	9.04153999089379	-0.493851945518226	0.6239337365282	0.961627937072483	-4.98252372581815	LGALS9	no	no	no
0.088131018099108	8.50279887647671	0.493793917469554	0.623974381532598	0.961627937072483	-4.98254128024373	WDR74	no	no	no
-0.159671060370697	7.93883919986092	-0.493565757666053	0.624134204637866	0.961627937072483	-4.98261028259966	ATAT1	no	no	no
-0.16422015818934	9.27267045005095	-0.493485380065656	0.624190512510373	0.961627937072483	-4.9826345837166	LSG1	no	no	no
-0.0766113567268941	7.85009119849661	-0.49339879819996	0.624251169272977	0.961627937072483	-4.98266075625423	ELOVL5	no	no	no
-0.138044423631183	10.2482790362495	-0.493323532767507	0.624303900210597	0.961627937072483	-4.98268350431345	AMOTL2	no	no	no
-0.165577832553756	8.96965657425612	-0.493222690109437	0.624374553667119	0.961627937072483	-4.98271397742343	VANGL1	no	no	no
-0.0998828906089275	8.5775694929726	-0.49304315662961	0.624500349174855	0.961627937072483	-4.98276821452194	USP7	no	no	no
0.165739882923208	8.90620542506758	0.492964633179558	0.624555372543081	0.961627937072483	-4.98279193036225	EMC8	no	no	no
0.057838410917674	6.50516082102681	0.492557570654679	0.624840646288306	0.961627937072483	-4.98291481276842	RPF1	no	no	no
-0.127163243475189	8.64724183899166	-0.492501361961442	0.624880042512763	0.961627937072483	-4.98293177297317	CISH	no	no	no
-0.0809786803130995	8.41466956446675	-0.49248068082125	0.624894538038147	0.961627937072483	-4.98293801274506	SRRT	no	no	no
-0.128049583281837	8.09686340472695	-0.492401160157089	0.624950275910226	0.961627937072483	-4.98296200277259	NGLY1	no	no	no
0.118156899111755	9.60651417114006	0.492293126845142	0.625026002514459	0.961627937072483	-4.98299458847056	NDUFS8	no	no	no
-0.0468263853825625	14.1819002575756	-0.491897440651791	0.625303396137985	0.961627937072483	-4.9831138777756	RPL41	no	no	no
0.120075972501716	7.12600040754356	0.491891701500527	0.625307419942665	0.961627937072483	-4.98311560728885	FOXO1	no	no	no
0.124969697075409	11.3455400659262	0.491662262525767	0.625468292502334	0.961627937072483	-4.98318473325494	NDUFB11	no	no	no
-0.153587192305538	9.20175260691712	-0.491619482243977	0.625498290205101	0.961627937072483	-4.98319761869727	PRR11	no	no	no
0.288605782069571	10.4823971179025	0.491517465671629	0.625569827219917	0.961627937072483	-4.9832283416861	DPYSL2	no	no	no
0.187152115050702	8.69767745605828	0.491503614931877	0.625579540046621	0.961627937072483	-4.98323251244726	UGT2B28	no	no	no
-0.105793200184809	9.10989959131885	-0.491482026726257	0.625594678902893	0.961627937072483	-4.98323901289822	PIP5K1C	no	no	no
-0.154564162740757	9.63559411473888	-0.491295622165897	0.625725402996511	0.961627937072483	-4.98329512971273	MRPL17	no	no	no
-0.131131212925803	9.08879831638549	-0.490867108535744	0.626025962519996	0.961627937072483	-4.98342405364819	SRSF10	no	no	no
0.116383780550725	9.42809259280281	0.49073783811148	0.626116645449326	0.961627937072483	-4.98346292460545	UBA2	no	no	no
-0.128181147679834	9.35256629283165	-0.490499783807702	0.626283655356313	0.961627937072483	-4.98353447995252	NCAPD3	no	no	no
0.114500521583475	9.6923158564546	0.490288053837782	0.626432213780735	0.961627937072483	-4.98359809390513	WDR70	no	no	no
-0.127884963001866	8.61148331275802	-0.489632517549627	0.62689226440232	0.961627937072483	-4.98379487735795	PCBP2	no	no	no
0.126625539222521	8.18910097071146	0.489064443494248	0.627291056220745	0.961627937072483	-4.983965196164	OSTF1	no	no	no
-0.218168653966715	7.89705814902165	-0.488448758226039	0.627723398768677	0.961627937072483	-4.98414956986031	GPSM2	no	no	no
-0.14802185893558	8.38529070770059	-0.488177765539625	0.627913735459706	0.961627937072483	-4.98423064911741	SLC25A44	no	no	no
-0.129509861714681	8.5529855595818	-0.48813500035896	0.627943774711358	0.961627937072483	-4.98424344013553	RABIF	no	no	no
0.117512267286129	7.82702318009673	0.488076331623283	0.627984986026025	0.961627937072483	-4.98426098609439	AARSD1	no	no	no
-0.0877994673897439	8.02752046496978	-0.48805898577058	0.627997170691015	0.961627937072483	-4.98426617329133	RNF40	no	no	no
0.165693819350138	8.92048499890594	0.487737562452952	0.628222974804515	0.961627937072483	-4.98436226060294	ACAT2	no	no	no
-0.12162915384115	7.8905517190125	-0.487731491108638	0.628227240350604	0.961627937072483	-4.98436407499024	FOXRED2	no	no	no
0.121554476024587	7.70913512982186	0.487620918692436	0.628304927493037	0.961627937072483	-4.98439711504822	LPCAT3	no	no	no
0.116340331721581	7.66300325503756	0.487589353549996	0.628327105648231	0.961627937072483	-4.98440654565067	SMIM10L1	no	no	no
0.263361553821812	8.78976633011766	0.487557612259588	0.628349407917996	0.961627937072483	-4.9844160282741	TLR5	no	no	no
-0.217933997427137	8.65146209074858	-0.487394919507366	0.628463725660556	0.961627937072483	-4.98446462274582	ACTR3B	no	no	no
0.116341800053158	9.15274144988875	0.487340323917622	0.628502089883059	0.961627937072483	-4.98448092624822	NFKBIA	no	no	no
0.102718491305231	7.09061881971735	0.486767911495288	0.628904385587114	0.961627937072483	-4.98465175353799	CARMIL1	no	no	no
0.224979189192064	10.0018597233148	0.486475051046918	0.629110254212291	0.961627937072483	-4.9847390765926	RSRP1	no	no	no
-0.210016199951286	10.3595035781378	-0.48646683804694	0.629116028037561	0.961627937072483	-4.98474152474085	DSG2	no	no	no
-0.118228820807171	11.9599638985074	-0.486365368971599	0.629187363800259	0.961627937072483	-4.98477176749815	TRMT112	no	no	no
0.0919187949030153	12.2449398335962	0.486250927527476	0.629267823821439	0.961627937072483	-4.98480586920314	GNG5	no	no	no
0.142409675036716	9.60576259668474	0.486230998197872	0.629281835944514	0.961627937072483	-4.98481180701415	PDHX	no	no	no
-0.105784799292506	8.02137381175861	-0.485999324118583	0.629444733936811	0.961627937072483	-4.98488081517836	CWF19L1	no	no	no
-0.0828229663147184	7.74069325334924	-0.485954908434063	0.629475966260903	0.961627937072483	-4.98489404146509	TMCC1	no	no	no
-0.140930991172729	9.55452498447901	-0.48595478679063	0.629476051799356	0.961627937072483	-4.98489407768694	AATF	no	no	no
-0.203187442143453	9.2061200303263	-0.485825603988	0.629566894767164	0.961627937072483	-4.98493253950266	PTPRU	no	no	no
-0.245035836540176	9.71881322709861	-0.485431762095281	0.629843885135412	0.961627937072483	-4.98504973657565	ASAP2	no	no	no
0.135776171844811	9.32506484610033	0.485092933665589	0.630082227478827	0.961627937072483	-4.98515048818159	STAM	no	no	no
0.13393524567408	7.56337201546675	0.485070587748899	0.630097947686011	0.961627937072483	-4.98515713036908	FBXL14	no	no	no
0.214821584072967	7.87518119826542	0.484840676368663	0.630259698918211	0.961627937072483	-4.98522545262695	RHOF	no	no	no
-0.209483500533915	10.1292727116475	-0.48476719407741	0.630311400321514	0.961627937072483	-4.98524728247103	EFNA1	no	no	no
0.127721313770257	8.72376574708172	0.484752027376944	0.630322071693257	0.961627937072483	-4.98525178773198	DCP1A	no	no	no
-0.126598027342897	11.4821810805705	-0.484675380240257	0.630376002250867	0.961627937072483	-4.9852745536032	SEC61G	no	no	no
-0.0956982272201626	8.19910449559717	-0.484375808374272	0.630586806952518	0.961627937072483	-4.98536349897571	CRCP	no	no	no
0.156531689493218	10.9307963540141	0.484313896024488	0.630630377724858	0.961627937072483	-4.98538187451337	ARL6IP5	no	no	no
-0.119915840777889	8.42577308167292	-0.483965058011881	0.630875897078371	0.961627937072483	-4.9854853661329	CUL1	no	no	no
0.142793000306935	9.18750914330206	0.483952291473267	0.630884883230717	0.961627937072483	-4.98548915225655	PGAP2	no	no	no
-0.199718517016683	9.18903374291639	-0.483736677314685	0.631036658954899	0.961627937072483	-4.98555308126654	GPS2	no	no	no
0.107244601706804	10.6477276382028	0.483579411041788	0.631147372434016	0.961627937072483	-4.98559969259286	PRKCSH	no	no	no
0.166819969936867	9.76858387586269	0.483537609073685	0.631176801935855	0.961627937072483	-4.98561207954811	FASTKD1	no	no	no
0.274081919847295	6.99571541568276	0.482950115416595	0.631590474378378	0.961627937072483	-4.98578605686313	BST1	no	no	no
0.111552911694929	7.67784433140505	0.48264940162356	0.631802262491159	0.961627937072483	-4.98587502808129	APPBP2	no	no	no
0.107395664611582	8.88540878401432	0.482640255924735	0.631808704156924	0.961627937072483	-4.98587773313446	EIF2B3	no	no	no
-0.15437850062259	10.7262161908754	-0.48257804181082	0.631852524706839	0.961627937072483	-4.98589613306607	SERINC1	no	no	no
-0.274233751536818	8.89090238211154	-0.482257314713387	0.632078450280546	0.961627937072483	-4.98599095159449	RRAGD	no	no	no
0.215999342698758	8.82705091745823	0.481792882084489	0.632405667495223	0.961627937072483	-4.98612814462681	SEMA3C	no	no	no
0.128193584315145	8.8868154602683	0.481663377976273	0.632496923242266	0.961627937072483	-4.9861663768249	KLC2	no	no	no
-0.146027949896496	9.22124144499136	-0.481648072633452	0.632507708614984	0.961627937072483	-4.98617089459874	EXT2	no	no	no
-0.115368908911437	8.47118760116733	-0.481528008035373	0.632592318572552	0.961627937072483	-4.98620632991245	HDAC2	no	no	no
0.0823210179937184	7.5025030534547	0.4813531427557	0.63271555567545	0.961627937072483	-4.98625792328235	B4GAT1	no	no	no
0.2599547551749	8.28998633563641	0.480827761101747	0.633085884297061	0.961627937072483	-4.98641282420697	DNM1	no	no	no
-0.126806824763018	10.6982593659668	-0.480795211376162	0.63310883093269	0.961627937072483	-4.98642241552559	TRAM1	no	no	no
0.171193379550963	9.17569302410451	0.480781950215629	0.633118179780472	0.961627937072483	-4.98642632296399	HMG20A	no	no	no
0.0928870740354449	7.18880939101345	0.480753098450818	0.633138519895966	0.961627937072483	-4.98643482385124	DLK2	no	no	no
0.175155125987179	9.17772474933189	0.480676757841226	0.633192340408842	0.961627937072483	-4.98645731443324	CREBL2	no	no	no
0.0838390445407158	7.53042652336819	0.480571709359075	0.633266403402217	0.961627937072483	-4.98648825684328	FBXW12	no	no	no
-0.102303791136437	9.54674050096124	-0.47976598815037	0.633834592598182	0.961627937072483	-4.98672536343813	ZMYM4	no	no	no
-0.172514479298473	8.24306658932809	-0.47972568492948	0.633863020034108	0.961627937072483	-4.98673721352549	RASSF2	no	no	no
0.24988504527956	8.9902749550688	0.479721282295923	0.633866125417418	0.961627937072483	-4.98673850794308	TM7SF2	no	no	no
-0.0846160769990591	8.68152332997852	-0.479719775949708	0.633867187915371	0.961627937072483	-4.986738950821	ZBED5	no	no	no
-0.158666505754145	9.90931752734312	-0.479595288554236	0.633954997523807	0.961627937072483	-4.98677554638349	ACVR1	no	no	no
0.095521820168717	7.13200245864059	0.479523732631111	0.634005473302889	0.961627937072483	-4.98679657744531	SUPT20H	no	no	no
-0.296856061971965	8.38896557573831	-0.479164961444126	0.634258578230926	0.961627937072483	-4.98690197758308	LRP8	no	no	no
0.0884448241721382	10.0229948388433	0.479133031781463	0.6342811060299	0.961627937072483	-4.98691135414367	RING1	no	no	no
0.0886706290584999	8.53775995934973	0.479026990581333	0.634355925336159	0.961627937072483	-4.98694249010422	CLOCK	no	no	no
-0.217173096316362	8.70786015258984	-0.478949692897294	0.634410466567328	0.961627937072483	-4.9869651820766	MYO6	no	no	no
0.183149830651169	9.87895451650328	0.47894477012517	0.634413940144023	0.961627937072483	-4.98696662711296	PRAF2	no	no	no
-0.384419459792152	8.0976860260816	-0.478786032622488	0.634525952008696	0.961627937072483	-4.98701321526505	CDH6	no	no	no
0.0758889262145877	7.99005877405795	0.478741735780113	0.634557211272181	0.961627937072483	-4.98702621330906	TCOF1	no	no	no
-0.133968129015827	8.65028604952614	-0.478488239392445	0.634736110824783	0.961627937072483	-4.98710057408801	DPM2	no	no	no
-0.0522025258249599	7.22333139813604	-0.478348565640046	0.634834691971608	0.961627937072483	-4.98714152948982	ZNF710	no	no	no
-0.159700520196342	9.35264495482953	-0.478348061149196	0.63483504805128	0.961627937072483	-4.98714167739622	NELFB	no	no	no
0.0913655181634699	9.46683034467965	0.478115565550852	0.634999157374714	0.961627937072483	-4.98720982400184	BRMS1	no	no	no
-0.120409288332108	8.62970306889157	-0.477906892568597	0.635146467082052	0.961627937072483	-4.98727096018556	CCND3	no	no	no
-0.121229300670019	9.01228295943574	-0.477741794057389	0.635263026611515	0.961627937072483	-4.98731931146279	ABHD10	no	no	no
0.165319471531275	8.79645165264175	0.47773169593142	0.635270156190999	0.961627937072483	-4.98732226829808	HEXIM1	no	no	no
-0.262393121067687	8.54401581899393	-0.477317890505238	0.635562345326643	0.961627937072483	-4.98744338182815	KIF18B	no	no	no
-0.132145992344791	8.88974952243269	-0.47725267954056	0.635608396325892	0.961627937072483	-4.98746245849303	AK1	no	no	no
0.0902405875432878	6.5348289246409	0.477246175630372	0.635612989369139	0.961627937072483	-4.98746436099106	TESC	no	no	no
-0.10020680058844	10.0355797643365	-0.47712233837738	0.635700445660657	0.961627937072483	-4.98750058049993	CTDSP1	no	no	no
0.12104961853787	8.4967157061221	0.476965173714095	0.635811445995606	0.961627937072483	-4.98754653416478	KATNA1	no	no	no
-0.410968593076542	9.47714660615159	-0.476826281058656	0.635909548451036	0.961627937072483	-4.98758713282798	NMU	no	no	no
0.122673142025073	8.11234672983525	0.476735496028723	0.635973675173889	0.961627937072483	-4.98761366321864	RNF24	no	no	no
-0.133646651499044	7.88092265764185	-0.476615653706497	0.636058331071006	0.961627937072483	-4.98764867749019	PPP2R1B	no	no	no
0.247873109613051	9.29775678144153	0.476324261718434	0.636264189155333	0.961747543288978	-4.98773377715958	COL6A2	no	no	no
0.0845240232786796	7.89749764739659	0.47592623024021	0.636545431250105	0.961981026155307	-4.98784993753375	TLN1	no	no	no
0.0969797721464004	8.91630878283394	0.475293629843001	0.63699252723856	0.962254021783047	-4.98803435695728	TCF25	no	no	no
-0.195432658486301	9.8280712831769	-0.475206125217144	0.63705438269405	0.962254021783047	-4.98805984779689	NOTCH2NLA	no	no	no
-0.104731795672479	7.74905561202052	-0.475072503596842	0.637148842480255	0.962254021783047	-4.98809876398522	ATG3	no	no	no
-0.137969251929487	8.80453939632834	-0.474821204545028	0.637326507322301	0.962254021783047	-4.98817192353751	IL2RG	no	no	no
-0.120781287574095	7.69101781172452	-0.47475614276913	0.637372508586506	0.962254021783047	-4.98819085846104	ACVR2B	no	no	no
0.0740840725985009	6.85831756439802	0.474594293404775	0.637486948801183	0.962254021783047	-4.98823795037776	SLC11A1	no	no	no
-0.120022391286376	11.0790011202906	-0.474334391565919	0.637670738540387	0.962261904427564	-4.98831353867533	AHCY	no	no	no
-0.0913570002404848	7.17960577004717	-0.474228257018268	0.637745798282317	0.962261904427564	-4.98834439448008	DCP2	no	no	no
-0.422910970606774	9.18661073954274	-0.473996064874471	0.637910021016742	0.962318337867801	-4.98841187446222	SNAI2	no	no	no
-0.182982774206379	10.6773573795422	-0.473664432506569	0.63814460682957	0.962480873906336	-4.98850819741866	USP1	no	no	no
0.118412003575114	8.20213797345776	0.473359064348564	0.638360647382975	0.962615380036172	-4.98859683315817	PREPL	no	no	no
0.134573943670679	6.87132573934518	0.473137907289025	0.638517130481796	0.962660040948911	-4.98866099072996	ALK	no	no	no
0.132188086931873	7.14524573029923	0.47288636993406	0.638695129890621	0.96268005659148	-4.98873392569974	MAP4K2	no	no	no
0.50982172379734	8.58266926146599	0.47276059227571	0.638784144035069	0.96268005659148	-4.98877038145406	APOA1	no	no	no
-0.134507285144912	9.13836851153684	-0.47215840840359	0.639210390403915	0.962860407266962	-4.98894478772797	KLHL12	no	no	no
0.132968789900372	8.99766072282966	0.472140843396451	0.639222825370318	0.962860407266962	-4.98894987166902	MTRR	no	no	no
0.158168682325376	8.31507616990189	0.472053737200124	0.639284492858587	0.962860407266962	-4.98897508056232	PLSCR1	no	no	no
-0.156972685819953	8.03340582167995	-0.47170152349942	0.639533871522022	0.962933538325884	-4.98907696592155	SASH3	no	no	no
-0.196098721558893	8.64978090764825	-0.471626703364407	0.639586852024572	0.962933538325884	-4.98909859959691	CENPA	no	no	no
0.127030752001036	8.24896124897758	0.470856459700198	0.640132375931989	0.963192091941344	-4.98932111308484	ZNF134	no	no	no
-0.151077607351573	10.9111482408965	-0.470827842267726	0.64015264806827	0.963192091941344	-4.98932937338658	BZW2	no	no	no
-0.171084534973764	10.6078027996787	-0.470639014255783	0.640286417814153	0.963192091941344	-4.98938386539483	TNFRSF1A	no	no	no
-0.152256671001534	7.2583155235114	-0.470612263844668	0.640305369348402	0.963192091941344	-4.98939158328915	ADA	no	no	no
-0.102899520822798	8.80537295145731	-0.470311809726507	0.640518245059144	0.963192091941344	-4.98947823910188	COMMD4	no	no	no
0.113322701325259	7.97823052225562	0.470309047300663	0.64052020241645	0.963192091941344	-4.98947903557698	ZFYVE26	no	no	no
0.111578066745772	9.35738400731117	0.469791383196048	0.64088704659078	0.963552785720397	-4.98962820943518	ATG9A	no	no	no
0.115208749083349	8.77345164246772	0.469606757581832	0.641017904050228	0.963558608544597	-4.9896813733217	TREX1	no	no	no
-0.239310445555159	10.3730209639614	-0.469018242411505	0.64143510418442	0.963994765409265	-4.98985070178598	PRSS8	no	no	no
-0.0833695552712796	7.50883509948994	-0.46765784544795	0.642399942212847	0.964545757857238	-4.99024131610135	ARL3	no	no	no
0.0532432701410327	7.82389699566212	0.467651651002444	0.642404336947107	0.964545757857238	-4.99024309217051	NUDCD3	no	no	no
0.112110120542562	8.89451004158857	0.467432713048421	0.642559673803374	0.964545757857238	-4.99030585108559	NBPF1	no	no	no
-0.124089452394209	8.15586787618004	-0.467250446996235	0.642689004228886	0.964545757857238	-4.99035807584242	PAK2	no	no	no
0.0960820414607004	7.34519137693745	0.4670667892245	0.64281933351961	0.964545757857238	-4.99041067905933	RABEPK	no	no	no
-0.0913041867952211	7.89790400415884	-0.466360870808166	0.643320381207451	0.964545757857238	-4.99061267826698	PCDHGC3	no	no	no
0.0774377933090487	8.88221747757081	0.466259420580177	0.643392402491278	0.964545757857238	-4.99064168358879	PUM2	no	no	no
0.145432212714881	7.59610299181557	0.465677417871969	0.643805643363621	0.964545757857238	-4.99080796196565	ACTL8	no	no	no
0.125961214605051	8.18358872285412	0.465663925495045	0.643815224743623	0.964545757857238	-4.990811814314	MYH14	no	no	no
-0.138182507795938	7.18116819448535	-0.465400747408877	0.644002128402999	0.964545757857238	-4.99088693500838	AURKB	no	no	no
0.129625780794294	8.19796513146887	0.465340961078478	0.644044590673766	0.964545757857238	-4.99090399438724	TSPAN9	no	no	no
-0.0532263497134112	6.80689683119796	-0.464607214993308	0.644565819854507	0.964545757857238	-4.99111318485351	TNK2	no	no	no
-0.142412587089317	8.1745354131567	-0.464503593812425	0.644639443533797	0.964545757857238	-4.99114270094741	CRELD1	no	no	no
-0.134608227017645	9.19675780143638	-0.464369809100561	0.644734503980198	0.964545757857238	-4.99118079940589	SLC35A5	no	no	no
0.0877800286044925	7.16077015678724	0.464361465400062	0.644740432778316	0.964545757857238	-4.99118317511956	SBF1	no	no	no
-0.209712302443325	8.60879130577468	-0.464197165971018	0.644857184080687	0.964545757857238	-4.99122994775435	YBX2	no	no	no
-0.1690272337026	9.05292304703924	-0.464047752290923	0.644963365430244	0.964545757857238	-4.99127246855625	PRCC	no	no	no
0.114128183803754	7.85068808215981	0.463710694997006	0.6452029238917	0.964545757857238	-4.99136834023518	ZBTB48	no	no	no
0.149115881255141	10.0859827682253	0.463708664773149	0.645204366958671	0.964545757857238	-4.99136891749854	POLR2K	no	no	no
0.139198827754385	7.75976027891121	0.463442256951789	0.645393739518002	0.964545757857238	-4.99144464490169	LUC7L	no	no	no
0.257957241211483	9.31448914930238	0.463399928186782	0.645423830566213	0.964545757857238	-4.9914566730581	PHYH	no	no	no
-0.110165121828148	8.69950490616284	-0.463161005698642	0.64559368917448	0.964545757857238	-4.99152454503964	PLEK2	no	no	no
0.155199800201761	9.41163123346729	0.463034630268009	0.645683541763154	0.964545757857238	-4.99156043122365	ECHDC2	no	no	no
-0.156248899959257	8.29655842285958	-0.462899719460957	0.64577946888986	0.964545757857238	-4.99159873049774	SEMA3F	no	no	no
-0.110731852378215	9.78364000200091	-0.462899656970213	0.64577951332476	0.964545757857238	-4.99159874823543	CXXC1	no	no	no
0.127847794653244	10.2829831272886	0.4627585965548	0.645879819602239	0.964545757857238	-4.99163878152199	TMX1	no	no	no
0.219351353071097	8.01444837102887	0.462721452380344	0.645906233464007	0.964545757857238	-4.9916493211272	SLC16A1	no	no	no
0.116554748482563	8.88662692696268	0.462073274632918	0.646367238209494	0.964545757857238	-4.99183310631357	YRDC	no	no	no
0.118962714038938	10.4168224051433	0.462031481329644	0.646396967770829	0.964545757857238	-4.99184494772426	GRHPR	no	no	no
-0.116344016319925	10.8626452969142	-0.461743553242115	0.646601800576957	0.964545757857238	-4.99192649847084	FKBP9	no	no	no
0.0727756588674518	13.4110037324002	0.461637219514404	0.646677453685885	0.964545757857238	-4.99195660301958	RPL24	no	no	no
0.153486898427816	8.72814162379011	0.461596794430819	0.646706215855861	0.964545757857238	-4.99196804612592	SF3A3	no	no	no
0.114841988402462	7.65332296051205	0.461473685767426	0.646793810192601	0.964545757857238	-4.99200288834072	CIT	no	no	no
0.136266815375846	9.92018856147409	0.461458307095049	0.64680475278921	0.964545757857238	-4.99200724016873	IP6K2	no	no	no
-0.208449201168725	8.15444330610835	-0.461334232190818	0.64689304039133	0.964545757857238	-4.99204234542172	IL10RA	no	no	no
0.17690264670781	10.8891661029458	0.461148169859195	0.647025445843105	0.964545757857238	-4.99209497169911	CDK5RAP3	no	no	no
-0.0788496017074845	7.92265820375149	-0.460833257169951	0.647249569989462	0.964545757857238	-4.99218399458977	CLTCL1	no	no	no
-0.134031024309753	7.31278291166198	-0.460491030442118	0.647493171161589	0.964545757857238	-4.99228067090172	MOCS2	no	no	no
0.277437501374746	8.20240544083287	0.460350215982008	0.647593415971227	0.964545757857238	-4.99232042929135	CA9	no	no	no
-0.157162995977148	9.41202892011774	-0.460238594718446	0.647672883054371	0.964545757857238	-4.99235193658005	LEPROTL1	no	no	no
0.148573608006926	7.81985504148227	0.460079263890572	0.647786323447907	0.964545757857238	-4.9923968977731	GOLIM4	no	no	no
-0.198575850376741	8.66657930748105	-0.460064360688697	0.647796934665578	0.964545757857238	-4.99240110248748	ITGB2	no	no	no
-0.102715414696111	7.69082051836008	-0.460028456068858	0.647822499391469	0.964545757857238	-4.9924112318846	PCYT1A	no	no	no
0.21768669094335	10.2414972843686	0.459863569772569	0.647939906878889	0.964545757857238	-4.99245773952912	BNIP3	no	no	no
-0.227281221655558	7.54136561043659	-0.459799250594422	0.647985707885868	0.964545757857238	-4.99247587686642	RUNX3	no	no	no
0.166944670451891	9.18552079367424	0.459658473403889	0.648085958648608	0.964545757857238	-4.9925155658341	CERK	no	no	no
0.526978197620073	8.00788623636581	0.459585044892271	0.648138251447857	0.964545757857238	-4.99253626259744	CXCL1	no	no	no
-0.208179139098174	8.43452072354281	-0.459440447949533	0.648241232762537	0.964545757857238	-4.99257700955757	PIMREG	no	no	no
-0.13780338227739	8.81348361473351	-0.459421802599146	0.648254512407259	0.964545757857238	-4.99258226283773	SEC62	no	no	no
0.151412490454709	10.1408737980826	0.459107770434008	0.648478190695644	0.964545757857238	-4.99267070900843	RETREG3	no	no	no
-0.110705776830121	7.62688905463144	-0.458937893581176	0.64859920397665	0.964545757857238	-4.99271852942795	IRF5	no	no	no
0.0878590603261127	8.38459922481735	0.458869890479697	0.648647649281454	0.964545757857238	-4.99273766744285	TNS3	no	no	no
0.0805271713469135	7.33488171466347	0.458781832425067	0.648710383991404	0.964545757857238	-4.99276244533809	TMPRSS5	no	no	no
-0.226767888736305	9.07696988114732	-0.458641651293218	0.648810257779841	0.964545757857238	-4.99280188001916	WFDC2	no	no	no
0.145252900795771	10.4646769254541	0.458641453565129	0.648810398658293	0.964545757857238	-4.99280193563411	CENPX	no	no	no
-0.194875079669219	9.81345911134863	-0.458458966604615	0.648940423568783	0.964545757857238	-4.99285325363589	UCHL3	no	no	no
-0.180021787354683	8.13454842423335	-0.458026715298463	0.649248453806853	0.964545757857238	-4.992974728656	AP1S1	no	no	no
-0.123102015427388	8.69917924089087	-0.457892500470512	0.649344110402924	0.964545757857238	-4.99301242387846	FAM168B	no	no	no
0.167905395859998	8.08020823707392	0.457891870625724	0.649344559315342	0.964545757857238	-4.99301260074932	RNF43	no	no	no
-0.115704632477651	9.08375452470115	-0.457687383408527	0.649490311478733	0.964545757857238	-4.99307001146286	LANCL1	no	no	no
-0.102506438641819	7.97005946139882	-0.45759561939944	0.649555722542236	0.964545757857238	-4.99309576640186	TSPAN3	no	no	no
-0.106310219182881	6.68626263480299	-0.457100910122243	0.649908408537796	0.964750349646952	-4.99323452618678	CEP104	no	no	no
-0.0699716055997857	7.27085770006557	-0.45692770410101	0.650031909026228	0.964750349646952	-4.99328307332305	JMJD1C	no	no	no
-0.120574432524397	8.52778393851471	-0.456867377399884	0.650074925902065	0.964750349646952	-4.99329997776108	BNIP2	no	no	no
-0.0989058796510424	7.9428303878477	-0.456287186238466	0.650488701701595	0.964845733306601	-4.99346244353045	LIPA	no	no	no
-0.227388047319314	9.47611255075478	-0.4560719442574	0.650642234526667	0.964845733306601	-4.99352266403545	FCER1G	no	no	no
0.0940117972618705	7.13649276124891	0.456068194395797	0.650644909451547	0.964845733306601	-4.99352371292512	SOX15	no	no	no
0.192523154187683	12.161523239305	0.45606412177431	0.650647814619119	0.964845733306601	-4.99352485208568	LGALS3BP	no	no	no
-0.124446043046799	8.2113079798973	-0.455712072234501	0.650898966727791	0.965029573960624	-4.99362328659225	MED20	no	no	no
-0.0847801618871472	6.65846948862647	-0.455502576541847	0.651048440413353	0.965062622749859	-4.99368182686472	AKAP10	no	no	no
0.0655631545544265	7.18076661615857	0.455232807126636	0.651240940367755	0.96507076147124	-4.9937571705654	HRH3	no	no	no
0.0978099643903596	8.46835260579439	0.455090574284835	0.651342443463735	0.96507076147124	-4.99379687694204	ADCK2	no	no	no
-0.169526194575635	8.70536373246282	-0.454812605306587	0.651540832660239	0.96507076147124	-4.99387444070722	SLC48A1	no	no	no
-0.232227136140624	11.1327124491691	-0.454782015893885	0.651562666185709	0.96507076147124	-4.99388297344445	LAP3	no	no	no
-0.146532793272578	8.83084885617554	-0.454522011317648	0.651748259762598	0.9651572589927	-4.9939554773363	MARCHF5	no	no	no
-0.160496132474489	10.8446814515826	-0.454246761868633	0.651944759606704	0.965251720197988	-4.99403218778054	ADD3	no	no	no
0.113526508018463	8.25220715131077	0.453867110646988	0.652215832654266	0.965251720197988	-4.99413791917279	PRKD2	no	no	no
-0.0979697331094541	8.2534946359017	-0.453180569496527	0.652706147570765	0.965251720197988	-4.99432889673806	SUV39H1	no	no	no
0.124818208544904	8.31568007243875	0.453120075342713	0.652749358821948	0.965251720197988	-4.99434571093521	NRDC	no	no	no
-0.14698563727541	11.5248093639689	-0.452768959867974	0.653000186030649	0.965251720197988	-4.99444325886193	ARPC1A	no	no	no
0.132226955623586	7.31463695007126	0.452703196315135	0.653047170215243	0.965251720197988	-4.99446152118833	KCTD15	no	no	no
-0.148595863494383	8.0309315772495	-0.452502817352947	0.653190337962993	0.965251720197988	-4.99451714964168	HOXC5	no	no	no
-0.171619263086486	7.18116328062242	-0.452362809056767	0.653290379626871	0.965251720197988	-4.99455600379644	ALOX5	no	no	no
-0.193773484490657	9.69588949703479	-0.452113391953601	0.653468614353162	0.965251720197988	-4.99462519095001	SRI	no	no	no
0.0926226440881357	8.55743654380439	0.451835282876443	0.653667376648292	0.965251720197988	-4.99470229272727	GALR3	no	no	no
0.0784669621269053	7.39446634423806	0.451805442375024	0.653688704923395	0.965251720197988	-4.99471056279998	SPART	no	no	no
0.0818227833000794	6.58339783492013	0.451701181324329	0.653763227028384	0.965251720197988	-4.99473945374236	SIRT5	no	no	no
0.0957726568669279	7.1446960698701	0.451515430867429	0.653896003730523	0.965251720197988	-4.99479090925685	ERN1	no	no	no
-0.113923804408409	9.28933442742656	-0.451360360061928	0.65400685892916	0.965251720197988	-4.99483385007744	RNF113A	no	no	no
0.35102654007601	10.0606997579086	0.450617965669151	0.65453768257163	0.965251720197988	-4.99503922564791	IFI44L	no	no	no
-0.117886156961374	9.01079341267803	-0.450518675077275	0.654608690623218	0.965251720197988	-4.99506666804851	PANK3	no	no	no
0.0952341017926254	7.71551099822819	0.450518100127555	0.65460910181016	0.965251720197988	-4.99506682693844	PODNL1	no	no	no
-0.103626907216933	10.2703924387475	-0.45037069383352	0.654714525987063	0.965251720197988	-4.99510755672543	NDFIP1	no	no	no
-0.109014115426753	10.4044126014086	-0.450298415028872	0.654766221998462	0.965251720197988	-4.99512752325341	FAM136A	no	no	no
0.131570589849334	9.621570557101	0.450280174180338	0.654779268681976	0.965251720197988	-4.99513256166395	PTRH2	no	no	no
-0.184073951251795	7.2883130977089	-0.45018407426826	0.654848005506834	0.965251720197988	-4.99515910265209	ZHX2	no	no	no
-0.152969174049045	7.31461300566339	-0.450180223904189	0.654850759597449	0.965251720197988	-4.99516016593374	TMEM259	no	no	no
-0.105683253237069	7.21305031217766	-0.450159573177971	0.654865530743678	0.965251720197988	-4.99516586849802	TRIM14	no	no	no
-0.136335537122341	7.72469043544048	-0.449930233569556	0.655029583231636	0.965251720197988	-4.99522918179221	GATB	no	no	no
0.120486983056394	8.70766398275852	0.449411159138843	0.655400954115915	0.965251720197988	-4.99537236397117	MRPS15	no	no	no
-0.119422678763318	7.48974358182874	-0.44864601374436	0.655948536932052	0.965251720197988	-4.99558312525789	DBNDD1	no	no	no
0.13341632899357	8.37383951606441	0.448594735239972	0.655985241680049	0.965251720197988	-4.9955972373823	UBE4B	no	no	no
0.187587823600858	9.38022051216622	0.448432114846581	0.656101649759831	0.965251720197988	-4.99564198087278	UBA7	no	no	no
0.0946944600712361	10.2386618572743	0.448320910486389	0.656181257829565	0.965251720197988	-4.99567256850144	RSRC2	no	no	no
0.195144856460565	9.14316706081383	0.448110041869501	0.656332223834254	0.965251720197988	-4.9957305490036	GRHL2	no	no	no
-0.249970346538514	8.77112853181889	-0.448021183449016	0.656395844104654	0.965251720197988	-4.99575497348064	H2BC6	no	no	no
-0.0912447916456165	6.55938732900305	-0.447875001909726	0.65650051181941	0.965251720197988	-4.9957951439381	MYNN	no	no	no
0.111203448781434	11.3713081951287	0.447619544573845	0.656683439056143	0.965251720197988	-4.99586531215176	STAU1	no	no	no
0.0690908527927634	7.23618425171643	0.447606101355709	0.65669306603168	0.965251720197988	-4.99586900359807	ZZEF1	no	no	no
0.113460414769601	8.33725492252836	0.447316290949949	0.656900619796034	0.965251720197988	-4.99594855760495	ECE1	no	no	no
0.14307965703742	8.17109404541128	0.447288714058223	0.65692037099033	0.965251720197988	-4.99595612491188	TXNL4A	no	no	no
0.170999321576894	12.2083087292915	0.44725356269396	0.65694554755313	0.965251720197988	-4.99596577004361	MT1HL1	no	no	no
-0.197742662796457	8.05051701906774	-0.447107984118848	0.657049820007191	0.965251720197988	-4.99600570717163	HCK	no	no	no
0.0870532642329234	7.70541510508558	0.446912445324621	0.657189887964907	0.965251720197988	-4.99605932988362	TET3	no	no	no
0.148380158578432	8.93818433243339	0.446424951106529	0.657539143129579	0.965251720197988	-4.99619291488125	GARRE1	no	no	no
0.121388120645548	7.83535525394476	0.446374911254457	0.657574997531245	0.965251720197988	-4.99620661884566	DGKQ	no	no	no
0.121299322216128	7.78514790665034	0.446362356468876	0.657583993375803	0.965251720197988	-4.99621005687397	KCMF1	no	no	no
0.110444013764776	9.20590869185143	0.445791199336214	0.657993297249155	0.965251720197988	-4.99636636277437	DNAJC11	no	no	no
-0.228224594512958	10.2099966928905	-0.44572502571133	0.6580407256019	0.965251720197988	-4.9963844594309	CD14	no	no	no
-0.112360962894295	8.7163844676623	-0.445280991963297	0.658359012955515	0.965251720197988	-4.99650582178443	BRD3	no	no	no
0.321567436785239	7.48159369953509	0.445046331919571	0.658527245265336	0.965251720197988	-4.99656991034048	EMILIN1	no	no	no
-0.161957586072684	10.0428211087329	-0.444953122827938	0.658594073627157	0.965251720197988	-4.99659535764064	USO1	no	no	no
-0.130650590117815	8.52307691428417	-0.444901132372915	0.658631350583859	0.965251720197988	-4.99660954942839	ROGDI	no	no	no
0.322415288779906	8.95040794195134	0.444883487739886	0.658644001917647	0.965251720197988	-4.99661436549594	NUAK1	no	no	no
-0.112458992730877	8.62297768046321	-0.444777874376319	0.658719729603679	0.965251720197988	-4.99664318851189	TIMM10B	no	no	no
-0.138950649409459	9.61553926695221	-0.444540610423935	0.658889867595752	0.965251720197988	-4.99670791574596	ARPC5L	no	no	no
-0.148441979251291	7.42372632369022	-0.444471742691432	0.658939254912587	0.965251720197988	-4.99672669695163	SLC1A3	no	no	no
0.162211373640261	7.56287013439876	0.444458085874736	0.658949048848146	0.965251720197988	-4.99673042101761	FILIP1L	no	no	no
-0.165779118095674	8.96937310720092	-0.444447769170098	0.658956447474853	0.965251720197988	-4.99673323419631	ZFP36L2	no	no	no
-0.199809260981192	8.0714963305921	-0.444128204929641	0.659185640141594	0.965251720197988	-4.99682034165949	CLIC5	no	no	no
0.286212575880747	8.52921647974761	0.443868655830004	0.659371814113298	0.965251720197988	-4.99689104455662	OASL	no	no	no
-0.0818951038186785	8.06557847650684	-0.443750598229746	0.659456503788379	0.965251720197988	-4.99692319073002	TADA3	no	no	no
-0.256705589270468	9.09606498363662	-0.443638890445857	0.659536642527485	0.965251720197988	-4.99695360012446	GBP2	no	no	no
0.108277399061748	7.28364466026578	0.443446568802151	0.659674622821045	0.965251720197988	-4.99700593673352	PRKCA	no	no	no
0.10928020736123	8.61882809567261	0.443297423585299	0.65978163463559	0.965251720197988	-4.99704650829093	POLE	no	no	no
-0.113635373121794	7.69561300206197	-0.443118451831399	0.659910056528299	0.965251720197988	-4.99709517569324	PRF1	no	no	no
-0.102223275936816	13.0398009584168	-0.443072304452212	0.65994317144613	0.965251720197988	-4.99710772130406	LDHA	no	no	no
-0.114296690644539	8.65524971890386	-0.442913959028147	0.660056803851054	0.965251720197988	-4.99715075923036	RTF1	no	no	no
-0.173436276458224	10.3820582651062	-0.442867506801484	0.660090140603016	0.965251720197988	-4.99716338195873	GRINA	no	no	no
0.0647771485812809	6.53618445725366	0.442831131774153	0.660116245873035	0.965251720197988	-4.99717326543978	SZT2	no	no	no
0.0895413585639498	8.03056591602095	0.442703631007561	0.660207752744802	0.965251720197988	-4.9972079024233	DDX19B	no	no	no
0.0611903084906627	6.93812291292749	0.442515043874663	0.660343110743149	0.965263634043347	-4.9972591161349	CD209	no	no	no
-0.194944619595753	8.90730838981145	-0.44209527550341	0.660644439873299	0.965518106656124	-4.99737303329151	MBOAT2	no	no	no
0.126363495421607	8.61112527833352	0.441756557861933	0.66088762857968	0.965687526605548	-4.99746487700549	DLG5	no	no	no
0.170869220745542	9.55374375107047	0.44060101105999	0.661717553989125	0.966464751561739	-4.99777768195227	DNAJC1	no	no	no
0.185059386740131	8.34513115644044	0.440586017086901	0.661728325644008	0.966464751561739	-4.99778173548388	DPYSL3	no	no	no
0.101846096667217	9.64629040698754	0.44047836302918	0.661805666337219	0.966464751561739	-4.99781083511959	TMEM214	no	no	no
0.073145129056927	8.55844949138104	0.440045796671713	0.662116467777653	0.966464751561739	-4.99792769000559	SLC35C1	no	no	no
-0.120026290324798	7.59103929778782	-0.43965706257011	0.662395826912132	0.966464751561739	-4.99803260718414	RNASE1	no	no	no
0.35115122332648	11.8618254227112	0.439555831618535	0.662468583314981	0.966464751561739	-4.99805991383055	ISG15	no	no	no
0.123824625936646	8.01111813533564	0.43931930309444	0.662638593234381	0.966464751561739	-4.99812369225585	SVIL	no	no	no
-0.0633430602598445	6.59145796898371	-0.439249099252071	0.662689057206966	0.966464751561739	-4.9981426157555	EPS8L3	no	no	no
-0.229689394650998	9.59168319986924	-0.439104317209866	0.662793134536596	0.966464751561739	-4.9981816324362	RHEX	no	no	no
0.224499862585428	11.7598711137333	0.439092388763409	0.662801709663426	0.966464751561739	-4.99818484641485	MT1E	no	no	no
-0.174140630456802	12.0717093252993	-0.439066138254114	0.662820580802226	0.966464751561739	-4.99819191900008	COX7A2	no	no	no
-0.0985075415549059	9.64552233923857	-0.438250685206966	0.663406909355629	0.967052065995829	-4.99841141578342	GTF3C1	no	no	no
-0.295832353533569	8.9336304813295	-0.438133572993898	0.663491133136138	0.967052065995829	-4.99844290597256	PROS1	no	no	no
-0.160018452796934	11.1836580141543	-0.437496043727261	0.663949703292215	0.967052065995829	-4.9986141848247	SYPL1	no	no	no
-0.113640182350293	8.34079603861879	-0.4369771015232	0.664323070862137	0.967052065995829	-4.99875342218552	DCUN1D4	no	no	no
0.148473310259296	8.2133292088384	0.436896246907939	0.664381251759884	0.967052065995829	-4.99877510158872	RELB	no	no	no
0.131702142286521	12.4027254568253	0.436868457926608	0.664401248478327	0.967052065995829	-4.99878255168366	FTH1	no	no	no
0.0780639238894876	7.50075211647943	0.436847321933992	0.664416457927357	0.967052065995829	-4.99878821783034	DR1	no	no	no
0.213443223064054	9.46197973782447	0.436567228449883	0.664618026558141	0.967052065995829	-4.99886327985404	CLPTM1	no	no	no
0.0787366894158536	8.87106740518909	0.436285143910839	0.664821053428394	0.967052065995829	-4.99893882740373	DVL3	no	no	no
-0.135067039251164	8.99550990278341	-0.436049775190761	0.664990476647402	0.967052065995829	-4.99900182667	SNX4	no	no	no
0.11676831861937	8.48855588544121	0.435928385666086	0.665077862235476	0.967052065995829	-4.99903430491114	PLEK	no	no	no
0.131489984561323	8.84456068716921	0.435792419278082	0.665175746973477	0.967052065995829	-4.9990706726448	ADAM17	no	no	no
-0.103902260012622	9.1656944274111	-0.435623147794092	0.665297616928828	0.967052065995829	-4.9991159330313	TRIM44	no	no	no
0.0747371611275693	6.99487699722779	0.434975361152003	0.665764086754573	0.967052065995829	-4.99928898002899	EXD3	no	no	no
-0.126328023335888	9.19715720377531	-0.434771182062876	0.665911143464024	0.967052065995829	-4.99934347085182	PSMD13	no	no	no
-0.0901907910944191	7.70572297030255	-0.434739489096298	0.665933971006822	0.967052065995829	-4.99935192672866	WWC1	no	no	no
0.186251008013333	7.66567496300058	0.434619350374457	0.666020506422213	0.967052065995829	-4.99938397494417	ZNF83	no	no	no
0.0704758507457578	8.21730949754927	0.434249387866378	0.666287017771513	0.967052065995829	-4.99948261121898	TMEM59	no	no	no
-0.209971140483519	10.0275825182269	-0.434245859134357	0.666289559988194	0.967052065995829	-4.99948355162021	DDT	no	no	no
-0.111838319283014	7.33615191244182	-0.434080903724459	0.666408403816671	0.967052065995829	-4.9995275035397	TAF5L	no	no	no
0.0974131290229125	8.8298276031778	0.433910979719291	0.666530836387105	0.967052065995829	-4.99957276208051	ILKAP	no	no	no
-0.0917895739844165	7.54032334548086	-0.433744762121951	0.666650607339113	0.967052065995829	-4.99961701650025	UPF3B	no	no	no
0.221463648639002	7.19857299576876	0.433489352846139	0.666834664036601	0.967052065995829	-4.99968498501888	ERBB2	no	no	no
0.0932712952221484	8.47199834173916	0.433210591203857	0.667035572949774	0.967052065995829	-4.99975912284291	VWF	no	no	no
0.0636201328865837	8.1388834393914	0.433071705917242	0.667135679492631	0.967052065995829	-4.99979604238316	AFF1	no	no	no
0.149170648227459	9.83625951272467	0.432715621292564	0.667392368259987	0.967052065995829	-4.99989064607294	TARBP1	no	no	no
0.105737220757528	8.67001981488883	0.432662355279491	0.667430769304124	0.967052065995829	-4.99990479104711	YES1	no	no	no
0.129957609525558	8.99615922212569	0.431977980165102	0.6679242357533	0.967052065995829	-5.00008637619717	CD320	no	no	no
0.0957214034940127	8.52290181863237	0.431585798801848	0.668207083867946	0.967052065995829	-5.00019030563121	RAB6A	no	no	no
-0.109945712957191	8.36088269668462	-0.431307430607765	0.668407877522736	0.967052065995829	-5.00026401758954	ASXL1	no	no	no
-0.198815807664282	9.2476789146646	-0.430888774909669	0.668709910169839	0.967052065995829	-5.0003747892411	KLF5	no	no	no
0.260724996221365	9.0551796779767	0.430818423039201	0.668760669883514	0.967052065995829	-5.00039339313528	BACE2	no	no	no
0.191645473920066	7.91152851638353	0.430814328404671	0.668763624259443	0.967052065995829	-5.00039447583067	STARD3	no	no	no
0.0959064324778904	8.81577866365559	0.430339766126287	0.66910606816112	0.967052065995829	-5.00051988980686	MAX	no	no	no
-0.18341558813077	7.70171786979353	-0.430272110455942	0.66915489426462	0.967052065995829	-5.00053775824867	LAMC2	no	no	no
-0.243138234909552	9.69610084829994	-0.430208960643761	0.669200469863292	0.967052065995829	-5.00055443415029	APOL1	no	no	no
0.117131986788559	8.23945916260065	0.43002387306117	0.669334055950483	0.967052065995829	-5.00060329609461	PERP	no	no	no
0.102772731942942	6.90793639951339	0.429941187460365	0.669393737393116	0.967052065995829	-5.00062511785408	DOHH	no	no	no
0.0661116396838118	8.03246594270657	0.429736109312105	0.669541769590487	0.967052065995829	-5.00067922263736	CALCOCO2	no	no	no
-0.124406111020312	10.848745944977	-0.429618140655843	0.669626929295762	0.967052065995829	-5.00071033418657	RCN1	no	no	no
0.418627520823105	9.26040648250539	0.429504189026064	0.669709193349086	0.967052065995829	-5.0007403783233	ZBED2	no	no	no
0.148898020774055	8.70688011941076	0.428937092120647	0.67011865340536	0.967052065995829	-5.00088978024313	CARM1	no	no	no
0.125313943162166	10.1804444334062	0.428883879869117	0.670157079371437	0.967052065995829	-5.00090378902452	GLB1	no	no	no
-0.109509180734509	11.3182485773885	-0.428222505781133	0.670634749537887	0.967052065995829	-5.00107776059782	CS	no	no	no
0.108413623174391	9.6964475661097	0.42810634182444	0.670718661918347	0.967052065995829	-5.0011082896314	COASY	no	no	no
0.104787277118442	10.0488659332673	0.428016754083462	0.670783379565755	0.967052065995829	-5.00113182858364	CEP170B	no	no	no
-0.160263598203334	11.6011564628341	-0.427707433003817	0.67100685069665	0.967052065995829	-5.00121306449593	CTSB	no	no	no
0.0772936353087921	7.40017189929677	0.427659383467987	0.671041567116662	0.967052065995829	-5.00122567836995	FOXK2	no	no	no
-0.0812762393976103	7.89086158742778	-0.427591219163501	0.671090817968013	0.967052065995829	-5.00124357033299	SMUG1	no	no	no
0.0888603410613203	7.19252894846871	0.427256183274006	0.671332913183741	0.967052065995829	-5.00133147055175	C10orf95	no	no	no
-0.0892661467750398	7.41456719419858	-0.427252076444992	0.671335880976476	0.967052065995829	-5.0013325475995	CRTC3	no	no	no
0.0795457642500079	9.68606670913373	0.427078432176637	0.67146136955533	0.967052065995829	-5.00137807779476	RPL23	no	no	no
-0.121874173399704	7.17516517583029	-0.427075382793198	0.671463573356887	0.967052065995829	-5.00137887719142	SAPCD1	no	no	no
0.07482761771177	9.9305976880251	0.426986714138756	0.671527655825449	0.967052065995829	-5.00140211923594	MAPK3	no	no	no
0.11080492425241	8.31988758923424	0.426935664329201	0.671564551583911	0.967052065995829	-5.0014154983737	SIK1	no	no	no
0.0686208884820536	7.55165745267016	0.426803533240792	0.671660051861252	0.967052065995829	-5.00145011995831	B4GALT3	no	no	no
0.143932441356883	7.97406082334334	0.426622839524011	0.671790660593526	0.967052065995829	-5.00149744899901	TMEM160	no	no	no
0.0871110949214522	7.70270592815449	0.426528800444901	0.671858637824117	0.967052065995829	-5.00152207278584	HGSNAT	no	no	no
-0.214585138213906	8.68136888102985	-0.426440678390011	0.671922340387429	0.967052065995829	-5.00154514235314	BRCC3	no	no	no
-0.181896601413332	9.03577257398089	-0.426427891328997	0.67193158423025	0.967052065995829	-5.00154848950022	EMP3	no	no	no
0.0843471568974615	8.81257756533746	0.426370917945585	0.671972771253824	0.967052065995829	-5.00156340167431	MINDY1	no	no	no
0.057194131065382	7.15095908665948	0.426326975392203	0.672004538766164	0.967052065995829	-5.00157490182299	GTDC1	no	no	no
0.0683215241170962	10.9343832590616	0.426206182632675	0.672091866936462	0.967052065995829	-5.00160650830426	OPHN1	no	no	no
0.202723809988163	11.5338948395983	0.426049294483244	0.672205297420613	0.967052065995829	-5.0016475462467	PFN2	no	no	no
0.0636958442498715	7.99243201485935	0.425685974679683	0.67246800811459	0.967052065995829	-5.00174252412531	AHCYL2	no	no	no
-0.131937246769535	10.520056785854	-0.425647430723381	0.672495881058081	0.967052065995829	-5.00175259546266	EIF3C	no	no	no
0.103618508508992	6.92336676232696	0.42561320303222	0.672520633098351	0.967052065995829	-5.00176153822666	ARHGAP44	no	no	no
0.0658004881269371	7.74297275084688	0.425473125223298	0.672621935362706	0.967052065995829	-5.00179812933935	TAF10	no	no	no
-0.0954744867818699	7.44673830495562	-0.425271754402456	0.672767574634627	0.967052065995829	-5.00185071055178	CD48	no	no	no
0.0719076264569327	8.54954932227662	0.424989001394441	0.672972094146893	0.967052065995829	-5.0019245004625	UNC45A	no	no	no
0.112745135180221	10.1291431474558	0.424779709279755	0.673123494419337	0.967052065995829	-5.00197908808376	IFT20	no	no	no
0.146561619976083	9.02810056594784	0.424698731342346	0.673182076904118	0.967052065995829	-5.00200020163953	ADAM15	no	no	no
-0.0834189443678716	9.54990468728736	-0.423931926699354	0.67373691394284	0.967052065995829	-5.00219993510418	MAT2B	no	no	no
-0.0761121137801259	12.3913066577116	-0.423774169583365	0.673851085110564	0.967052065995829	-5.00224098264883	DYNLL1	no	no	no
-0.150979193342341	9.72272211584043	-0.423750395680088	0.673868291311934	0.967052065995829	-5.00224716718012	ECI1	no	no	no
-0.106022448681724	7.85987569707019	-0.423700263822786	0.673904574482862	0.967052065995829	-5.00226020733242	CDK14	no	no	no
0.179814655822025	9.10968444770005	0.4236136686911	0.673967249972598	0.967052065995829	-5.00228272861339	PRSS23	no	no	no
0.25406674465449	9.5776247935143	0.423527312857613	0.674029754597326	0.967052065995829	-5.00230518312794	MLF1	no	no	no
-0.124819603766032	11.2541108020045	-0.423471062238913	0.674070470225643	0.967052065995829	-5.00231980715666	EFR3A	no	no	no
0.116953858714603	8.4600865296087	0.4234236069012	0.674104820374566	0.967052065995829	-5.00233214309636	MAVS	no	no	no
0.0962257073272898	12.5479429719528	0.423406652116004	0.674117093124441	0.967052065995829	-5.00233655013456	NDUFS5	no	no	no
0.0984674812754346	8.122018573202	0.423267811704793	0.674217596368115	0.967052065995829	-5.00237263220403	XPO7	no	no	no
-0.124480661000592	10.4273411208749	-0.423151098577826	0.674302086858152	0.967052065995829	-5.0024029547508	NAGK	no	no	no
0.0618844026756152	7.99315066510249	0.423150617779095	0.674302434924801	0.967052065995829	-5.00240307964718	NDUFA2	no	no	no
-0.171178224059355	7.92097721347831	-0.423119296593091	0.674325109558278	0.967052065995829	-5.00241121560339	ESF1	no	no	no
0.103316096242295	7.85492011878353	0.423112695194681	0.674329888608254	0.967052065995829	-5.0024129302993	RIC8B	no	no	no
0.0727099252611021	7.15292378697385	0.423002930954144	0.674409353884847	0.967052065995829	-5.00244143739775	PPP6R2	no	no	no
0.20090559092402	8.84802694283012	0.422962637606501	0.674438525731409	0.967052065995829	-5.00245190023229	PTPRM	no	no	no
-0.355049131279934	9.21579557151103	-0.422724111825324	0.674611225593104	0.967116943094742	-5.00251381722226	IDO1	no	no	no
-0.0645888005298109	7.27081588214212	-0.422264316673899	0.674944181224475	0.967233223549102	-5.00263307433649	HPS1	no	no	no
-0.0649212696862538	8.04823158501836	-0.422260045479897	0.674947274471863	0.967233223549102	-5.00263418155515	GFOD2	no	no	no
0.236634377624903	10.7215794943219	0.421371475613382	0.675590910452126	0.96797277728677	-5.00286428419864	NBL1	no	no	no
0.101014672801511	8.99328978637823	0.42113989407078	0.675758697015866	0.968030393233225	-5.00292417548036	YIPF1	no	no	no
-0.0753965552175125	8.17307808315869	-0.420828632288722	0.675984240157758	0.968127506342323	-5.00300462228107	NOD1	no	no	no
0.145798439502231	9.43738831047286	0.420075344033235	0.676530204314494	0.968127506342323	-5.00319906918905	LRRC42	no	no	no
0.170050441774122	8.30057704810024	0.419930067449263	0.676635517349197	0.968127506342323	-5.00323652993947	CPZ	no	no	no
0.120063165300883	8.21230205084585	0.419768018153966	0.67675299688325	0.968127506342323	-5.00327830055745	NR4A1	no	no	no
-0.0972708856492314	8.23934588849645	-0.419714760931726	0.676791608108441	0.968127506342323	-5.00329202491959	KPNA1	no	no	no
-0.179422953953482	8.28434482236968	-0.419668037972747	0.676825482749136	0.968127506342323	-5.00330406398746	SETD6	no	no	no
0.0968596099856112	7.61759042367925	0.419491604539777	0.676953404962941	0.968127506342323	-5.00334951350254	CAPN15	no	no	no
0.0653986512183006	7.31117407157476	0.419262354294252	0.677119636167688	0.968127506342323	-5.0034085404839	IGSF3	no	no	no
-0.127402557162289	9.90644810828423	-0.419195130700251	0.677168383626682	0.968127506342323	-5.00342584305769	TAX1BP1	no	no	no
-0.132631309528844	6.76976959010593	-0.418961927289773	0.677337502867374	0.968127506342323	-5.00348584565043	PITPNC1	no	no	no
0.118787930455266	9.20079245386271	0.41875558324958	0.677487157721578	0.968127506342323	-5.00353890987656	YBX3	no	no	no
-0.067335603033837	8.08524585747866	-0.418390062751125	0.677752290612339	0.968127506342323	-5.00363284509525	RBM4	no	no	no
-0.0631587598243313	8.70153909926088	-0.418281519153213	0.677831031442136	0.968127506342323	-5.00366072412927	GAS8	no	no	no
0.169620384928825	7.69226266121248	0.41820171526733	0.677888925934323	0.968127506342323	-5.00368121690949	MET	no	no	no
0.165879896005268	8.82202598499182	0.41812675442993	0.677943308784321	0.968127506342323	-5.00370046252594	PAK1IP1	no	no	no
0.0933738826258192	8.42636438175082	0.41789481870962	0.678111585322601	0.968127506342323	-5.00375998862875	SREBF2	no	no	no
0.134789019522067	11.0717878266097	0.417800802982839	0.678179801375512	0.968127506342323	-5.00378410838329	VKORC1	no	no	no
0.105193830872685	9.02741688816262	0.41760206289832	0.67832401245143	0.968127506342323	-5.00383507753504	UFSP2	no	no	no
0.10158032260933	8.36318079762812	0.417434047575339	0.678445938341592	0.968127506342323	-5.00387814827017	FOXJ3	no	no	no
-0.0962389742225041	8.45515043775245	-0.417402941504722	0.678468512449419	0.968127506342323	-5.00388612043275	TAF11	no	no	no
0.0889116377735152	7.68572290764284	0.416959371000917	0.678790450223323	0.968127506342323	-5.00399973903515	BSDC1	no	no	no
-0.115370090945813	9.5812478438015	-0.416837405972593	0.678878981514746	0.968127506342323	-5.00403095889626	ANKRD49	no	no	no
-0.142275073864931	9.12336704178326	-0.416374234646025	0.679215227502976	0.968127506342323	-5.00414943639286	BYSL	no	no	no
-0.232283585356423	9.56496328024491	-0.4162568804169	0.679300433017137	0.968127506342323	-5.00417943448733	IFI35	no	no	no
0.067201146263404	6.61542637945087	0.416249699458476	0.679305646918882	0.968127506342323	-5.00418126981286	EHD4	no	no	no
0.276190134936438	8.26676021063483	0.415883863340903	0.679571291746855	0.968127506342323	-5.00427472960863	PTN	no	no	no
-0.122559770842691	8.30212168419263	-0.415748086832677	0.679669893718648	0.968127506342323	-5.00430939562646	EPHB2	no	no	no
0.125150216662232	7.40368404157748	0.415600676354778	0.679776950794144	0.968127506342323	-5.00434701931971	DYRK1B	no	no	no
0.0810769768880694	7.98440716401337	0.415541034987981	0.679820267323788	0.968127506342323	-5.00436223788445	HDAC6	no	no	no
0.0809937812621383	7.35903412972012	0.415474137055349	0.679868855478117	0.968127506342323	-5.00437930552241	WWOX	no	no	no
0.114792313024965	10.2876499050671	0.415383813255478	0.679934460088749	0.968127506342323	-5.00440234547993	SLC35B1	no	no	no
0.188372808395991	8.9866308335207	0.415151343439096	0.680103320719748	0.968127506342323	-5.00446162151958	CEBPA	no	no	no
0.083052543580773	8.34994287809178	0.414980085010657	0.680227729458557	0.968127506342323	-5.00450526865667	ITSN2	no	no	no
-0.127351826887167	8.89287685952808	-0.414661539572711	0.680459157139995	0.968127506342323	-5.00458640617926	MRPS10	no	no	no
-0.100602927878101	8.59995898080731	-0.414643866833843	0.68047199754254	0.968127506342323	-5.00459090584388	ALDH3B1	no	no	no
0.107852834724203	11.5751637336926	0.414597845929874	0.680505435194179	0.968127506342323	-5.0046026223587	MRPL33	no	no	no
0.111054948494925	8.16175241463975	0.414307979433554	0.680716059972456	0.968127506342323	-5.00467639024487	FEM1B	no	no	no
-0.116817595093505	12.0163744075632	-0.414162000816547	0.680822141717577	0.968127506342323	-5.00471352090719	NDUFAB1	no	no	no
0.297507157954399	10.5498571033238	0.413961821734084	0.680967621229321	0.968127506342323	-5.00476441679219	MUC16	no	no	no
0.0743394808795967	7.04813719705906	0.413874216111735	0.681031292202749	0.968127506342323	-5.00478668302201	RFX2	no	no	no
0.0910311175500879	8.78645856091241	0.413838099628392	0.681057542020997	0.968127506342323	-5.00479586118945	TMEM11	no	no	no
0.136534070726831	9.29628543806142	0.413382208433712	0.681388922635961	0.968417146462197	-5.00491164727359	CCDC59	no	no	no
-0.107186497112447	7.56110913217382	-0.413204844300095	0.681517863224917	0.968419016133084	-5.00495665966334	CCNF	no	no	no
-0.0695134859234627	12.3300229471315	-0.41268015238026	0.681899361355766	0.968683012370391	-5.00508970685618	YWHAQ	no	no	no
0.15015282049684	8.96566415724012	0.412597634494498	0.681959366932261	0.968683012370391	-5.00511061586999	PLXNB1	no	no	no
-0.124833305686023	8.92759480432078	-0.41224884391539	0.682213024396651	0.968683012370391	-5.00519894941968	QSOX1	no	no	no
0.0612946128316637	6.86755208805905	0.412005802326251	0.682389798036367	0.968683012370391	-5.00526045765347	KIF17	no	no	no
0.0847441995452782	7.81157585636103	0.41182569942178	0.682520805552981	0.968683012370391	-5.00530601441334	NOP16	no	no	no
0.0807214240679112	8.46091864602315	0.411729376711944	0.682590875112672	0.968683012370391	-5.00533037101336	SLC5A5	no	no	no
-0.321516636310369	8.9685857885038	-0.411511761893961	0.68274918854617	0.968683012370391	-5.00538537734425	LYZ	no	no	no
0.056829392248703	7.84102840105506	0.411201790942967	0.6829747154465	0.968683012370391	-5.00546367880413	KCTD17	no	no	no
-0.1852666237526	7.21655488135748	-0.411106035178099	0.683044390806102	0.968683012370391	-5.00548785577685	TRPM4	no	no	no
0.1146107919415	10.3097169429243	0.411059774796114	0.683078052535704	0.968683012370391	-5.00549953387224	RNF114	no	no	no
-0.0890841523260398	8.66818737732918	-0.411018747224584	0.683107907115704	0.968683012370391	-5.00550988989535	SNX5	no	no	no
0.0793958397201103	8.05698805598534	0.410431247896331	0.683535469692669	0.968709953153991	-5.0056580720984	TRAM2	no	no	no
-0.153767841211617	11.5118445783685	-0.410368912950627	0.683580841173791	0.968709953153991	-5.00567378224822	SNRPB	no	no	no
0.0845378616711927	7.36339425957788	0.410181077759311	0.683717567156795	0.968709953153991	-5.00572110769945	ZNF8	no	no	no
0.0441096272659002	7.11647633789023	0.410170418129422	0.683725326665829	0.968709953153991	-5.00572379277189	NCAPH2	no	no	no
-0.0787802428015236	7.6351161711854	-0.410115611816801	0.683765222600524	0.968709953153991	-5.00573759693825	TMEM8B	no	no	no
0.089353988175665	7.43433105565975	0.409704272025763	0.684064684164215	0.968831066835317	-5.00584114361214	BRD1	no	no	no
0.0619379136902883	7.596104778781	0.409647430638523	0.68410606959721	0.968831066835317	-5.00585544422732	NCR2	no	no	no
0.0911037239041795	7.52572081790866	0.409453004340133	0.684247636139283	0.968840850245892	-5.00590434472826	NUDT4	no	no	no
0.0905764582003379	8.28006926864234	0.409287244328235	0.684368339129939	0.968840850245892	-5.00594601718795	EDC3	no	no	no
0.178934342286384	8.2414496029519	0.409066992909359	0.684528734543639	0.968844068414638	-5.00600136309448	PAF1	no	no	no
0.0967983796370393	8.30552303870989	0.408926061923229	0.68463137354746	0.968844068414638	-5.00603676149574	SPATA2	no	no	no
0.147283130315857	7.55860399191475	0.408596269250207	0.684871582695212	0.968844068414638	-5.00611955016165	ECM2	no	no	no
0.0598554252192486	7.15447043499801	0.40858287852973	0.68488133671272	0.968844068414638	-5.00612291027136	BCAN	no	no	no
-0.0867861895494647	9.94401738635707	-0.407294510930496	0.685820058715044	0.969991165988771	-5.00644568864164	TMBIM4	no	no	no
-0.159135456480708	9.60056793248261	-0.407016661932025	0.686022569127039	0.970000303688121	-5.00651516674861	IDH2	no	no	no
-0.0849549250709858	7.61989975158778	-0.406934871841529	0.686082186332913	0.970000303688121	-5.00653561000375	MYO19	no	no	no
-0.0597587463106356	8.83763317990481	-0.406078893652797	0.686706234411485	0.97033618650381	-5.00674931604187	ZNF408	no	no	no
-0.070773001559199	10.5204805630209	-0.405634324128683	0.687030433646203	0.97033618650381	-5.00686013293238	MYL6	no	no	no
0.233726732545906	8.79068225001723	0.405551285068121	0.687090995911887	0.97033618650381	-5.00688081859042	CEBPD	no	no	no
0.126401593683004	9.92940297438757	0.405131410090383	0.687397252061569	0.97033618650381	-5.00698534847007	PABPN1	no	no	no
-0.0472082837483451	7.73582833158124	-0.404980294375966	0.68750748862659	0.97033618650381	-5.00702294323345	PPM1F	no	no	no
-0.1380149260374	9.73901390765434	-0.404941119611083	0.687536067131387	0.97033618650381	-5.0070326869174	NEU1	no	no	no
-0.100219412579651	8.53869504153032	-0.404910380113784	0.687558492321459	0.97033618650381	-5.00704033189926	DOLK	no	no	no
-0.112196154728227	8.44795878229066	-0.404716423401024	0.687699994890504	0.97033618650381	-5.00708855612729	TNS2	no	no	no
-0.113732331855917	8.27837291619374	-0.404473302887401	0.687877381270746	0.97033618650381	-5.0071489718609	PRKRIP1	no	no	no
-0.100753755570531	7.62686687957095	-0.404347855116977	0.687968917837251	0.97033618650381	-5.00718013173137	OPA1	no	no	no
0.24552190073008	7.13243197648485	0.404317299666055	0.687991214216017	0.97033618650381	-5.00718771992686	PLAG1	no	no	no
-0.0845571148127658	7.79663747178593	-0.404186897276394	0.688086372278684	0.97033618650381	-5.00722009791285	NDEL1	no	no	no
0.0931199013927464	7.49145261113735	0.403975118887946	0.688240923448166	0.97033618650381	-5.00727265896231	SELPLG	no	no	no
-0.0624332146934783	7.86159743120915	-0.403907798004661	0.688290055559186	0.97033618650381	-5.00728936155061	SYDE1	no	no	no
0.0660147673290051	7.89588929366721	0.403843855074679	0.688336723634332	0.97033618650381	-5.00730522350448	HPS6	no	no	no
-0.156814972748649	8.82475204787129	-0.403722499149475	0.688425297358748	0.97033618650381	-5.00733532073626	CEMIP2	no	no	no
-0.161585457077567	8.71416693536216	-0.403486070044443	0.688597871941879	0.97033618650381	-5.00739393132599	EPHB3	no	no	no
-0.0767489195175862	7.03868091200141	-0.40340655418221	0.688655916016476	0.97033618650381	-5.00741363561221	AGFG2	no	no	no
0.0721016788173526	7.19031216189795	0.403193102270334	0.688811738574173	0.97033618650381	-5.0074665106802	SLC25A4	no	no	no
-0.175604804803132	9.17554301731996	-0.403090587631171	0.688886580399628	0.97033618650381	-5.00749189516876	EZR	no	no	no
0.181589034386951	8.34815103085126	0.402928132493583	0.689005188835336	0.97033618650381	-5.00753210893435	THBS4	no	no	no
-0.091769580723226	8.68985757910524	-0.402112080535033	0.689601107758561	0.970995213522353	-5.00773386988251	SETDB1	no	no	no
0.0430303967934008	8.8948500293627	0.40101785245597	0.690400476636848	0.971360007732534	-5.00800377196232	HUWE1	no	no	no
-0.180923752977557	9.51093442483554	-0.400894464017769	0.690490638324131	0.971360007732534	-5.00803416127066	TUFT1	no	no	no
0.136050871535897	9.00372288565642	0.400793759932654	0.690564227601922	0.971360007732534	-5.00805895679664	PLA2G12A	no	no	no
-0.117453644812297	10.7760278009126	-0.400768128541344	0.690582958165455	0.971360007732534	-5.00806526681596	HMGN4	no	no	no
-0.0802681550674484	12.0209442093046	-0.400539119007968	0.690750319378139	0.971360007732534	-5.00812162740463	MDH1	no	no	no
0.158298764919712	7.03603249232523	0.400417080013337	0.690839512426084	0.971360007732534	-5.00815164889589	CERS4	no	no	no
-0.130301575498736	9.78834366968815	-0.400361804001815	0.690879912745792	0.971360007732534	-5.00816524376989	PDIA3	no	no	no
0.131015639278614	10.6805377080812	0.399645852571409	0.691403272094836	0.971360007732534	-5.0083411608205	UBL5	no	no	no
0.0769164565402927	8.07671862727	0.399535417618708	0.691484013467271	0.971360007732534	-5.00836826815051	RUSC2	no	no	no
0.0536143708970381	8.11949953633385	0.399468273861795	0.691533105489656	0.971360007732534	-5.00838474561261	ARVCF	no	no	no
-0.0878713973390972	8.46374527383469	-0.399423087050343	0.691566144491437	0.971360007732534	-5.00839583317185	EHD1	no	no	no
-0.196873853220642	9.0757132896183	-0.399302552669499	0.691654277950456	0.971360007732534	-5.00842540281155	ENDOD1	no	no	no
0.198982798659685	9.26457541553539	0.39925423873039	0.691689605803829	0.971360007732534	-5.00843725276577	ARHGDIA	no	no	no
-0.127414258475625	7.77778634982351	-0.398926874089361	0.69192899787944	0.971360007732534	-5.00851750807088	NCF4	no	no	no
0.0890202480529084	8.56790016546203	0.398700434909423	0.692094604803403	0.971360007732534	-5.00857298280654	TWF2	no	no	no
0.0649764494711796	7.94304303836093	0.39842359177198	0.692297095513166	0.971360007732534	-5.00864076352187	PLCB3	no	no	no
-0.0922016485642816	9.44382789002919	-0.398392645564498	0.692319731838572	0.971360007732534	-5.00864833732176	VDAC1	no	no	no
0.0647513094495385	7.36115060270842	0.398356387701785	0.692346253860102	0.971360007732534	-5.00865721035975	TMPRSS11D	no	no	no
-0.130430087645078	7.77216043218077	-0.39810426833427	0.692530685768864	0.971360007732534	-5.00871888700634	GTF2H2	no	no	no
0.0692849291805776	7.24830300950826	0.39809028992268	0.692540911894737	0.971360007732534	-5.00872230545248	PHF8	no	no	no
-0.0740199014748102	8.07700450448674	-0.397867596312821	0.692703834715747	0.971360007732534	-5.00877674956057	RABEP2	no	no	no
0.0830191533763221	10.7895420732462	0.397549676964975	0.692936450265301	0.971360007732534	-5.00885442219852	RTN3	no	no	no
0.0968088639539962	9.65052258050152	0.397532654446043	0.692948906164851	0.971360007732534	-5.00885857933122	SNRNP40	no	no	no
-0.112107143654217	8.57079222600442	-0.397421529937556	0.693030221489882	0.971360007732534	-5.00888571313191	MTR	no	no	no
0.137778267799457	6.76110247113498	0.397380151565758	0.693060501036365	0.971360007732534	-5.00889581476776	TACC1	no	no	no
-0.0777732899784503	8.71789322594384	-0.397151299839519	0.693227977558101	0.971415308164519	-5.00895166517385	AAAS	no	no	no
0.130292518149422	7.70818262565408	0.396660323702871	0.693587332320899	0.971569768841066	-5.00907137861694	MICAL2	no	no	no
0.110088733410623	11.0809812285539	0.39628624706145	0.693861174025197	0.971569768841066	-5.00916249037862	OXA1L	no	no	no
-0.118035260524651	9.39307074914236	-0.395885196271104	0.694154808053621	0.971569768841066	-5.00926007757112	SMARCC1	no	no	no
0.134877744696757	10.039464959346	0.395789720123932	0.694224719039102	0.971569768841066	-5.00928329525058	F8A1	no	no	no
-0.142471280268579	10.6753606673462	-0.39567052292183	0.694312003194099	0.971569768841066	-5.00931227358404	EIF2S3	no	no	no
-0.113636075990588	9.77606548353456	-0.395547254037811	0.694402273321566	0.971569768841066	-5.00934223270699	IMP4	no	no	no
0.153902060782833	7.06154361179077	0.395368583446507	0.694533122231211	0.971569768841066	-5.00938564019234	SLC2A6	no	no	no
-0.0925855220598353	7.76897468627603	-0.395294962269717	0.694587041236974	0.971569768841066	-5.00940352058944	ZNF467	no	no	no
-0.0986339375582009	6.84077581903475	-0.395287030000283	0.694592850803322	0.971569768841066	-5.00940544690539	NFKB2	no	no	no
0.111497697791113	8.97219335832399	0.395251862205295	0.694618607796888	0.971569768841066	-5.00941398678532	ARFGAP1	no	no	no
-0.0940765128446928	8.34309023860627	-0.394777741877295	0.694965890505387	0.971821998159693	-5.0095290451419	DIMT1	no	no	no
0.102411145288344	9.28314539995338	0.394465525570764	0.695194618281166	0.971821998159693	-5.00960473837853	NPEPPS	no	no	no
-0.058582339346033	7.29249341179609	-0.394220335741437	0.695374263003372	0.971821998159693	-5.00966414026253	CASP10	no	no	no
-0.0742600991012482	9.64588124271099	-0.394201183508917	0.695388296131626	0.971821998159693	-5.00966877871446	DAZAP1	no	no	no
0.144898380381599	8.63134546174567	0.394098089715974	0.69546383635695	0.971821998159693	-5.00969374302112	GABARAPL1	no	no	no
-0.0767495484120867	7.10108939703781	-0.393831030875357	0.69565953373718	0.971821998159693	-5.00975838163495	FBXW2	no	no	no
0.125153841865661	8.39621108376503	0.393782017293528	0.695695452557123	0.971821998159693	-5.00977024011494	PELP1	no	no	no
0.119249324508899	10.1213839614871	0.393494390211838	0.69590624970946	0.971937534105537	-5.00983979995333	CD59	no	no	no
-0.0985216030828326	8.20201559579969	-0.392941479533856	0.696311537162639	0.972105735036607	-5.00997337474675	MYO9B	no	no	no
0.137475563837716	8.01371743713197	0.392886309224991	0.696351982319519	0.972105735036607	-5.00998669285049	REC8	no	no	no
-0.1097749391491	8.29722332092416	-0.39255902580898	0.696591931003138	0.972105735036607	-5.01006566094897	POGLUT1	no	no	no
0.0993899370155965	7.3202506249162	0.392524407712469	0.696617313189046	0.972105735036607	-5.01007400991551	RUNDC3A	no	no	no
0.0691800145146199	9.65415563930282	0.392456320636721	0.696667236047584	0.972105735036607	-5.01009042858532	UBA1	no	no	no
-0.0692038116252611	7.30294730048447	-0.391789843320037	0.697155982858479	0.972391669035846	-5.01025099552683	CORO7	no	no	no
-0.0875006014080864	10.5708780498385	-0.391728356291038	0.6972010796096	0.972391669035846	-5.01026579529752	NELFE	no	no	no
-0.0731393888256954	7.2042764767966	-0.391540253227394	0.697339047893447	0.972391669035846	-5.01031105694521	INPP4A	no	no	no
-0.101656095604613	11.5006091409269	-0.391217315750288	0.69757593757381	0.972391669035846	-5.01038871246253	DHX15	no	no	no
0.0772144091326257	8.33349447515621	0.391195989267533	0.697591582616735	0.972391669035846	-5.01039383852576	SGTA	no	no	no
0.0633615285108892	13.5127525631704	0.390954373195738	0.697768840726865	0.972391669035846	-5.01045189437972	RPSA	no	no	no
-0.242564779270732	9.95538655026472	-0.39095389278988	0.697769193186634	0.972391669035846	-5.01045200977695	PCOLCE	no	no	no
-0.103671664136642	9.30176333743035	-0.39060880144664	0.698022394077374	0.972427199724045	-5.01053486713415	ZNHIT3	no	no	no
0.0778678814867752	9.57708994936756	0.390569822568715	0.698050995901011	0.972427199724045	-5.01054422151383	C11orf68	no	no	no
-0.264251793872521	7.84031913811673	-0.390327498011199	0.698228818168464	0.972496378902773	-5.01060235524814	COBL	no	no	no
0.202244492977461	8.61836923783419	0.389466441794005	0.698860815928758	0.972977837104205	-5.01080863390683	THEMIS2	no	no	no
-0.0867438128497842	8.74287494508158	-0.389294733318615	0.698986872323152	0.972977837104205	-5.0108497152509	RIOK3	no	no	no
-0.140076988111481	7.85876226091108	-0.389025597897552	0.699184470078537	0.972977837104205	-5.01091406995197	THOC6	no	no	no
-0.108098631282987	8.55651180637964	-0.38899558561193	0.699206506242404	0.972977837104205	-5.01092124365145	ODF2	no	no	no
-0.0725166368001142	13.2858135111494	-0.388743649882597	0.699391497398831	0.972977837104205	-5.01098144108923	TUBA1C	no	no	no
-0.107593051465214	7.32430840537562	-0.388665425314853	0.699448939828459	0.972977837104205	-5.01100012418436	TBL1X	no	no	no
-0.0724975018037197	8.75362957223758	-0.388574094841895	0.699516008534576	0.972977837104205	-5.01102193277292	WIPI2	no	no	no
0.0750148726664957	7.42091272179601	0.388459315540441	0.699600300374347	0.972977837104205	-5.01104933345528	IFT81	no	no	no
0.0478010179761409	7.78688406535711	0.388133237796889	0.699839786869516	0.973132545861442	-5.01112713261465	TMEM134	no	no	no
0.139998280318688	9.89818732348153	0.387758429820543	0.700115101272979	0.973176402523027	-5.01121647844281	MACROH2A2	no	no	no
0.0874532140964878	9.47340666693957	0.387680896944357	0.700172057977434	0.973176402523027	-5.01123494987463	LSM4	no	no	no
-0.133381789876744	9.7859805145474	-0.387547881198345	0.700269777218798	0.973176402523027	-5.01126663102455	MRPL22	no	no	no
-0.132814212840046	7.8695612653939	-0.387352121671453	0.700413600155581	0.973176402523027	-5.01131323665253	TRIB3	no	no	no
-0.0676830397624894	6.79341255357513	-0.387182515915699	0.700538217121264	0.973176402523027	-5.01135359684456	DOK2	no	no	no
-0.0892864115199514	9.2485880646803	-0.386782210951326	0.700832372243892	0.973176402523027	-5.01144878590763	UBAP1	no	no	no
-0.142728939365102	10.0432311641345	-0.386777265350815	0.700836006698035	0.973176402523027	-5.01144996131894	C2CD5	no	no	no
-0.112581319786915	9.2057019734311	-0.38651344961315	0.701029891547905	0.973176402523027	-5.01151264032257	LCMT1	no	no	no
0.116876485865844	9.17151425203513	0.386145065487994	0.701300660078551	0.973176402523027	-5.0116000924826	FAM86B1	no	no	no
0.0547275026232109	7.28059575167723	0.386134120790333	0.701308705216522	0.973176402523027	-5.01160268942434	ST3GAL2	no	no	no
-0.0952879269647773	9.8953092197393	-0.385775187266315	0.701572566316611	0.973176402523027	-5.01168781624713	PRKAR1A	no	no	no
0.0567047616131209	7.92572335493135	0.385743653244916	0.70159574955335	0.973176402523027	-5.01169529129788	URGCP	no	no	no
0.0947171544737012	8.12211974561913	0.385454983328608	0.701807987768659	0.973176402523027	-5.0117636915613	HYI	no	no	no
-0.0866892968408304	8.84018580392392	-0.38523685931911	0.701968374631463	0.973176402523027	-5.01181534235359	TRPC4AP	no	no	no
-0.123775194875523	8.70638790005138	-0.38516768540285	0.702019241171388	0.973176402523027	-5.01183171638112	COG5	no	no	no
-0.0918959891440264	7.66227382967246	-0.384965792177934	0.702167709799794	0.973176402523027	-5.0118794894937	ZDHHC17	no	no	no
0.101217320879572	9.20645571025722	0.384964440777597	0.702168703634831	0.973176402523027	-5.01187980918609	GPBP1L1	no	no	no
-0.115583624157364	7.96496309594905	-0.384694820830471	0.702366995727162	0.973176402523027	-5.01194356927099	BCKDHB	no	no	no
-0.0662350533401535	8.04954143633627	-0.384664046239836	0.702389630245486	0.973176402523027	-5.01195084407417	DGCR8	no	no	no
0.104828163594843	8.66846611989777	0.384567375468033	0.702460732768889	0.973176402523027	-5.01197369232164	BIN1	no	no	no
0.0899005792858972	7.85909832444561	0.384348235296513	0.702621923000015	0.973176402523027	-5.01202546529195	CCNL1	no	no	no
0.163945585321728	8.57705047355623	0.384203841190448	0.702728140758274	0.973176402523027	-5.01205956315376	TIAM1	no	no	no
-0.35464190884703	10.4506120858668	-0.383864896524672	0.702977495473981	0.973176402523027	-5.01213955318993	FOS	no	no	no
-0.106038136552047	10.9509608632222	-0.383820686760043	0.70301002214106	0.973176402523027	-5.01214998142149	TUBB3	no	no	no
-0.131641076081573	7.55105643599732	-0.383728800795897	0.703077627653036	0.973176402523027	-5.01217165174421	ANKRD12	no	no	no
0.0587602855452212	6.75107798941263	0.383433411683857	0.703294977989733	0.973299706909738	-5.0122412812961	YWHAH	no	no	no
0.0764510532786658	12.8135266701977	0.382878320177954	0.703703487919716	0.973305788843815	-5.01237198460222	RPL22	no	no	no
0.109911779210606	10.179130066055	0.382564471378844	0.703934498675528	0.973305788843815	-5.01244580126804	ZDHHC7	no	no	no
0.10098102245677	9.5354371932425	0.382489440770227	0.703989729706815	0.973305788843815	-5.01246343945034	ASAH1	no	no	no
-0.104970691476773	7.06092240729383	-0.382482085993319	0.703995143743149	0.973305788843815	-5.01246516822559	A4GALT	no	no	no
-0.0863620538917068	8.07699131701509	-0.38233051333226	0.70410672365084	0.973305788843815	-5.01250078876812	MECP2	no	no	no
-0.115236195152737	9.17084210112269	-0.382155695640362	0.704235423530208	0.973305788843815	-5.01254185467518	SAC3D1	no	no	no
-0.0667448994995251	7.24705202003978	-0.381986207604817	0.704360208116516	0.973305788843815	-5.01258165084746	PRDM10	no	no	no
-0.11284981552542	9.81078286161839	-0.381984300856248	0.704361611996002	0.973305788843815	-5.01258209845685	PJA2	no	no	no
0.1283445420279	7.35736959629187	0.381845010000745	0.704464170327749	0.973305788843815	-5.01261479101104	HK2	no	no	no
-0.152139055712681	7.22150686455794	-0.381684901227477	0.704582063537042	0.973305788843815	-5.01265235508839	ARHGAP26	no	no	no
0.0563301638151542	7.26147778017836	0.381439290131055	0.704762929121784	0.973378432139807	-5.01270994904731	MMP17	no	no	no
0.118002328005646	8.56259544339423	0.381134862048935	0.704987130938325	0.973480169861935	-5.0127812841814	NFIC	no	no	no
-0.228141773483003	10.1141113076585	-0.380990884432136	0.705093175218924	0.973480169861935	-5.01281500209686	MLPH	no	no	no
0.0602442468731003	8.15124992938938	0.380501572920073	0.705453613676483	0.973683631205743	-5.01292949894942	TCTN1	no	no	no
-0.114330351243737	8.04783852520679	-0.380331025188831	0.705579259268199	0.973683631205743	-5.01296937215152	CTF1	no	no	no
0.0585100678481748	6.75829085763326	0.38026826325608	0.705625499209328	0.973683631205743	-5.01298404111856	CDK9	no	no	no
0.0761415439614496	8.91459849616796	0.379702539235619	0.706042347946071	0.974081697493597	-5.01311615614253	RRAGC	no	no	no
-0.11446513295585	10.7608466603476	-0.379358010044871	0.706296255987194	0.974254861012694	-5.01319651948799	DCTPP1	no	no	no
0.130772309927359	8.95577273417201	0.378638022230438	0.706826975416095	0.974743560173852	-5.01336422731874	MYO18A	no	no	no
0.0792388183320964	7.62347088390382	0.378528851312665	0.706907460679588	0.974743560173852	-5.01338962910552	NOL12	no	no	no
0.0938347606484575	7.62120163991702	0.377743508696272	0.707486547289069	0.974978527204465	-5.01357214801705	CREB3L1	no	no	no
-0.0923665580537455	7.88462718132293	-0.3776319062797	0.707568853581603	0.974978527204465	-5.01359805469404	PIDD1	no	no	no
0.105583798394511	10.1610677087708	0.377293144577025	0.707818710516507	0.974978527204465	-5.01367664623616	ZNF146	no	no	no
0.0828418409266406	8.82771118784975	0.377128098943848	0.707940453305015	0.974978527204465	-5.01371491093491	GOLGA2	no	no	no
0.125152209894698	9.12019913096949	0.377023398812019	0.708017687383214	0.974978527204465	-5.01373917634384	EMC9	no	no	no
0.0971346276112901	9.07124223647004	0.376837040135839	0.708155166159759	0.974978527204465	-5.0137823505049	MLST8	no	no	no
-0.109109415671522	10.0467002633565	-0.376733833761645	0.708231306836467	0.974978527204465	-5.01380625147363	NDUFAF3	no	no	no
-0.149447559622103	7.51763229685724	-0.376245787527957	0.708591404658943	0.974978527204465	-5.01391918742396	CHST1	no	no	no
-0.118007262162919	7.35036261065509	-0.376195275242814	0.708628678267666	0.974978527204465	-5.01393086789588	ANKRD28	no	no	no
0.0847570010647847	7.53993498560148	0.376078128355261	0.708715125112927	0.974978527204465	-5.01395795098746	MTMR9	no	no	no
0.0854914947772937	7.9661377727942	0.376022079835961	0.708756486678193	0.974978527204465	-5.01397090584224	ALG13	no	no	no
-0.119791647584745	8.96510997191688	-0.375673258955299	0.709013922516815	0.974978527204465	-5.01405148805272	SULT1A3	no	no	no
0.114952983076962	7.74832584907496	0.375667985370909	0.709017814777362	0.974978527204465	-5.01405270575146	MBNL2	no	no	no
0.0722417640724539	7.60824434374744	0.375490889155275	0.709148528281363	0.974978527204465	-5.01409358837664	GJD2	no	no	no
-0.0479571156571295	7.02506846814298	-0.375481733834107	0.709155286002277	0.974978527204465	-5.01409570136141	C2orf72	no	no	no
0.0662368895706327	7.95735922900514	0.375155314011434	0.709396238311625	0.974978527204465	-5.01417100344237	EIF3M	no	no	no
-0.178352194772898	8.99935495945583	-0.375026747783543	0.709491149909047	0.974978527204465	-5.01420064468773	CORO1A	no	no	no
0.126485585455197	9.40362083615159	0.374922066342987	0.709568432459557	0.974978527204465	-5.01422477180404	MFN1	no	no	no
-0.116895245445326	9.38686147442628	-0.374729346436224	0.709710718740369	0.974978527204465	-5.01426917268833	UXS1	no	no	no
0.0892549284334994	8.48344488800742	0.374725144884846	0.709713820888101	0.974978527204465	-5.01427014043496	JMJD7-PLA2G4B	no	no	no
-0.0717283033650244	7.6892231276169	-0.374435571694514	0.709927634586342	0.974978527204465	-5.01433681214935	AKAP7	no	no	no
0.0843030016394827	8.02564586515628	0.374397265303041	0.709955920851971	0.974978527204465	-5.01434562803874	TIMM22	no	no	no
-0.0772739720719182	7.56901983205099	-0.374135307100983	0.710149367526691	0.974978527204465	-5.01440589153181	TEX10	no	no	no
-0.0703459133873342	8.33393348107339	-0.374118725549587	0.710161613054702	0.974978527204465	-5.01440970471172	NLRX1	no	no	no
-0.0801965986407625	8.63976014932883	-0.373512730997535	0.710609195081059	0.975416528993321	-5.0145489474776	PPP6R3	no	no	no
0.098433985723209	6.84439179169908	0.37318532703964	0.71085105565725	0.975572040211108	-5.01462408385077	WARS2	no	no	no
-0.0656313505949726	6.97599865741679	-0.372852296020854	0.711097103994643	0.975733241430623	-5.01470044459933	ZMYM6	no	no	no
-0.111769230209354	8.33477052037821	-0.372582786137231	0.711296244777215	0.975754983067524	-5.01476219111547	EPHB4	no	no	no
0.0515988515936948	8.31961960913103	0.372482796041737	0.711370132621184	0.975754983067524	-5.01478508826203	TAF1	no	no	no
0.0835681920286161	8.4983968610971	0.372020225099252	0.711711986694067	0.975769897234614	-5.01489093504168	UBE2Q1	no	no	no
0.151197851317509	8.07898409660143	0.372000025834695	0.711726915936296	0.975769897234614	-5.01489555412386	TNFRSF1B	no	no	no
0.114546530363053	8.68584288510589	0.371946080788492	0.711766787189456	0.975769897234614	-5.01490788883004	DNAL4	no	no	no
0.173651623673899	8.75703720037513	0.371086286435757	0.712402378765321	0.976167580013975	-5.01510424424364	DCN	no	no	no
-0.101606557602746	7.44721340987603	-0.371054163232217	0.712426129429507	0.976167580013975	-5.01511157164854	AOAH	no	no	no
0.200790760109905	8.30589743618761	0.371016976944482	0.71245362390452	0.976167580013975	-5.01512005317397	OAS2	no	no	no
-0.0836758112909916	8.00145003884581	-0.370692653886843	0.712693435475556	0.976167580013975	-5.01519398973367	SGSM3	no	no	no
-0.0890142569120971	8.91054359204912	-0.370683635155153	0.712700104543677	0.976167580013975	-5.01519604483576	PSME3	no	no	no
-0.0986368416475232	8.03522558021265	-0.370130491688019	0.713109180176687	0.976417463490367	-5.01532199514103	TWNK	no	no	no
-0.0918635187889497	10.9308371848748	-0.370088953829811	0.713139902828626	0.976417463490367	-5.01533144575189	DDX5	no	no	no
0.118587469110886	7.69990913090921	0.369410185717891	0.713642008410098	0.976928659537403	-5.01548572878136	HSPB8	no	no	no
-0.151621910923101	8.69628827664725	-0.369160951335336	0.713826406975188	0.977004829748869	-5.01554230894301	TFAP2C	no	no	no
0.124759826886685	11.7132007063655	0.368831521255456	0.714070165689614	0.977162203291757	-5.01561703672608	CCNG1	no	no	no
-0.0583093400147361	7.78301091260279	-0.368391976879977	0.714395449498238	0.977431062169606	-5.01571663981707	DUS2	no	no	no
-0.113162152608316	6.98151453855984	-0.367890329935631	0.714766757827533	0.977762783197281	-5.01583017183356	ARHGAP32	no	no	no
0.0983979035422988	7.70098424748929	0.367700656039437	0.714907168603493	0.977778586042413	-5.01587305860701	POMT1	no	no	no
-0.118043161100504	7.71306090619767	-0.367239822765656	0.715248353404328	0.977936437336767	-5.01597716533176	CADM1	no	no	no
-0.0631859844341969	7.45577617504067	-0.367134049800215	0.71532667231444	0.977936437336767	-5.01600104221437	SMPD1	no	no	no
0.0775450626879173	7.91745100155699	0.367022569823318	0.715409220302635	0.977936437336767	-5.01602620000175	FICD	no	no	no
0.329426616002246	10.4223449252613	0.366495663780153	0.715799426970868	0.978293597236122	-5.01614500487462	COL5A2	no	no	no
-0.303772862306031	9.19234736796285	-0.365878592989971	0.716256503967248	0.978588256650634	-5.01628392467178	PLAU	no	no	no
0.0930328516091863	8.68782680270658	0.365291803424886	0.716691248705742	0.978588256650634	-5.01641581206485	RMND5A	no	no	no
0.0454616553568048	6.58909312008485	0.365106737599143	0.716828381291082	0.978588256650634	-5.01645736411086	BAHCC1	no	no	no
0.0813512349144098	7.96876336614919	0.364827556572781	0.717035270519378	0.978588256650634	-5.0165200079475	C15orf39	no	no	no
-0.0569444902024179	7.60625925014607	-0.364784345857893	0.717067294070721	0.978588256650634	-5.01652969950784	FAM120A	no	no	no
0.100355532680555	10.0130212672515	0.364737716348388	0.717101851875606	0.978588256650634	-5.01654015657946	PLSCR3	no	no	no
0.101699759076623	10.0898356009888	0.364572572518996	0.717224247181336	0.978588256650634	-5.01657718085652	PCMT1	no	no	no
-0.0907228468793944	10.6092860998255	-0.364476178071917	0.717295692791762	0.978588256650634	-5.01659878424271	PRPF8	no	no	no
0.0779947316375591	8.53800956094993	0.364470995814806	0.717299533848241	0.978588256650634	-5.01659994550087	RUSF1	no	no	no
0.0910463382850255	8.08665693541889	0.364298773935549	0.717427187834882	0.978588256650634	-5.01663852826623	IVD	no	no	no
0.0623466905036146	7.57754993078861	0.364226659340973	0.717480642910135	0.978588256650634	-5.01665467868621	CYTH4	no	no	no
0.119367705935814	8.27104901297212	0.364035149268097	0.717622607054582	0.978588256650634	-5.0166975529276	BIRC5	no	no	no
-0.0827651286989977	8.28007251833118	-0.363942120271278	0.717691571990086	0.978588256650634	-5.01671837169016	TBP	no	no	no
-0.0966002021453322	7.44147118089533	-0.363686056669582	0.717881411230681	0.978671244775136	-5.01677564837952	PIK3CA	no	no	no
-0.33771919467469	8.71142760420064	-0.36343033271773	0.718071016664399	0.978697357617573	-5.01683280920859	CLDN16	no	no	no
0.127051876936911	8.80896895573598	0.363312317057577	0.718158524936037	0.978697357617573	-5.01685917527764	CCDC25	no	no	no
0.169496029808077	7.50284531109909	0.362904064517588	0.71846127253535	0.978759750900166	-5.01695031815458	FGFBP1	no	no	no
-0.0851497303041466	8.8105399170852	-0.362815143026022	0.718527220065281	0.978759750900166	-5.01697015651163	AP1B1	no	no	no
0.0584698572953766	7.19924582275548	0.362728780236294	0.718591272043335	0.978759750900166	-5.01698941940923	KIAA0586	no	no	no
-0.0972943537352894	9.80539037382611	-0.362433847770187	0.71881002760333	0.97888199738946	-5.01705516871831	PSMD12	no	no	no
0.133202262268069	8.38760969943678	0.361585341890171	0.719439509346603	0.978969998629438	-5.01724403045514	NUCB2	no	no	no
-0.143239282081772	9.92055925271418	-0.361392560095328	0.719582556020325	0.978969998629438	-5.01728687893425	FH	no	no	no
-0.144672463916513	8.91974740217191	-0.361301106287451	0.719650419526867	0.978969998629438	-5.01730719791231	OGT	no	no	no
0.0869796071278924	7.75404273033913	0.360992145106598	0.719879701792105	0.978969998629438	-5.01737580442369	TRABD	no	no	no
-0.212723750339261	8.07067907797352	-0.360961827350859	0.719902202217951	0.978969998629438	-5.01738253351085	F3	no	no	no
0.130701423590032	10.8768573843129	0.36094442108061	0.719915120454317	0.978969998629438	-5.01738639661449	SOX17	no	no	no
-0.198164149061787	9.77771851572325	-0.360782140781696	0.720035562374351	0.978969998629438	-5.01742240380533	C1QB	no	no	no
0.0941507904338111	8.17522991985279	0.360685743015744	0.720107110706991	0.978969998629438	-5.01744378520064	ARIH1	no	no	no
-0.0597724786106805	7.91835462582446	-0.360662631813717	0.720124264676455	0.978969998629438	-5.01744891051221	SMG7	no	no	no
0.0811676827992195	7.73387991147119	0.360608014841548	0.720164803946959	0.978969998629438	-5.01746102148293	ENAH	no	no	no
-0.11687528749849	9.14660421780522	-0.359663597025202	0.72086592374528	0.979022260850781	-5.01767015258573	RNF19B	no	no	no
0.109295738357634	8.40478767584105	0.359250253824325	0.721172859229266	0.979022260850781	-5.0177615118745	NFYB	no	no	no
0.123159785223737	10.0005335547187	0.359200087066194	0.721210114630167	0.979022260850781	-5.01777259290643	SLC50A1	no	no	no
0.0844499193218797	8.10618021462111	0.358946753183617	0.721398258742206	0.979022260850781	-5.017828526856	TTI2	no	no	no
0.0582898726577518	6.92136195491157	0.358842040238914	0.721476031267837	0.979022260850781	-5.01785163514634	STAG3	no	no	no
-0.139662915186303	9.91616334612933	-0.358815400835139	0.721495817393995	0.979022260850781	-5.01785751292365	PLOD1	no	no	no
-0.114154619926688	9.39753116766929	-0.358767031982518	0.721531743324171	0.979022260850781	-5.01786818402878	KIF3B	no	no	no
-0.13082641318121	9.89281823105178	-0.358633812305763	0.721630695430713	0.979022260850781	-5.01789756749284	LPCAT1	no	no	no
-0.0761856702065523	8.29994929476861	-0.358311852630976	0.72186985860512	0.979022260850781	-5.01796853552508	ARPC4	no	no	no
-0.084239422765938	7.60799141076275	-0.358275004678379	0.721897232379428	0.979022260850781	-5.01797665371221	POLQ	no	no	no
-0.178330749113108	8.44025388260261	-0.3577773624162	0.722266959224239	0.979022260850781	-5.01808621108283	CAP2	no	no	no
0.0595353885213877	9.89970825772852	0.357769837300415	0.722272550578073	0.979022260850781	-5.01808786659961	GNAS	no	no	no
0.105115904167328	9.05265943532397	0.357695693370588	0.722327642238764	0.979022260850781	-5.01810417633233	TVP23B	no	no	no
-0.100750460163431	8.25572723790794	-0.357652849060497	0.722359477813032	0.979022260850781	-5.01811359943601	RXRB	no	no	no
-0.083274613929654	7.98872390772133	-0.357517884514056	0.722459766817984	0.979022260850781	-5.01814327598867	RABL3	no	no	no
-0.100639323540058	10.7985311013137	-0.357089380439864	0.722778210912197	0.979022260850781	-5.01823742358658	DRG1	no	no	no
-0.0883561880713812	10.5781238883451	-0.357069412044522	0.722793051698244	0.979022260850781	-5.01824180815729	RACK1	no	no	no
-0.0828312633991263	8.12426577315408	-0.356856520548623	0.722951282296431	0.979022260850781	-5.0182885388017	LSM3	no	no	no
0.0838662913505744	9.69978201721935	0.356636512926025	0.72311481480963	0.979022260850781	-5.0183368024276	DDX27	no	no	no
-0.11013190078706	7.2598213423951	-0.356528523126847	0.723195088834048	0.979022260850781	-5.0183604816213	ADORA1	no	no	no
-0.0912440443956582	7.91853056609959	-0.356382454126865	0.72330367398181	0.979022260850781	-5.01839249922102	FAM114A2	no	no	no
-0.0916235764264343	8.46732940123595	-0.356311277640818	0.723356587430589	0.979022260850781	-5.01840809603847	OSBPL1A	no	no	no
0.180663309316136	8.29918552415252	0.356212580093567	0.723429962630226	0.979022260850781	-5.01842971840039	PLVAP	no	no	no
-0.0612421876735123	7.09648997606622	-0.356149859227889	0.723476592877626	0.979022260850781	-5.01844345601188	DIXDC1	no	no	no
-0.0891092996657499	7.70662987429556	-0.356047763872058	0.723552498626247	0.979022260850781	-5.01846581259919	WDR12	no	no	no
-0.149818872700328	8.75619184748428	-0.356040588769648	0.723557833269792	0.979022260850781	-5.01846738354621	AOPEP	no	no	no
-0.12183557273623	7.59597675810245	-0.355657286138286	0.723842836573566	0.97909310671628	-5.01855125979228	SEMA5A	no	no	no
-0.118562964014391	9.4809994531034	-0.355593818312406	0.723890031675792	0.97909310671628	-5.0185651395005	F11R	no	no	no
-0.198217070252147	10.0314576038348	-0.355449585699174	0.723997288058124	0.97909310671628	-5.01859667243497	FN1	no	no	no
0.177362958538993	12.4566721945105	0.354995058388271	0.72433532704986	0.979294702577242	-5.01869596072636	UQCRH	no	no	no
0.160227381841995	8.18379575282506	0.354793163569502	0.72448549720527	0.979294702577242	-5.01874002281342	PKP2	no	no	no
-0.0998388688330072	10.5297244056596	-0.354562746493717	0.724656895738195	0.979294702577242	-5.01879027929962	EIF4B	no	no	no
0.0960651270438289	8.03167559241485	0.354555087920478	0.724662592906064	0.979294702577242	-5.01879194916223	KANK1	no	no	no
0.0689300302802544	7.42527898485624	0.353919844462247	0.725135201727724	0.979409527361343	-5.01893033204327	HR	no	no	no
0.0987335958271076	9.47885119316683	0.353547483210887	0.725412281700561	0.979409527361343	-5.0190113336413	PARP6	no	no	no
0.197894885903289	8.17893011640094	0.35348998794685	0.725455068165949	0.979409527361343	-5.01902383333494	ATF3	no	no	no
-0.0605368472243423	12.865550898034	-0.353449482185315	0.725485212022569	0.979409527361343	-5.0190326382341	RPS25	no	no	no
0.137569447645761	10.0355681787939	0.353204559555756	0.725667489611847	0.979409527361343	-5.01908585672316	IMP3	no	no	no
-0.0931817666062865	12.3909808649051	-0.353129362294719	0.725723456536246	0.979409527361343	-5.01910218876422	IFITM2	no	no	no
-0.0593666930753114	7.85863381580146	-0.353106746773418	0.725740288844491	0.979409527361343	-5.01910709993897	C11orf58	no	no	no
-0.101910474500817	9.64845259408395	-0.353030780553353	0.725796830081074	0.979409527361343	-5.01912359443939	TM9SF4	no	no	no
-0.102170763438445	9.41099191577152	-0.35287978113652	0.725909222704295	0.979409527361343	-5.0191563704007	DNASE2	no	no	no
-0.0949595099127701	6.67682911766994	-0.352211637030174	0.726406612300528	0.979743870326468	-5.01930123095393	INF2	no	no	no
-0.0780553665701428	10.4193358530989	-0.352005524982399	0.726560073359255	0.979743870326468	-5.01934586321659	SH3GLB1	no	no	no
0.103049906212334	8.76253328344438	0.351889196636169	0.726646690833788	0.979743870326468	-5.01937104194466	SLC4A1AP	no	no	no
-0.0791147666002453	11.9618211289201	-0.351853195373903	0.726673497917417	0.979743870326468	-5.01937883257725	PDIA6	no	no	no
-0.108801934319027	12.5735164106894	-0.351527446913874	0.726916070888596	0.979784743095771	-5.01944928823323	TIMP1	no	no	no
0.0519505747827684	7.30457883661869	0.351221736772106	0.727143747840478	0.979784743095771	-5.01951535094725	SLC5A2	no	no	no
0.0759344874780211	8.0744418501201	0.351163945544241	0.727186790533839	0.979784743095771	-5.01952783298788	AATK	no	no	no
0.125001134464864	8.49332083432306	0.351093506841802	0.727239254224906	0.979784743095771	-5.0195430439386	NMB	no	no	no
-0.10053088237352	8.53655370336832	-0.350695971507806	0.72753536869195	0.979784743095771	-5.01962883332552	NUP98	no	no	no
-0.0846394848957141	7.62709991818273	-0.350417492118702	0.727742826356531	0.979784743095771	-5.01968887263515	GDAP2	no	no	no
0.205500417161049	7.97510412267229	0.350354820347642	0.727789517540754	0.979784743095771	-5.01970237795633	HPN	no	no	no
-0.065706541673227	7.72373615633832	-0.350089199206893	0.727987419931259	0.979784743095771	-5.01975959082289	ZNF248	no	no	no
-0.0587283335104829	6.54759635325894	-0.350043941053068	0.72802114162329	0.979784743095771	-5.01976933480877	ARHGEF10L	no	no	no
-0.150841696093944	8.06513279157584	-0.350008247731078	0.728047736977101	0.979784743095771	-5.01977701862491	GSTM4	no	no	no
0.117088411981741	8.07035940708961	0.349741379140431	0.728246593446806	0.979784743095771	-5.01983444365221	LRPAP1	no	no	no
0.0984641395060688	10.3510587506704	0.349726404000576	0.72825775269655	0.979784743095771	-5.01983766472893	LRRC8D	no	no	no
-0.105226863216075	10.8172940223888	-0.349487041624399	0.728436130044688	0.979784743095771	-5.01988913179129	MYD88	no	no	no
0.123544971825116	8.34267513039225	0.34906197677274	0.728752933898317	0.979784743095771	-5.0199804419469	TSPOAP1	no	no	no
-0.0900969227217144	8.26278627801095	-0.349061492632346	0.728753294758951	0.979784743095771	-5.0199805458845	PFDN6	no	no	no
-0.11036891154605	9.1588610080425	-0.348922739870603	0.728856718583368	0.979784743095771	-5.02001032810232	GFPT1	no	no	no
0.0813617936345236	11.4197964607611	0.348866147697132	0.728898902843388	0.979784743095771	-5.02002247180632	RPN1	no	no	no
-0.101962380430214	7.91493957686472	-0.348621569298237	0.729081223315569	0.979856238490708	-5.02007493163838	BMPR1A	no	no	no
-0.112837819482597	6.63116188159287	-0.348101891346935	0.729468668845397	0.980203339684589	-5.02018627663916	PLEKHA5	no	no	no
-0.0997869248762064	8.12457419815379	-0.347313401716173	0.730056663301587	0.980261686283407	-5.02035490190642	HTATIP2	no	no	no
-0.131315618866993	7.32945766845211	-0.347159564628611	0.730171402248696	0.980261686283407	-5.02038775705603	C2	no	no	no
-0.182103394726747	10.767774212366	-0.347079935823473	0.730230795619161	0.980261686283407	-5.02040475779188	CNN3	no	no	no
0.0678231478142392	8.33744142040726	0.346999117405845	0.730291078008206	0.980261686283407	-5.02042200855327	SYNPO	no	no	no
-0.0853436567378255	6.95873239890839	-0.346905509679348	0.730360902088158	0.980261686283407	-5.02044198422181	TUT7	no	no	no
0.0800706959431819	8.18894404806038	0.346699524390022	0.730514559232691	0.980261686283407	-5.02048592216799	DYSF	no	no	no
0.118776921300352	7.0177537471217	0.346654308570742	0.730548290002952	0.980261686283407	-5.02049556351836	TBX2	no	no	no
-0.0710518711111972	8.1821562850404	-0.346428362234067	0.730716852899324	0.980261686283407	-5.02054372326718	COX17	no	no	no
-0.146448293124652	12.4903450103688	-0.346390492722231	0.730745106034239	0.980261686283407	-5.0205517919857	LGALS1	no	no	no
-0.0755373298746905	8.74213359329562	-0.346311624308512	0.730803948247922	0.980261686283407	-5.02056859338108	TOE1	no	no	no
0.0879557052387221	8.58240405499747	0.346006492886784	0.731031616404941	0.980358675628663	-5.02063355999602	SCML2	no	no	no
0.0484992621271122	7.88766303274362	0.34586840955025	0.731134652791593	0.980358675628663	-5.02066294113489	KEL	no	no	no
-0.065707356268565	9.52296369180545	-0.345215584060569	0.731621852522877	0.980599033308938	-5.02080169068239	SFPQ	no	no	no
-0.0829400202553537	9.87581480416983	-0.345195408095724	0.73163691151008	0.980599033308938	-5.02080597467718	CANX	no	no	no
0.119428897960753	8.39995902866399	0.344984500105069	0.731794335950988	0.980599033308938	-5.0208507422343	CD248	no	no	no
-0.0703277994929323	11.3534341429622	-0.344596262034791	0.732084152407128	0.980599033308938	-5.02093307908015	IFNGR2	no	no	no
0.118912763224388	8.44948553492009	0.344470471158969	0.732178062728219	0.980599033308938	-5.0209597368551	SORD	no	no	no
0.0545277698116824	7.21798883241079	0.344431277538615	0.732207323930156	0.980599033308938	-5.02096804084752	DPEP1	no	no	no
-0.0538376774094469	7.09419907327505	-0.344416282460368	0.732218519073332	0.980599033308938	-5.02097121762211	HDAC7	no	no	no
0.0923024772754401	10.4229295600312	0.343760071028465	0.732708496312394	0.981082066352293	-5.02111010453991	INTS8	no	no	no
-0.109838686904644	6.99840582546343	-0.34333823695046	0.733023529217534	0.981330723306749	-5.02119924678757	KCNF1	no	no	no
-0.0960636297277721	8.424395852333	-0.342885368383692	0.733361791040622	0.981334621636914	-5.02129482636661	PRKAB1	no	no	no
-0.122961754614808	7.75169869463155	-0.342816977771725	0.733412878807589	0.981334621636914	-5.02130924957687	BGLAP	no	no	no
-0.0658385156169322	7.14246040885919	-0.342814911031529	0.733414422680936	0.981334621636914	-5.02130968539675	MAN1A2	no	no	no
-0.0796802363050238	7.96223447513403	-0.342184665627825	0.733885273661768	0.981688661057193	-5.0214424655606	TELO2	no	no	no
-0.150441239063591	8.28705622677845	-0.342111013132666	0.73394030558142	0.981688661057193	-5.02145796685189	CCR1	no	no	no
0.0557622095809542	7.29261199353738	0.34185874205864	0.734128809056237	0.981688661057193	-5.02151103605236	SPEG	no	no	no
-0.11090860070189	7.73497989171134	-0.341740708724912	0.734217012315914	0.981688661057193	-5.02153585288536	PPM1D	no	no	no
-0.0645088305951346	7.50158975240104	-0.341517820002621	0.734383581198908	0.981688661057193	-5.02158269265832	ASPH	no	no	no
0.154903295633513	8.02057006963191	0.341421907869138	0.734455262100908	0.981688661057193	-5.02160283913441	HOXB5	no	no	no
0.0700070506929962	8.62018742655258	0.340936271503468	0.734818244106873	0.981846367790583	-5.02170476151751	GUK1	no	no	no
-0.0738927506743789	10.2524799183049	-0.340894389494427	0.73484955109413	0.981846367790583	-5.02171354471288	NDUFS3	no	no	no
-0.108210256016483	10.9135330829286	-0.340744634054584	0.734961497680122	0.981846367790583	-5.02174494159234	FDPS	no	no	no
0.109070559658916	8.75308572701609	0.340571631192237	0.735090829654494	0.981846367790583	-5.02178119535042	MAP4K3	no	no	no
-0.0691330165548867	6.82965082378961	-0.340025702953475	0.7354990009138	0.98185305053115	-5.02189547798588	GLS	no	no	no
-0.0600414012050072	7.64534774455801	-0.339876179951561	0.73561080747643	0.98185305053115	-5.0219267468452	SLC38A7	no	no	no
-0.133600979770994	9.78230086918347	-0.339735867382731	0.735715732166575	0.98185305053115	-5.0219560771667	HMGA1	no	no	no
0.116860215762694	13.0975187535746	0.338804339013207	0.736412451474468	0.98185305053115	-5.02215049495134	RPL35	no	no	no
0.0935116267062273	7.1174917283196	0.338743881040714	0.736457677652258	0.98185305053115	-5.02216309472836	RGS16	no	no	no
0.0786880760619704	11.8330845199478	0.338576794238351	0.736582673485393	0.98185305053115	-5.02219790493824	RAB13	no	no	no
-0.0495888001459948	7.09889258440634	-0.338376240181817	0.736732715340194	0.98185305053115	-5.02223966507477	HFE	no	no	no
-0.0676086572106807	10.774724934267	-0.338337460971485	0.736761728690763	0.98185305053115	-5.02224773699748	RPL15	no	no	no
0.121523541947072	8.36312016173489	0.338295294812808	0.736793276487408	0.98185305053115	-5.02225651287409	PPP1R13L	no	no	no
0.236994707261794	9.45812502248876	0.338294169174042	0.736794118671981	0.98185305053115	-5.02225674713397	CHI3L1	no	no	no
-0.0876575330398813	8.31773947745291	-0.338243444815932	0.736832070149385	0.98185305053115	-5.02226730272155	CFLAR	no	no	no
0.0613963684733952	7.81029297493891	0.338094105705214	0.736943808095443	0.98185305053115	-5.02229837062331	CCNP	no	no	no
-0.125271659978321	11.0923312835502	-0.338069280491115	0.736962383281712	0.98185305053115	-5.02230353383994	CSRP1	no	no	no
0.0658695666156593	7.6453172985178	0.337938605296839	0.737060162143828	0.98185305053115	-5.02233070582413	RNF121	no	no	no
-0.0883301960056224	9.79762140603605	-0.337834156851176	0.737138319780044	0.98185305053115	-5.02235241684396	R3HDM2	no	no	no
-0.124762834760631	9.11630003126623	-0.337633927086407	0.737288157405494	0.98185305053115	-5.02239401867866	ELP5	no	no	no
-0.0871266601054903	7.62801029620572	-0.337624040088311	0.737295556395163	0.98185305053115	-5.02239607227075	DDX42	no	no	no
-0.256472445469845	8.44658294390129	-0.337321380351404	0.737522065675853	0.98188158588777	-5.02245890773261	EGLN3	no	no	no
0.168462758300785	8.65269925937047	0.337216221114026	0.737600771935302	0.98188158588777	-5.02248072684316	CYFIP2	no	no	no
0.0859091600898781	7.88061180900729	0.337076724936523	0.737705182017156	0.98188158588777	-5.02250965998125	PLXNA3	no	no	no
0.113367837346995	9.61687506168484	0.336756065384625	0.737945208234403	0.981923495940454	-5.0225761234693	ALDH3A2	no	no	no
0.0496228411625134	8.0241814998758	0.336688910884892	0.737995479355352	0.981923495940454	-5.02259003471076	ZSWIM1	no	no	no
0.037915107138979	6.96293647880183	0.335851386795026	0.738622538082328	0.982420344532039	-5.02276329880451	MRTFA	no	no	no
0.0969853944233979	8.60173488564595	0.335437707146403	0.73893232868312	0.982420344532039	-5.02284872137592	SLC66A3	no	no	no
0.101236068566545	9.09385417802537	0.335281960057392	0.739048973746527	0.982420344532039	-5.02288085521188	WBP11	no	no	no
-0.0507329826713861	7.37233158120698	-0.335086629284196	0.739195273361165	0.982420344532039	-5.02292113503754	SAFB	no	no	no
-0.0676371531261508	9.2413776359189	-0.335005647874466	0.739255930003883	0.982420344532039	-5.02293782765765	NAA60	no	no	no
0.114142474929061	9.69243753966262	0.334783295103324	0.739422485167649	0.982420344532039	-5.02298364042435	PPP3CA	no	no	no
-0.049502554526735	9.53494114217015	-0.334687397566943	0.739494321908858	0.982420344532039	-5.02300338948874	RPS27	no	no	no
-0.103008056403087	7.63808807587408	-0.334500233923784	0.739634532770495	0.982420344532039	-5.02304191764615	RCOR3	no	no	no
0.0907037035929451	7.49589630092883	0.334424429704091	0.739691322924651	0.982420344532039	-5.02305751606859	CREM	no	no	no
-0.245223143379729	7.01905791755284	-0.334323277565342	0.739767105236817	0.982420344532039	-5.02307832492912	HOXB6	no	no	no
0.157028967621913	9.76252780856471	0.3340298418908	0.739986959518099	0.982420344532039	-5.02313865470035	ELF3	no	no	no
-0.1247693103074	9.3782733400553	-0.333461530939224	0.740412824393696	0.982420344532039	-5.02325534870242	GCA	no	no	no
0.0828892906780134	7.57376463888264	0.333436990533936	0.740431215648762	0.982420344532039	-5.02326038325793	TRPM2	no	no	no
-0.0995367864145412	8.24309149691948	-0.333296311550807	0.740536647314013	0.982420344532039	-5.02328923697671	RANBP9	no	no	no
0.0595867381096611	7.57002771695637	0.333118505581678	0.740669910965401	0.982420344532039	-5.02332568826711	IFT122	no	no	no
0.235463806033598	8.59786296212503	0.333068240331734	0.740707585687699	0.982420344532039	-5.02333598944375	COL8A2	no	no	no
-0.140868096692786	9.80898343996091	-0.332777044109034	0.740925855237193	0.982420344532039	-5.02339563576616	PRKX	no	no	no
0.0976270342946648	9.77310515629702	0.332728581361944	0.740962183154611	0.982420344532039	-5.02340555746324	DROSHA	no	no	no
0.0950150587740923	9.03174288900921	0.332706176140449	0.740978978422735	0.982420344532039	-5.02341014396178	USP8	no	no	no
-0.112109704458914	11.491111235484	-0.332658542065235	0.741014686017924	0.982420344532039	-5.02341989395632	RPS24	no	no	no
0.0969924637566029	9.32818985328803	0.332437559127258	0.741180347449512	0.982420344532039	-5.02346510778391	PTPN6	no	no	no
-0.115708949388208	8.97483983253651	-0.332388339091617	0.741217247291239	0.982420344532039	-5.02347517430137	LONP2	no	no	no
0.0910847848110381	9.27312881504683	0.331971850045499	0.74152951024311	0.982518700791324	-5.02356029570335	MEMO1	no	no	no
-0.0761979876225369	7.22938087879047	-0.331791686871658	0.741664601366463	0.982518700791324	-5.02359708434895	ARID5A	no	no	no
-0.0893082146512815	11.3855646636389	-0.331690249216924	0.74174066563608	0.982518700791324	-5.02361778881368	PSMG2	no	no	no
-0.0764964847397723	7.56353385239693	-0.331366552476475	0.741983411072723	0.982518700791324	-5.023683816603	MAT1A	no	no	no
-0.183500898730001	9.63122388035315	-0.331181228385661	0.742122400580668	0.982518700791324	-5.02372159027127	PLD3	no	no	no
0.0633179936489417	7.69362012112497	0.331024983966921	0.742239587658769	0.982518700791324	-5.02375342047673	ZNF562	no	no	no
0.111929852390891	10.7871278330601	0.330993200813684	0.742263426546728	0.982518700791324	-5.02375989353414	NAP1L1	no	no	no
0.0657520335804937	7.62103787157287	0.330908015354844	0.742327320985327	0.982518700791324	-5.02377723963037	JMJD4	no	no	no
0.0512319691964857	7.82083734995215	0.330555411261744	0.742591815727143	0.982547512370652	-5.02384899234512	DCTN2	no	no	no
-0.146368917201528	8.34531927051134	-0.329976935328146	0.743025809194418	0.982547512370652	-5.02396654403714	MARCHF2	no	no	no
-0.0481270288763495	7.07576673121496	-0.329906328730593	0.743078786599039	0.982547512370652	-5.02398087795547	RRP12	no	no	no
-0.0640565313119909	7.77382447953541	-0.329657549466993	0.743265460207816	0.982547512370652	-5.02403135861927	FUCA1	no	no	no
0.202156157247051	9.79022290772733	0.329158427756984	0.743640027491629	0.982547512370652	-5.02413252310595	CRYZ	no	no	no
-0.0997548044386389	10.7155382285394	-0.329147671202846	0.743648100469593	0.982547512370652	-5.02413470162276	TMBIM1	no	no	no
0.0860342451615292	9.80106268554945	0.329141248425529	0.743652920887798	0.982547512370652	-5.02413600238932	ARL2	no	no	no
-0.137672422067301	9.76987931010094	-0.329090456565787	0.743691041524155	0.982547512370652	-5.02414628807219	CTSD	no	no	no
-0.0684070206326487	9.72371098952381	-0.329011374074418	0.743750396323759	0.982547512370652	-5.02416229965492	CAPN2	no	no	no
0.0803877154644905	9.84990104707371	0.328853048126452	0.743869231471298	0.982547512370652	-5.02419434392788	ANXA11	no	no	no
0.092774336289395	8.25418046362589	0.32812160792225	0.74441831252904	0.982547512370652	-5.0243421844545	CLTB	no	no	no
-0.0677067405685314	11.6206389775542	-0.328042549191035	0.744477668779715	0.982547512370652	-5.02435814442785	PCBP1	no	no	no
0.0789851241000329	9.04852685396767	0.327914888515699	0.744573518045009	0.982547512370652	-5.02438390785149	WDR48	no	no	no
-0.0893152506794748	8.26362688097487	-0.327848129740558	0.744623643016997	0.982547512370652	-5.02439737659115	ZNF253	no	no	no
-0.0918460530245706	10.2760853850017	-0.327781301078277	0.744673821584494	0.982547512370652	-5.02441085670327	RNPEP	no	no	no
0.0873693930269798	8.02799109745927	0.327698155287752	0.744736253499176	0.982547512370652	-5.02442762435877	TBC1D19	no	no	no
-0.0624814344032207	7.33452230654356	-0.327624732654354	0.744791386003131	0.982547512370652	-5.02444242767476	SEMA4A	no	no	no
-0.0667387776089212	7.45403226945503	-0.327386935784874	0.744969955177622	0.982547512370652	-5.02449034916621	CCDC134	no	no	no
0.0885696231272871	7.72763511722365	0.326905670094339	0.745331396189301	0.982547512370652	-5.02458722944861	THNSL2	no	no	no
-0.141165521112755	10.0403714132699	-0.326873244264974	0.745355750781412	0.982547512370652	-5.02459375177997	CHSY1	no	no	no
-0.124675662372571	8.69582350642657	-0.326719722702142	0.745471062281433	0.982547512370652	-5.02462462333233	DDX17	no	no	no
-0.107451009293293	10.0823997829057	-0.326336358203287	0.745759036763177	0.982547512370652	-5.02470165096731	GALNT11	no	no	no
-0.0781684558791197	9.88503810634451	-0.326099989099039	0.745936610060195	0.982547512370652	-5.02474909874853	IDH3G	no	no	no
0.0805393440686004	9.09461176536287	0.326040223134368	0.74598151170941	0.982547512370652	-5.02476109051965	GRSF1	no	no	no
0.0411858527814193	9.39067778060885	0.325940317531636	0.746056571913782	0.982547512370652	-5.02478113125395	NCL	no	no	no
-0.11281172261593	7.21304334945673	-0.325930168661968	0.746064197013469	0.982547512370652	-5.02478316674245	ETNK1	no	no	no
0.0643669696490017	9.27750602656969	0.325860340735942	0.746116661179226	0.982547512370652	-5.02479716993959	LARP1	no	no	no
0.0466725780312298	12.0838780397292	0.325858616904058	0.746117956369893	0.982547512370652	-5.0247975155968	H3-3A	no	no	no
0.0824310274749534	9.32294396144658	0.325772775736573	0.746182453551476	0.982547512370652	-5.02481472589416	PPP6C	no	no	no
-0.0812302374589291	9.16642501461562	-0.325636371679397	0.746284945195099	0.982547512370652	-5.0248420642835	MCRS1	no	no	no
0.0424928850592084	6.83051843321822	0.325108836357219	0.746681369816772	0.982547512370652	-5.02494768700642	SCLY	no	no	no
0.130128305053088	9.70188812309729	0.325088543027171	0.746696620942285	0.982547512370652	-5.02495174672462	RNASEH2A	no	no	no
-0.0929625172675118	10.9456464568494	-0.324760465116947	0.746943196862877	0.982547512370652	-5.02501734439336	DDX1	no	no	no
-0.106155004841631	8.91945251194694	-0.324754384572214	0.746947767115692	0.982547512370652	-5.02501855954943	MYLIP	no	no	no
0.0729834402886087	11.5727240793738	0.32471184843629	0.746979738340322	0.982547512370652	-5.02502705947893	SET	no	no	no
0.0517750095305374	7.41178471663942	0.324570085063264	0.747086294494897	0.982547512370652	-5.02505537984837	DOCK6	no	no	no
0.0448013956162706	7.25675408631078	0.324344765692883	0.747255665645884	0.982547512370652	-5.02510036710226	PIP4K2B	no	no	no
0.101073269403075	10.9283289932224	0.324321952496364	0.74727281488656	0.982547512370652	-5.02510492025413	GOT2	no	no	no
-0.109098193870683	7.68463055333402	-0.324113014740564	0.747429884558847	0.982547512370652	-5.02514660611674	THG1L	no	no	no
0.0846012458945973	8.90547793847194	0.32372407652437	0.747722299108506	0.982547512370652	-5.02522413340723	COLGALT1	no	no	no
-0.186333193838524	9.04261159667871	-0.323439450249882	0.747936312864554	0.982547512370652	-5.02528080954949	LTBP1	no	no	no
-0.101701089409836	9.07346984956742	-0.323085778295015	0.748202270881263	0.982547512370652	-5.02535116540964	C1orf54	no	no	no
-0.163373806445406	7.73160354166703	-0.322974468365403	0.748285981332159	0.982547512370652	-5.02537329244492	DNA2	no	no	no
-0.108077624326674	8.28494543884843	-0.322922592874623	0.748324995259937	0.982547512370652	-5.02538360206291	OCA2	no	no	no
0.0522086646771138	7.10925023907958	0.322850923398137	0.748378896720462	0.982547512370652	-5.025397842787	BBIP1	no	no	no
-0.0958795286955285	8.71123202206286	-0.322844762863993	0.748383530018534	0.982547512370652	-5.02539906673853	IL2RB	no	no	no
-0.0832937148412754	9.31603937542902	-0.322776355867945	0.748434979112068	0.982547512370652	-5.02541265602184	MRC2	no	no	no
0.110671252052124	9.22105651609102	0.322023829935064	0.749001032479016	0.983020244980245	-5.02556195906872	FTSJ1	no	no	no
0.0683992368656049	11.6500978388795	0.321758479313907	0.749200663815222	0.983020244980245	-5.02561452275668	HMGB1	no	no	no
-0.0555809348999467	8.58094006374057	-0.321649897243937	0.74928235842406	0.983020244980245	-5.02563601952666	STK19	no	no	no
-0.14931575550647	7.91146963102926	-0.321608812273348	0.749313270554262	0.983020244980245	-5.02564415153318	KCTD9	no	no	no
0.0798591730825888	10.3181173584041	0.321368278237842	0.749494255547175	0.983087711511143	-5.02569174007295	DKC1	no	no	no
-0.0691255576116334	7.97171612118481	-0.320651826354052	0.750033419937513	0.983624886015528	-5.02583327718896	GTPBP8	no	no	no
0.0689244257568064	8.2322008760965	0.320091840846095	0.750454923944992	0.983811454095083	-5.0259436854529	POLR2F	no	no	no
-0.195851439802476	8.92637744276043	-0.319933950472129	0.75057378279792	0.983811454095083	-5.02597478090309	ICAM1	no	no	no
0.139308067651928	9.46488061091739	0.31976049655841	0.750704364848761	0.983811454095083	-5.02600892392073	GAA	no	no	no
0.0493536474609905	7.32412114415535	0.319673839930862	0.750769605697918	0.983811454095083	-5.026025974696	GTPBP1	no	no	no
0.0689361763811437	9.85013203449277	0.319601658930102	0.750823949744942	0.983811454095083	-5.02604017370618	DENND2B	no	no	no
0.0896109557561034	8.93184423481811	0.319303541567776	0.751048411615954	0.983910296862629	-5.02609878380808	SIL1	no	no	no
0.0797243015760898	10.617466674001	0.318733181306148	0.751477914443638	0.983910296862629	-5.02621076565754	KIF5B	no	no	no
0.0854853457691639	9.78021218434032	0.318620370203104	0.751562874914173	0.983910296862629	-5.02623289089987	TENT4A	no	no	no
-0.0601768912937132	7.54577341233255	-0.317920700412361	0.752089880892747	0.983910296862629	-5.02636994088367	GOSR1	no	no	no
0.0530611197755764	13.5526101585673	0.317716986182178	0.75224334523758	0.983910296862629	-5.02640978778028	RPL3	no	no	no
-0.0735020654096386	11.2386802381697	-0.317702816813655	0.75225401984638	0.983910296862629	-5.02641255839232	PTP4A2	no	no	no
-0.0912597101749968	9.23663341200196	-0.317672867601372	0.752276582490007	0.983910296862629	-5.02641841411726	SGPL1	no	no	no
0.0845570856558965	10.213110442077	0.317378760729909	0.752498163515019	0.983910296862629	-5.02647588929641	MTIF2	no	no	no
-0.0445085915123021	7.39880037124798	-0.317344877053139	0.752523692938638	0.983910296862629	-5.02648250754084	ESS2	no	no	no
-0.157558609866896	8.90308787716092	-0.317295278094997	0.752561063438489	0.983910296862629	-5.02649219406745	ARMCX1	no	no	no
-0.115784801185633	10.6866940804553	-0.316475610300077	0.753178731753422	0.983910296862629	-5.02665205488366	SDC4	no	no	no
-0.0822891679523613	6.72859097973125	-0.31646592242143	0.753186033123795	0.983910296862629	-5.02665394186614	ZNF277	no	no	no
0.0589682676778355	10.6761890078864	0.316443805254816	0.753202702041798	0.983910296862629	-5.02665824958136	ANXA2	no	no	no
-0.102504621165225	10.1945904655202	-0.316383465704027	0.753248178410385	0.983910296862629	-5.02667000027089	NDUFB8	no	no	no
-0.0707637420820115	7.54329375486646	-0.316005290106236	0.75353321981895	0.983910296862629	-5.02674359652227	DTX3	no	no	no
-0.290218841646647	8.07140173149939	-0.315841029666262	0.753657038292489	0.983910296862629	-5.0267755357873	PI3	no	no	no
-0.11017583941978	8.53613112219226	-0.3157333327289	0.753738223117925	0.983910296862629	-5.02679646772992	H4C11	no	no	no
-0.209306430977018	10.5060576219066	-0.315590777457403	0.753845689420283	0.983910296862629	-5.02682416382004	CDH3	no	no	no
0.0400520437126126	9.3224642150539	0.315397217056389	0.753991614202404	0.983910296862629	-5.02686174945706	RPS15	no	no	no
0.0507003593962628	7.65175397313576	0.315320549697101	0.754049416079582	0.983910296862629	-5.02687663042154	SMG6	no	no	no
0.0722043094505521	8.57040636962942	0.31520672060427	0.754135237960662	0.983910296862629	-5.02689871776623	SMARCA4	no	no	no
0.0644470708852864	7.6413680729878	0.314927130189994	0.754346049568472	0.983910296862629	-5.0269529357296	LIG3	no	no	no
-0.0799938047228668	11.7263401218018	-0.314834353611397	0.754416007441897	0.983910296862629	-5.02697091633117	KARS1	no	no	no
0.229321821286022	8.11395412807575	0.31480766471266	0.754436132504495	0.983910296862629	-5.02697608780888	NME5	no	no	no
0.0566728089733253	7.39436973770913	0.31454531342804	0.754633970612234	0.983910296862629	-5.0270269001346	ARSA	no	no	no
-0.12397324220986	9.12010162767586	-0.314437534920114	0.75471525080724	0.983910296862629	-5.02704776253144	CKLF	no	no	no
-0.105390211998956	8.52945382188639	-0.31428251682945	0.754832161241219	0.983910296862629	-5.02707775651128	SECISBP2L	no	no	no
0.080049717365373	7.26539705836764	0.314090794521063	0.75497676104309	0.983910296862629	-5.02711483195187	GGTLC1	no	no	no
-0.0509749326567523	9.10624893056419	-0.313269327795269	0.755596423998077	0.983910296862629	-5.02727343346258	DGKD	no	no	no
-0.11715971011027	8.25845704979328	-0.313154095691182	0.755683360898964	0.983910296862629	-5.02729564844971	ZNF587B	no	no	no
-0.0895637676259577	8.36009927357338	-0.313058770525154	0.755755281424458	0.983910296862629	-5.02731401954603	PAM16	no	no	no
0.0629611208202203	7.28662973692503	0.312586375095126	0.756111724644394	0.983910296862629	-5.02740497773287	KLF13	no	no	no
0.207636052923089	7.49490362456402	0.31243077149035	0.756229146208606	0.983910296862629	-5.02743490881296	TFF3	no	no	no
-0.0623260402169166	7.90472467828754	-0.311559236659152	0.756886931340504	0.983910296862629	-5.0276022788522	METTL22	no	no	no
-0.120090098142612	9.30039845004468	-0.311056858707817	0.757266180666092	0.983910296862629	-5.02769854471367	MARS1	no	no	no
0.319908946919384	9.39361213088634	0.31063878150267	0.757581836791687	0.983910296862629	-5.0277785391432	VCAN	no	no	no
-0.188628756117354	8.70559855581335	-0.310503035134983	0.757684336848303	0.983910296862629	-5.02780448971029	TACC3	no	no	no
0.0730863660905029	7.93077852304628	0.310354517680322	0.757796485215489	0.983910296862629	-5.02783286880787	CUL7	no	no	no
0.167816542165852	8.94265804150149	0.310187926876396	0.757922287394605	0.983910296862629	-5.02786468535257	BCL11A	no	no	no
0.198818740222454	9.56569882959478	0.309745790231953	0.758256202067815	0.983910296862629	-5.02794904503439	CDC20	no	no	no
-0.095363673234145	9.093537131708	-0.309610003904267	0.758358761294732	0.983910296862629	-5.02797492906733	ZNF721	no	no	no
-0.0667565700804055	8.97836322118646	-0.309556739199416	0.758398993255506	0.983910296862629	-5.02798507947931	CD83	no	no	no
0.0933492794410919	7.00330891478088	0.309556702682653	0.758399020837624	0.983910296862629	-5.02798508643755	NCALD	no	no	no
-0.0508120381500904	9.15433294908336	-0.30930352796045	0.758590258334073	0.983910296862629	-5.02803330905517	E2F4	no	no	no
0.081625474632841	7.7483654945989	0.309276835723816	0.758610421413987	0.983910296862629	-5.02803839088576	LZTFL1	no	no	no
-0.0797644570399281	7.18630443475159	-0.309117361554794	0.758730890334059	0.983910296862629	-5.02806874346875	DCUN1D1	no	no	no
-0.10842743243021	9.23243936497035	-0.309099111578846	0.758744676996697	0.983910296862629	-5.02807221597909	HCCS	no	no	no
-0.120153807034645	9.0069748424195	-0.309004360739902	0.758816256331782	0.983910296862629	-5.02809024140019	CRIM1	no	no	no
-0.0632035005080053	10.3703624039907	-0.308859368084306	0.758925794891123	0.983910296862629	-5.02811781420358	KPNB1	no	no	no
0.103481019850395	8.81499031381859	0.308782634419908	0.758983767406449	0.983910296862629	-5.0281324012024	TULP3	no	no	no
0.0524890271617656	7.84568672112943	0.308766945382871	0.758995620694051	0.983910296862629	-5.02813538323034	DDA1	no	no	no
-0.0965008864591179	6.94788248367904	-0.30868577346809	0.759056948150857	0.983910296862629	-5.02815080923688	NPIPB3	no	no	no
-0.135696411628145	7.86567774063378	-0.308474499192205	0.759216578623502	0.983910296862629	-5.02819094115087	BORA	no	no	no
-0.147721508495169	7.61358832607178	-0.308466826098761	0.759222376308871	0.983910296862629	-5.02819239815436	WIPI1	no	no	no
0.0645358751619707	8.28411116789798	0.308310565984347	0.759340447380337	0.983910296862629	-5.02822206173292	OGFR	no	no	no
0.0664481552965561	10.3540475553557	0.308167501974039	0.759448552490418	0.983910296862629	-5.02824920713558	NDUFC2	no	no	no
-0.340565978705467	9.65914433506569	-0.308121309939126	0.759483458150586	0.983910296862629	-5.02825796907942	PDZK1IP1	no	no	no
-0.0841721173776409	8.86306150540869	-0.307923218017686	0.759633154845673	0.983910296862629	-5.02829552937658	CTNNBL1	no	no	no
-0.0455245123967971	7.63018198635445	-0.307805125646645	0.759722400870165	0.983910296862629	-5.02831790950195	HECA	no	no	no
0.13451456182108	9.14383039445234	0.307716823953832	0.75978913533052	0.983910296862629	-5.02833463831004	TK1	no	no	no
-0.183618402397938	9.76913762664118	-0.307661805875224	0.759830716463817	0.983910296862629	-5.02834505910565	JUP	no	no	no
0.114378951636229	10.7013513044739	0.307583230469262	0.759890102815932	0.983910296862629	-5.02835993860715	TSPO	no	no	no
-0.0677614053034768	6.86598368027978	-0.30747409346937	0.759972589686631	0.983910296862629	-5.02838059916534	MARK3	no	no	no
0.0692388390831337	9.90134352447067	0.307030950510515	0.760307550736267	0.983910296862629	-5.02846441501449	DAG1	no	no	no
-0.151175862373852	11.6878345794825	-0.306924628308251	0.760387924043426	0.983910296862629	-5.0284845068745	TUBA1A	no	no	no
0.0945299835394806	9.70671646842446	0.306718307685101	0.760543897892769	0.983910296862629	-5.02852347584801	CBX6	no	no	no
-0.167581649931025	8.03699925905735	-0.306665446019287	0.76058386177071	0.983910296862629	-5.02853345594641	C5AR1	no	no	no
-0.0394322245979694	7.63864602560655	-0.306507437227902	0.760703321731307	0.983910296862629	-5.02856327726315	PIKFYVE	no	no	no
-0.108844514505503	8.96361231022316	-0.306291328178887	0.76086671700588	0.983910296862629	-5.02860403922502	E2F3	no	no	no
0.113123349632376	9.64321928141978	0.306148267996604	0.760974887723015	0.983910296862629	-5.02863100716886	ETHE1	no	no	no
0.0505008337079913	6.65901562832754	0.305589320855235	0.761397565395668	0.983910296862629	-5.02873625296111	SLC38A3	no	no	no
-0.0653828533883918	10.4191006850331	-0.305555390730391	0.761423225842879	0.983910296862629	-5.0287426356094	SCAMP3	no	no	no
0.0713928101725824	8.28264996788543	0.305544325744316	0.761431594055065	0.983910296862629	-5.02874471690875	SLC35E3	no	no	no
0.139284548357828	10.336082756046	0.304979192622302	0.761859030538124	0.983910296862629	-5.02885091757442	FZD6	no	no	no
0.0604775901092431	7.36181104161606	0.304930301689963	0.761896012563416	0.983910296862629	-5.02886009604756	FRS3	no	no	no
-0.135771480738421	8.41601149666188	-0.304848364340217	0.761957992785803	0.983910296862629	-5.02887547516561	PAPSS2	no	no	no
-0.143661550597729	8.92504185586785	-0.304765510769617	0.762020667676595	0.983910296862629	-5.02889102207525	TGIF2	no	no	no
0.058756077144927	10.5473767524363	0.304742187861088	0.762038310668761	0.983910296862629	-5.02889539770296	CCNI	no	no	no
-0.103533555293303	7.51032356599332	-0.304725197982867	0.762051163018122	0.983910296862629	-5.02889858497674	MYO1B	no	no	no
-0.0498408320351292	7.15544354691308	-0.30423358969647	0.762423079820129	0.983910296862629	-5.02899073340216	PMEL	no	no	no
0.0623552766433896	7.78372921671086	0.304052244027552	0.762560287747643	0.983910296862629	-5.02902468800129	HIPK2	no	no	no
0.0867155872815355	9.8451857379252	0.303825451294724	0.762731892245313	0.983910296862629	-5.02906712364689	FPGS	no	no	no
-0.0772572359617364	8.52542705248097	-0.303626035434067	0.762882791794998	0.983910296862629	-5.02910441074612	HMCES	no	no	no
0.197146325495354	8.73407056813116	0.303615690590535	0.762890620074042	0.983910296862629	-5.02910634437771	CD200	no	no	no
0.124484299004967	9.00358179723939	0.303572505724294	0.7629232997359	0.983910296862629	-5.02911441567477	BAG1	no	no	no
0.0635702216249766	9.07296970422111	0.303376713567032	0.763071468736241	0.983910296862629	-5.02915099511926	GNA11	no	no	no
-0.064653051214631	11.4049424742669	-0.303340377447823	0.763098967693063	0.983910296862629	-5.02915778114064	ARCN1	no	no	no
0.0976900167111943	9.02753619511762	0.303216832221298	0.76319246829365	0.983910296862629	-5.02918084802177	FAM20B	no	no	no
0.218241914998248	10.3623289962632	0.303202189293184	0.763203550485214	0.983910296862629	-5.02918358135434	PLAAT4	no	no	no
0.0668188331423962	11.8720789816983	0.302886349567392	0.763442599351647	0.983910296862629	-5.02924250586328	HIF1A	no	no	no
-0.0765620781243058	9.76622160330278	-0.302829238359819	0.763485827470119	0.983910296862629	-5.02925315427506	LAMP2	no	no	no
0.0842455357811537	9.39998961063815	0.302505622779767	0.763730790175886	0.983910296862629	-5.0293134548538	MTMR4	no	no	no
0.0849735959883174	9.53028239392093	0.302210862368365	0.76395393210507	0.983910296862629	-5.02936832296109	GSS	no	no	no
0.0902281549547539	10.8836628188744	0.302141136780545	0.764006719307357	0.983910296862629	-5.02938129423773	PSMB6	no	no	no
-0.0456950914290788	7.02834512212608	-0.302093353601009	0.764042895210196	0.983910296862629	-5.02939018177905	HSD17B4	no	no	no
0.0419317710186492	7.7352973960215	0.30205573066926	0.764071379322526	0.983910296862629	-5.02939717855871	POLG	no	no	no
0.0573342158849916	7.44394715383384	0.301973508292813	0.764133630576864	0.983910296862629	-5.02941246653286	LMAN2	no	no	no
-0.0721336361250517	10.3697582237544	-0.301880776212601	0.764203840710395	0.983910296862629	-5.02942970365877	PSMD10	no	no	no
0.0510642811075075	6.72355269942959	0.301791408368011	0.76427150558328	0.983910296862629	-5.02944631045763	ZNF611	no	no	no
-0.071683026032465	9.16166481695697	-0.301669597967559	0.764363737341859	0.983910296862629	-5.02946893802993	MUS81	no	no	no
-0.0948600339186501	8.30301558667893	-0.301486587807757	0.764502314518237	0.983910296862629	-5.02950291703542	MOB3B	no	no	no
0.0647367028593454	8.23977775208505	0.300883824785197	0.764958788068193	0.983910296862629	-5.02961468549295	PHF11	no	no	no
0.0893417356486462	9.0011823689688	0.300850314170454	0.76498416820093	0.983910296862629	-5.02962089273639	ASB13	no	no	no
0.0904978878134712	7.4458152960566	0.300692361158167	0.765103801527276	0.983910296862629	-5.02965014145889	C1orf115	no	no	no
-0.043196913888778	7.09969291722776	-0.300591858177048	0.76517992532455	0.983910296862629	-5.02966874400522	SYNJ2	no	no	no
-0.0964182597224554	7.65172778150006	-0.300233240926547	0.765451571297465	0.983910296862629	-5.02973507169001	GGT5	no	no	no
-0.0843492488429596	9.24130014417739	-0.300129226678072	0.765530365767549	0.983910296862629	-5.0297542948123	TMEM183A	no	no	no
-0.104326268991913	8.63655401959729	-0.2999107970623	0.765695842098392	0.983910296862629	-5.0297946417584	TROAP	no	no	no
-0.106721854395147	10.3468285726324	-0.299696528560397	0.765858176838811	0.983910296862629	-5.02983419171621	H1-10	no	no	no
-0.129121969395131	7.37719109605792	-0.298535479951984	0.766737998899871	0.983910296862629	-5.03004801088015	PNMT	no	no	no
-0.051836882218362	7.80087956280899	-0.298336299628531	0.766888965551341	0.983910296862629	-5.03008460908696	R3HDM1	no	no	no
-0.0704862470518359	8.51663290739852	-0.298307161058747	0.766911051595094	0.983910296862629	-5.03008996109069	HMOX2	no	no	no
0.070505846550894	8.81309665617832	0.298278101336402	0.766933078070432	0.983910296862629	-5.03009529809456	UPF1	no	no	no
0.118356503120525	8.64887027051467	0.298141497585335	0.767036622592595	0.983910296862629	-5.03012037932083	PNKP	no	no	no
0.106145897425522	8.66284643319133	0.298047326885886	0.767108005717791	0.983910296862629	-5.03013766294582	RFC5	no	no	no
0.0475489241496069	7.86997061861399	0.298033126963205	0.767118769698345	0.983910296862629	-5.03014026865849	MAFG	no	no	no
0.09948481536843	10.3528058452039	0.297667182816587	0.767396182720865	0.983910296862629	-5.03020737752377	ALG8	no	no	no
-0.109444003967083	9.25374331920091	-0.297634895677138	0.767420660268565	0.983910296862629	-5.03021329458291	LCP1	no	no	no
0.237111308812942	8.91207890539618	0.297576225688116	0.767465139814623	0.983910296862629	-5.03022404502609	RGS2	no	no	no
-0.156646581757551	8.51580042568035	-0.297436944094063	0.767570736705092	0.983910296862629	-5.03024955796349	CCL5	no	no	no
0.0797669452377947	9.57593838144019	0.297171292781477	0.767772153681656	0.983910296862629	-5.03029818577739	PMPCA	no	no	no
0.112362550632204	8.41711421720403	0.296860857918887	0.768007546146575	0.983910296862629	-5.03035495653855	SLC2A1	no	no	no
0.0806067710830619	11.489304063633	0.296661573917514	0.768158668275689	0.983910296862629	-5.03039136949908	UXT	no	no	no
0.0533369815983518	6.88424516965928	0.296526510127358	0.768261095772487	0.983910296862629	-5.03041603438842	STX8	no	no	no
-0.0750355783953461	7.26985045178785	-0.296193357657525	0.768513764472643	0.983910296862629	-5.03047682581073	TMEM87A	no	no	no
-0.22954795190608	8.62501103623203	-0.296141782387665	0.768552882342401	0.983910296862629	-5.0304862308454	PLPP2	no	no	no
0.0764011243006014	9.23245535593444	0.296003393008724	0.768657848408739	0.983910296862629	-5.03051145886412	ATG2A	no	no	no
0.112613181515035	9.59036886091671	0.295869162367568	0.76875966433626	0.983910296862629	-5.03053591755436	PKIG	no	no	no
0.306927905807318	10.3597569790009	0.295824260959687	0.768793723640372	0.983910296862629	-5.03054409675346	THBS2	no	no	no
0.089701123430859	8.98354077271493	0.295742502638594	0.768855741401716	0.983910296862629	-5.03055898660403	ANAPC2	no	no	no
-0.225168314946725	9.46365531996723	-0.29463941471501	0.769692638133542	0.983910296862629	-5.0307594812275	ADM	no	no	no
0.0814788242417727	9.06238114172827	0.294531838101419	0.769774269826626	0.983910296862629	-5.03077899422649	SZRD1	no	no	no
0.0760953127020491	9.17719413613852	0.294192430165705	0.770031837951323	0.983910296862629	-5.03084051196988	DCAF11	no	no	no
-0.15909480141964	8.92742234174769	-0.293674859892493	0.770424659540893	0.983910296862629	-5.03093418587997	SCD	no	no	no
-0.0530702068680018	7.05666877519784	-0.29336447278256	0.770660264071267	0.983910296862629	-5.03099028348813	RCC1L	no	no	no
0.0528560410006403	7.81608436875875	0.293334817405412	0.77068277562867	0.983910296862629	-5.03099564014579	KLHL18	no	no	no
-0.0377337919941196	7.56060891854356	-0.293321301775639	0.770693035482777	0.983910296862629	-5.0309980812985	ANKFY1	no	no	no
0.105989915420475	10.7593245836115	0.293097248435559	0.770863122737404	0.983910296862629	-5.03103853284817	ACADVL	no	no	no
-0.078951413999393	8.96259543789728	-0.293072933490122	0.770881581806513	0.983910296862629	-5.03104292092368	TSC1	no	no	no
-0.0712695325802441	8.05926190994283	-0.293015103391809	0.770925484965045	0.983910296862629	-5.03105335596561	ICMT	no	no	no
0.0451563396069252	6.59786963287585	0.292862282544282	0.771041506371642	0.983910296862629	-5.03108092157658	DNAH3	no	no	no
0.0644839319548433	8.38855216341638	0.292700806325375	0.77116410468827	0.983910296862629	-5.0311100328933	DCAF7	no	no	no
0.0646390442764058	11.1911052332804	0.292148701285775	0.771583326574463	0.983910296862629	-5.03120944708264	GDI1	no	no	no
-0.0495775506150875	9.38185997078328	-0.292010557329734	0.771688232221728	0.983910296862629	-5.03123429262843	RAB1A	no	no	no
-0.107212852959176	8.7254769187338	-0.291828202244862	0.771826718138868	0.983910296862629	-5.03126707176521	TMEM168	no	no	no
-0.0540503061654812	9.11488978626434	-0.291808124856244	0.771841965969622	0.983910296862629	-5.03127067952062	RPS27A	no	no	no
-0.086340396061939	8.01681197088375	-0.291422708508196	0.772134689207807	0.983910296862629	-5.03133988808265	CCHCR1	no	no	no
-0.0746113200948467	10.7692998397897	-0.29062646786813	0.772739539292082	0.983910296862629	-5.0314825795823	DNAJB1	no	no	no
0.145068750843681	9.7758379918331	0.290375021598361	0.772930575712682	0.983910296862629	-5.03152755972559	PPIC	no	no	no
0.0903946689048346	8.2188534415044	0.290266872658605	0.773012746302183	0.983910296862629	-5.03154689411681	CCNE1	no	no	no
-0.129914156387536	11.0439306632665	-0.290121460249968	0.77312323349188	0.983910296862629	-5.03157287901685	CKS1B	no	no	no
-0.0798323456608385	9.41995326786814	-0.290114129360233	0.773128803771232	0.983910296862629	-5.03157418868898	ADO	no	no	no
-0.0334970226054957	13.709211029304	-0.290106823191573	0.773134355278641	0.983910296862629	-5.03157549391192	EEF1G	no	no	no
-0.0974128766833906	10.3953707810406	-0.289918629981238	0.77327735584484	0.983910296862629	-5.03160910274236	TDP2	no	no	no
0.0701829266160757	8.47088074132751	0.289884968986819	0.773302934341474	0.983910296862629	-5.03161511186621	RASA2	no	no	no
-0.0774300873931002	11.5222227882878	-0.289836335430267	0.773339890718986	0.983910296862629	-5.03162379264991	NEDD8	no	no	no
-0.143869649574203	8.48259134630223	-0.28929662909818	0.773750046347464	0.983910296862629	-5.03172002960013	STIL	no	no	no
0.0450175447226728	12.7768433769176	0.289127273826354	0.773878763195271	0.983910296862629	-5.03175019116747	HSP90AA1	no	no	no
0.0749544251772937	10.4006455133846	0.289086108368461	0.773910051578854	0.983910296862629	-5.0317575199343	RIC8A	no	no	no
-0.0505362875689385	7.10409383028432	-0.289083148957298	0.773912300935464	0.983910296862629	-5.03175804676405	TUB	no	no	no
0.0912149301040629	10.3497788594705	0.288995510741332	0.773978912915318	0.983910296862629	-5.03177364555116	SUSD6	no	no	no
0.060901200741818	8.01913550366686	0.288669519559373	0.774226707134709	0.983910296862629	-5.03183162765707	MRPL23	no	no	no
0.113230153420051	10.204203699889	0.288572347038934	0.774300575057194	0.983910296862629	-5.03184889856115	FAM8A1	no	no	no
0.0828764640322429	9.99835229056919	0.288535133369877	0.774328864442433	0.983910296862629	-5.03185551118052	NIPSNAP1	no	no	no
0.0724606026426904	12.1840445570312	0.288462579188601	0.774384020153588	0.983910296862629	-5.03186840113298	TOMM7	no	no	no
0.141116900101279	9.78594649836126	0.28845093251139	0.774392874071052	0.983910296862629	-5.03187046997758	EFEMP2	no	no	no
0.0938660260888006	7.2199246968163	0.288263776879397	0.774535155771368	0.983910296862629	-5.03190370376681	GDF3	no	no	no
0.0889844180197411	8.42261684273207	0.288000885111525	0.774735027746043	0.983910296862629	-5.03195035001743	CNOT7	no	no	no
0.069753665678273	9.74328255837808	0.287741140928572	0.774932521847856	0.983910296862629	-5.03199639620262	TSPAN14	no	no	no
0.113994220468381	7.6502260368521	0.287593186234607	0.775045024579966	0.983910296862629	-5.03202260641788	EMP1	no	no	no
0.04115578485443	7.09002213784442	0.287128722215509	0.77539822844416	0.983910296862629	-5.03210479923578	GSTT4	no	no	no
0.0522261577835334	11.2770765911147	0.287101765773921	0.77541872907583	0.983910296862629	-5.03210956546415	SRSF2	no	no	no
0.0702028924981422	9.20136093225634	0.286935828004603	0.77554492990523	0.983910296862629	-5.03213889548714	WDR1	no	no	no
-0.0681815037509133	8.0196792517393	-0.286928806658917	0.775550269992149	0.983910296862629	-5.03214013616016	YJU2	no	no	no
-0.0612325398727795	11.5516153827338	-0.286824096397152	0.775629908722095	0.983910296862629	-5.03215863489882	ARPC2	no	no	no
-0.0742292227314287	8.31735872759625	-0.286680744824431	0.775738940557238	0.983910296862629	-5.03218394935089	LRRC61	no	no	no
0.079578344271251	8.41788601535399	0.286617615165313	0.775786957823841	0.983910296862629	-5.03219509342424	CDK18	no	no	no
-0.0819985761109359	7.79725608177078	-0.286532965742538	0.775851344704412	0.983910296862629	-5.03221003248023	HMG20B	no	no	no
0.169023727279493	9.98855901503205	0.286343519791283	0.775995448735217	0.983910296862629	-5.03224345027995	TPD52L1	no	no	no
-0.146286117992165	8.60135894654234	-0.286146271002377	0.776145496560133	0.983910296862629	-5.03227822112009	ZSCAN31	no	no	no
0.17757808066345	9.21017700194584	0.285996725961968	0.77625926174684	0.983910296862629	-5.03230456690227	SPOCK2	no	no	no
0.0519274005248402	8.03714121929492	0.285954131984573	0.776291665682026	0.983910296862629	-5.03231206829986	MGAT5	no	no	no
-0.165983329726082	8.60046444549366	-0.285931937315707	0.776308550731514	0.983910296862629	-5.03231597665231	GUCY1B1	no	no	no
0.177676644024471	7.52624523687965	0.285925688142633	0.776313304937829	0.983910296862629	-5.03231707704101	PIGR	no	no	no
-0.0990369460855112	8.05938384481126	-0.285823550244068	0.776391009991149	0.983910296862629	-5.03233505865211	NR2F2	no	no	no
0.092908322664976	10.3392412222241	0.285693484687308	0.776489965361537	0.983910296862629	-5.03235794774123	CAMLG	no	no	no
-0.0663810304098234	7.71149033583478	-0.285478250925165	0.776653725930711	0.983910296862629	-5.0323958020679	FBXO9	no	no	no
-0.0552749053698067	7.57039608208957	-0.285350215422714	0.776751146595637	0.983910296862629	-5.0324183069032	CNOT9	no	no	no
-0.295278399789149	7.8906357483727	-0.285340360721468	0.776758645069296	0.983910296862629	-5.03242003865053	AKR1C3	no	no	no
-0.0754733184908326	8.07018343239167	-0.285263877271273	0.776816842303035	0.983910296862629	-5.03243347691471	POLM	no	no	no
0.0468833557293104	6.94136255996186	0.285065854643777	0.776967526273617	0.983910296862629	-5.03246825315667	CENPT	no	no	no
-0.0824504487269482	10.0567279124722	-0.285003548264899	0.777014939685749	0.983910296862629	-5.03247919028003	VAMP7	no	no	no
-0.0574598369844983	7.56643046383434	-0.284970764646164	0.77703988744822	0.983910296862629	-5.03248494408881	SNRPB2	no	no	no
-0.133271561681885	8.88027429456493	-0.284567241303434	0.777346981170099	0.983910296862629	-5.03255571200047	C3AR1	no	no	no
-0.096523519987676	7.75894287476357	-0.284190457962776	0.777633757445131	0.983910296862629	-5.03262170032895	VAMP4	no	no	no
0.0757033699299809	9.37073542971044	0.284146272943166	0.777667389478408	0.983910296862629	-5.03262943301923	VPS4A	no	no	no
-0.08258398804799	10.6445306599327	-0.284122048598479	0.777685828353438	0.983910296862629	-5.03263367194292	ADIPOR1	no	no	no
-0.0815356076634645	9.22106735300104	-0.283824416717878	0.777912387765141	0.983910296862629	-5.03268572404292	IQCB1	no	no	no
-0.0575521740877321	7.19113855240845	-0.283787139606632	0.777940764733707	0.983910296862629	-5.03269223952011	CD53	no	no	no
0.0569755398219744	7.50097145400873	0.283672453068946	0.778028071068312	0.983910296862629	-5.03271227965978	P4HA2	no	no	no
-0.058015298405812	10.1585140993868	-0.283648879187766	0.778046017293129	0.983910296862629	-5.03271639792317	AAMP	no	no	no
0.0506146370471126	11.1737648451092	0.283279326849007	0.778327364554395	0.983910296862629	-5.03278091274617	SKP1	no	no	no
0.126198914465335	8.66575245928304	0.283177262617835	0.77840507330865	0.983910296862629	-5.03279871592613	RPL39L	no	no	no
0.119360043323086	8.53589195036495	0.283068698611274	0.778487733321847	0.983910296862629	-5.03281764586464	RCN3	no	no	no
0.0629684439593743	11.7385146173391	0.283015815088052	0.778527999473601	0.983910296862629	-5.03282686437026	DDR1	no	no	no
0.0641431589782099	8.67690312092583	0.282937276570526	0.778587800783062	0.983910296862629	-5.03284055181981	AURKAIP1	no	no	no
-0.107264419455978	8.91390843140557	-0.282773811372728	0.778712271870695	0.983910296862629	-5.03286902790992	DRAM1	no	no	no
0.0901332080208057	9.04211838222735	0.282771961949842	0.778713680153181	0.983910296862629	-5.03286934999085	TRAPPC12	no	no	no
-0.0716069673770801	7.7839393751782	-0.282013836324648	0.779291034381528	0.983910296862629	-5.03300120268334	TLE3	no	no	no
-0.104923280288864	11.1765082983257	-0.281799683834053	0.779454146098842	0.983910296862629	-5.03303838415323	LASP1	no	no	no
0.04931972743675	7.53391293348425	0.281760061935466	0.779484325677897	0.983910296862629	-5.03304526028509	NANS	no	no	no
0.045239505096529	7.27277101993342	0.281678618269585	0.779546361533324	0.983910296862629	-5.03305939130162	MTHFR	no	no	no
-0.056222530834561	7.15789744558066	-0.281637503015254	0.779577679683354	0.983910296862629	-5.03306652352739	ASXL2	no	no	no
0.0439508040845208	12.4795254546739	0.28093910989992	0.78010971349081	0.983910296862629	-5.03318751492281	LAPTM4A	no	no	no
0.0675281220745418	6.79501680081185	0.28072892508415	0.780269852548421	0.983910296862629	-5.03322386936799	GSDMB	no	no	no
-0.0524521707084127	8.95984099170601	-0.280660374886367	0.780322082786005	0.983910296862629	-5.03323572024316	TNIP1	no	no	no
-0.048198543024423	9.25601261477374	-0.280475757286431	0.780462753000041	0.983910296862629	-5.03326762239077	ATP5MC2	no	no	no
-0.0665472038504041	9.17631647839454	-0.280152001763265	0.780709457945497	0.983910296862629	-5.03332351731663	LRPPRC	no	no	no
0.113833800532981	8.30615224343307	0.279979775899671	0.780840705090942	0.983910296862629	-5.0333532251616	ELMO3	no	no	no
-0.0591724949583635	7.64556404401484	-0.279404004773079	0.781279526500859	0.983910296862629	-5.03345240999697	DNM1L	no	no	no
0.110062889163636	9.01624427590243	0.278987838143354	0.781596750960724	0.983910296862629	-5.03352397418747	ACAD8	no	no	no
0.0997396144654753	7.44345050686488	0.278654443768501	0.78185090912847	0.983910296862629	-5.03358122825754	NEDD4L	no	no	no
0.069762340388858	10.5839267094989	0.278652123978445	0.781852677669923	0.983910296862629	-5.03358162639823	SERINC3	no	no	no
-0.160125247019314	7.60997623187651	-0.27857707380623	0.781909894400252	0.983910296862629	-5.03359450532244	MAP1B	no	no	no
0.115658938119058	7.29261005116905	0.278176217180888	0.782215520053976	0.983910296862629	-5.03366323554685	FKBP1B	no	no	no
0.0624764931901479	9.96334762645672	0.278057850213628	0.782305773399345	0.983910296862629	-5.0336835117228	TBC1D9B	no	no	no
-0.0957046007935286	10.1328721106269	-0.278041847164553	0.782317975758789	0.983910296862629	-5.03368625237465	CUEDC2	no	no	no
-0.074623315439793	8.2190057341632	-0.277943663947725	0.782392841887311	0.983910296862629	-5.03370306361103	DNAJC7	no	no	no
0.0350508894063397	7.25819740296838	0.277922776398572	0.782408769216089	0.983910296862629	-5.03370663928021	TMEM223	no	no	no
0.0785913063832862	8.58142840612115	0.277883442492694	0.782438762653893	0.983910296862629	-5.03371337199324	KIF13B	no	no	no
0.0662428939698334	8.48600799224812	0.277836895618621	0.782474256657308	0.983910296862629	-5.03372133811202	BAHD1	no	no	no
0.076321612948803	8.23865419620487	0.277797843689487	0.782504035802974	0.983910296862629	-5.03372802050766	SF3A2	no	no	no
0.105038330073539	11.8142709726717	0.277785062161606	0.782513782460524	0.983910296862629	-5.03373020742391	DSP	no	no	no
-0.0697101673804503	11.8397675084944	-0.277743728285313	0.78254530218448	0.983910296862629	-5.0337372789545	ANP32B	no	no	no
0.0469921860969476	7.70776546186368	0.277512222198275	0.782721847212015	0.983910296862629	-5.03377686639512	NADSYN1	no	no	no
-0.192194432137507	9.5363004787834	-0.277151152388142	0.78299721981185	0.983910296862629	-5.03383854361377	BIK	no	no	no
-0.0755233569948423	7.38924874725656	-0.277141039234347	0.783004933089911	0.983910296862629	-5.03384026997208	KRT86	no	no	no
-0.0946227703211905	8.86701100577787	-0.277068099557551	0.783060564659831	0.983910296862629	-5.0338527192285	ARL4A	no	no	no
-0.0378629863710954	7.36061975263988	-0.277058479027619	0.783067902386849	0.983910296862629	-5.0338543610056	GGNBP2	no	no	no
0.0317847300261636	6.94818870180502	0.276927850953507	0.783167536417013	0.983910296862629	-5.03387664752971	USP22	no	no	no
-0.0797738076254737	10.6449035594325	-0.276841881727091	0.783233109786193	0.983910296862629	-5.03389130907848	BSCL2	no	no	no
0.0746711119955527	7.85757729195916	0.276837071687047	0.783236778710456	0.983910296862629	-5.03389212926886	PAWR	no	no	no
-0.0482974561687333	6.96788928412228	-0.276733707688608	0.783315622229064	0.983910296862629	-5.03390975109259	TMED5	no	no	no
-0.0885158082566315	9.46041234063824	-0.276682253418781	0.783354871140898	0.983910296862629	-5.03391852073934	SPINT1	no	no	no
-0.0896775442317758	6.97330803194873	-0.276561422573548	0.783447042202008	0.983910296862629	-5.03393910825515	ST6GALNAC4	no	no	no
0.0509637674877464	8.65253663982608	0.276298344751435	0.783647731659717	0.983910296862629	-5.03398390128084	SGF29	no	no	no
0.0762759565232427	9.43206836862015	0.275959247424961	0.78390643473455	0.983910296862629	-5.03404157521638	SMARCD2	no	no	no
0.0514680741950006	7.40368073736824	0.275883136964881	0.783964504088789	0.983910296862629	-5.03405451045809	NBR1	no	no	no
-0.0578251629321697	7.3913206413283	-0.275762327519829	0.784056679607219	0.983910296862629	-5.03407503515994	DNAJC2	no	no	no
-0.092532276462667	8.53185503895396	-0.275602506327905	0.784178625234017	0.983910296862629	-5.03410217394732	MPC2	no	no	no
-0.0522235281881085	11.7437768389895	-0.275592081790143	0.784186579481181	0.983910296862629	-5.0341039435649	UBE2E1	no	no	no
0.0503036292815236	6.9910516289403	0.275577685972564	0.784197563976975	0.983910296862629	-5.03410638721766	RHBG	no	no	no
0.127473238982996	10.4259015434119	0.275479741176803	0.784272300351071	0.983910296862629	-5.03412300972117	SGK1	no	no	no
0.0667432284253265	9.49737502876109	0.275240210207977	0.784455082150683	0.983910296862629	-5.03416363646386	LUC7L2	no	no	no
0.05582412204216	12.3558740339569	0.27500734982633	0.784632785545614	0.983910296862629	-5.03420309810028	JTB	no	no	no
-0.15797657215193	9.06664809223463	-0.274960230737954	0.784668745081918	0.983910296862629	-5.03421107908389	PYCARD	no	no	no
-0.0578505780903984	7.61562804081099	-0.274895366190717	0.784718248071147	0.983910296862629	-5.03422206354931	ADSS2	no	no	no
-0.0587547779929283	7.85837655749645	-0.274865352142677	0.784741154342053	0.983910296862629	-5.03422714539569	TAOK1	no	no	no
-0.0425374824897111	12.7407039847825	-0.274685549075818	0.78487838138506	0.983910296862629	-5.03425757729712	TMA7	no	no	no
0.07388105218522	9.16426677413893	0.274680246248951	0.784882428647246	0.983910296862629	-5.03425847450659	ZNF629	no	no	no
-0.0636907110885211	7.81877923295901	-0.274445296803994	0.785061754518532	0.983910296862629	-5.034298209376	CBFA2T2	no	no	no
-0.0799773929211118	8.33394102843008	-0.274379988610051	0.785111603292714	0.983910296862629	-5.03430924834903	SLC7A8	no	no	no
-0.0736897254168886	8.36060483807752	-0.274373398620134	0.785116633384801	0.983910296862629	-5.03431036210266	RAB14	no	no	no
0.220267395909088	9.60071151105993	0.273928555719553	0.785456200254474	0.983910296862629	-5.034385482067	SOX9	no	no	no
-0.0857157756413076	9.61238831763239	-0.273849394144235	0.785516631971001	0.983910296862629	-5.03439883725237	LONP1	no	no	no
0.078644970799093	8.16977569648118	0.273485283446591	0.785794610248554	0.983910296862629	-5.03446021614733	UFM1	no	no	no
-0.045123696564821	7.83908385254394	-0.27346938506473	0.785806748423941	0.983910296862629	-5.03446289431887	IL18BP	no	no	no
0.0594115009519837	6.84207782538282	0.273434972886367	0.785833021789082	0.983910296862629	-5.03446869071257	NPTX1	no	no	no
0.0481408811032499	6.68561286847116	0.273214484139889	0.786001368804999	0.983910296862629	-5.03450581265232	ZNF160	no	no	no
0.0598485859470692	8.69218871801044	0.273112689294132	0.786079094447064	0.983910296862629	-5.0345229409873	RBPJ	no	no	no
0.0666669641639062	9.04987458343702	0.272962055403831	0.786194115281647	0.983910296862629	-5.03454827548604	SECISBP2	no	no	no
0.031134920466351	7.27514593546962	0.272952626007795	0.786201315528604	0.983910296862629	-5.03454986091505	RAB7A	no	no	no
-0.0809509686130883	8.68261608731958	-0.272657707984846	0.786426523236956	0.983910296862629	-5.03459941999385	XBP1	no	no	no
0.144870264265203	7.78067621080526	0.272189269346149	0.786784274198019	0.983910296862629	-5.0346780284962	COL13A1	no	no	no
-0.109478592336816	9.05879258943238	-0.272095276112252	0.786856063324033	0.983910296862629	-5.03469378526009	ITGA6	no	no	no
0.0640440305645516	8.41549455423343	0.271903663318612	0.787002417060276	0.983910296862629	-5.03472588992095	EBP	no	no	no
-0.0913389976236538	11.0293155595301	-0.271835414828044	0.787054547097894	0.983910296862629	-5.03473731949715	GRN	no	no	no
-0.084787449442875	7.251749745809	-0.271296779501752	0.787466005937231	0.983910296862629	-5.03482742456965	VAMP1	no	no	no
0.0966800423469746	10.8147743900599	0.27113273585264	0.787591329661841	0.983910296862629	-5.03485483111483	NDUFV2	no	no	no
-0.135163514178489	9.37418766128656	-0.270967759884939	0.787717371389113	0.983910296862629	-5.03488237678282	TP53I3	no	no	no
-0.0687947744476559	7.89426657718829	-0.270737484906894	0.787893311219138	0.983910296862629	-5.03492079738115	EBLN2	no	no	no
0.0835755708633162	8.00278884424295	0.270729163170515	0.787899669587818	0.983910296862629	-5.03492218522598	TXNRD3	no	no	no
0.314300718951106	8.56138690499221	0.270494834702861	0.788078718371033	0.983910296862629	-5.03496124756759	COL10A1	no	no	no
-0.131480573084111	8.18569384413211	-0.270479745322366	0.788090248461154	0.983910296862629	-5.03496376179988	GRAMD2B	no	no	no
-0.0788696946347493	8.19827883511537	-0.270458955912506	0.788106134133701	0.983910296862629	-5.03496722555741	TEAD3	no	no	no
0.055035011868967	7.78348151719067	0.270402278441749	0.78814944317338	0.983910296862629	-5.03497666733748	RCOR1	no	no	no
-0.102962729629814	9.39862494259536	-0.270174163610305	0.788323759752781	0.983910296862629	-5.03501464859075	KLF6	no	no	no
-0.109486706931328	8.7642302316014	-0.270118748468245	0.788366107530042	0.983910296862629	-5.03502387042808	PNPLA4	no	no	no
-0.0484696735811114	7.56355823599564	-0.270109680805126	0.788373037022243	0.983910296862629	-5.03502537923197	RHOBTB2	no	no	no
-0.104171333893445	8.67365960362893	-0.269906587466493	0.788528245136475	0.983942168080179	-5.03505915951739	EPAS1	no	no	no
-0.0830726700187918	7.38509329733319	-0.269528549488303	0.788817172692209	0.984140859320697	-5.03512197080161	HIVEP1	no	no	no
0.0525970548365919	13.4441744134128	0.26920577180789	0.789063889611945	0.984150222225341	-5.0351755312028	TMSB10	no	no	no
-0.0858094532625948	7.9439328440456	-0.269179366267818	0.789084073803239	0.984150222225341	-5.03517991000298	ZDHHC13	no	no	no
-0.0846874658099181	9.79793852927004	-0.268461450703386	0.789632899045737	0.984581909965122	-5.03529879729683	NCBP2	no	no	no
0.065594076055631	8.76719230182183	0.267862402839653	0.790090936168298	0.984581909965122	-5.03539775816067	DNPEP	no	no	no
0.0766301558442475	8.0948533322059	0.267841527543752	0.790106898953082	0.984581909965122	-5.0354012027279	TMUB2	no	no	no
-0.0426098151838947	8.86436960519119	-0.267505395064059	0.790363943090201	0.984581909965122	-5.03545663010563	GRK2	no	no	no
-0.0890383936106385	9.12543295918519	-0.267389153373352	0.790452839862888	0.984581909965122	-5.03547578193856	SHARPIN	no	no	no
-0.0825773497177721	8.53827168721572	-0.267293769432387	0.790525787611454	0.984581909965122	-5.03549149108653	IFFO1	no	no	no
0.0945438665635286	7.12836817506343	0.267267498077477	0.790545879757044	0.984581909965122	-5.0354958168371	P2RY2	no	no	no
-0.069872344839762	7.85401387771293	-0.267110930733118	0.790665624338252	0.984581909965122	-5.03552158789874	KRAS	no	no	no
-0.0640186765382727	11.3350794187826	-0.26710006085685	0.790673937939847	0.984581909965122	-5.0355233765277	YWHAB	no	no	no
-0.104055380866445	9.71867254776249	-0.266993872261465	0.790755155402913	0.984581909965122	-5.03554084596036	PRPF4	no	no	no
0.111709928359544	8.43654749182118	0.266860059778132	0.790857504116687	0.984581909965122	-5.03556285004277	ENOSF1	no	no	no
0.0630917544212094	8.22963852398815	0.266550974372093	0.791093927524667	0.984635158362673	-5.03561363397809	PBX2	no	no	no
-0.132805362504137	9.94292431090743	-0.266464861709982	0.791159799754509	0.984635158362673	-5.03562777218961	CAPG	no	no	no
0.0690634854305513	8.47844309304854	0.265738112633556	0.791715790871282	0.985025500589208	-5.03574691070732	NADK	no	no	no
-0.0682779702299359	9.77902843554976	-0.265715530194124	0.791733069068737	0.985025500589208	-5.03575060753722	CORO1C	no	no	no
-0.0773121262236543	8.16713264810588	-0.26487768545003	0.792374192721019	0.985577212394811	-5.03588754481695	LAIR1	no	no	no
-0.0604025414973015	7.33485979564872	-0.264793451762573	0.792438656876547	0.985577212394811	-5.03590128814883	ZCCHC2	no	no	no
0.0605548660357134	9.0019514133793	0.264608862420164	0.792579928487529	0.985577212394811	-5.03593139001199	ACO2	no	no	no
0.115924314527111	12.1060041825432	0.264457124588552	0.792696063158347	0.985577212394811	-5.03595611897435	NDRG1	no	no	no
-0.0610743009029324	8.58250432635799	-0.264081928710046	0.792983245006434	0.985580226348713	-5.03601720463694	SNAPC4	no	no	no
0.0872829172446022	7.16742154254907	0.263985635294488	0.793056954453208	0.985580226348713	-5.03603286825168	DNAJB5	no	no	no
-0.09068442710772	9.78262674251529	-0.263944885904721	0.793088147349135	0.985580226348713	-5.03603949505835	TJP1	no	no	no
0.0400629038248213	7.36605511949213	0.263313779506059	0.79357129123041	0.985663392124134	-5.03614199774181	GP9	no	no	no
-0.0744099653762275	9.62739785236796	-0.263214841381249	0.793647040814257	0.985663392124134	-5.03615804486937	PIGF	no	no	no
-0.310454855942011	9.47770792287467	-0.262810065866826	0.793956968386023	0.985663392124134	-5.03622363433044	RAB25	no	no	no
-0.0494016662358885	6.88837704415565	-0.262702108272302	0.794039634797656	0.985663392124134	-5.03624111070756	CAMK1	no	no	no
-0.0784941894674118	8.62844279146784	-0.262470526529119	0.794216972056865	0.985663392124134	-5.03627857547967	SRGN	no	no	no
0.0706301957340378	10.2753319646657	0.26209571144405	0.794504015770495	0.985663392124134	-5.03633914251765	NOL7	no	no	no
0.0480536873789053	7.60677251371061	0.261696288405855	0.794809936642858	0.985663392124134	-5.03640359116097	MT4	no	no	no
-0.11189378097694	8.81905816352533	-0.261635185322858	0.794856738800091	0.985663392124134	-5.03641344177927	PLAUR	no	no	no
-0.0515110525043837	8.48438426145584	-0.261559469762238	0.794914734505074	0.985663392124134	-5.03642564494363	GAPVD1	no	no	no
-0.0362305020389639	9.32671212206421	-0.2611348524215	0.795239999582833	0.985663392124134	-5.03649401585635	SF3B2	no	no	no
0.0639956744461004	7.2279502757573	0.261102435236332	0.7952648332871	0.985663392124134	-5.03649923105358	AGO3	no	no	no
-0.0737776736706695	8.16033493987977	-0.26099212643212	0.795349338723173	0.985663392124134	-5.03651697243492	CDK17	no	no	no
-0.0394309739484324	7.73035792332919	-0.260959234873814	0.795374536789388	0.985663392124134	-5.03652226106387	RUFY1	no	no	no
-0.106419593650241	10.2221717614535	-0.260718548324209	0.795558932332443	0.985663392124134	-5.03656094082518	WARS1	no	no	no
0.137357893705378	9.40949213894724	0.260635387921176	0.795622646192963	0.985663392124134	-5.0365742969374	EPS8	no	no	no
0.0893211441515347	8.32801728427774	0.260575325873966	0.795668663981936	0.985663392124134	-5.03658394066224	RAB6B	no	no	no
0.0770512740218598	9.99521961979019	0.260498292041658	0.795727686134822	0.985663392124134	-5.03659630618381	TRAPPC3	no	no	no
-0.0631652383099336	12.2432179157951	-0.260394323962399	0.795807346817584	0.985663392124134	-5.03661298943692	RPN2	no	no	no
0.0745531568145315	8.42039702377612	0.260189760256803	0.795964090630898	0.985663392124134	-5.03664579542489	GCAT	no	no	no
-0.0502251025416629	6.8947941665783	-0.260172244944121	0.795977511867846	0.985663392124134	-5.0366486031717	TIMM13	no	no	no
0.0427666741960135	13.6864114749497	0.259353237678495	0.796605151908617	0.985663392124134	-5.03677968187978	RPL32	no	no	no
0.143903653042986	7.96534752402274	0.259202949763337	0.796720338723555	0.985663392124134	-5.03680369015625	NR2F1	no	no	no
-0.0568917982133795	7.89934947966364	-0.259050281160586	0.796837354889261	0.985663392124134	-5.03682806455786	METTL7A	no	no	no
0.0497900723650613	7.12256898457051	0.259042306185551	0.796843467612027	0.985663392124134	-5.03682933741456	NPHP4	no	no	no
0.12366636900225	8.80511624401504	0.258949969271757	0.796914243689033	0.985663392124134	-5.03684407213186	DUSP1	no	no	no
-0.0552651539836786	8.84172308456551	-0.258943479376653	0.796919218246907	0.985663392124134	-5.03684510756396	KAT8	no	no	no
-0.0610998562279862	7.83749096991394	-0.258811556169198	0.79702034031966	0.985663392124134	-5.03686614968776	ZCCHC8	no	no	no
-0.071093320601281	10.8651793542672	-0.258480556574761	0.797274074396999	0.985663392124134	-5.03691889805855	CTSA	no	no	no
-0.224054677297922	10.4123704386096	-0.258338305109809	0.797383126797876	0.985663392124134	-5.03694154672131	VTCN1	no	no	no
-0.0661665991402399	8.68867262910079	-0.257303843261894	0.798176285936261	0.985663392124134	-5.0371058758836	EDEM2	no	no	no
-0.0311418594552906	7.61238561876343	-0.257009544366936	0.798401974947859	0.985663392124134	-5.03715250670405	HCFC1	no	no	no
0.0554219749889521	9.29326043501197	0.256963657306269	0.798437165933227	0.985663392124134	-5.03715977258953	TSR2	no	no	no
0.0553185463968036	8.4725049812663	0.256955972159633	0.798443059746887	0.985663392124134	-5.03716098935083	ELK1	no	no	no
-0.0977897145535781	11.0100701718079	-0.256839154319789	0.798532649947863	0.985663392124134	-5.03717948023304	FIS1	no	no	no
-0.0441633418450739	7.28842945503077	-0.256828393706207	0.79854090264005	0.985663392124134	-5.03718118308976	TXNRD2	no	no	no
-0.0602254564783959	8.6151262619071	-0.256793973042156	0.798567301211753	0.985663392124134	-5.03718662964961	MSTO1	no	no	no
-0.054913075947475	8.75716256565452	-0.256789883400503	0.798570437735899	0.985663392124134	-5.03718727672647	MSN	no	no	no
0.057843676985064	10.201090471279	0.256774981823954	0.798581866431873	0.985663392124134	-5.03718963441722	DYNLT3	no	no	no
-0.0505197836507009	8.88344692364663	-0.256704369735384	0.798636022657693	0.985663392124134	-5.03720080463572	MBOAT7	no	no	no
-0.0872701277491731	10.9920965131311	-0.256175783937191	0.799041455505551	0.985663392124134	-5.03728432515484	HACD3	no	no	no
-0.0749048486805197	9.8615114981458	-0.255898787189506	0.799253938371243	0.985663392124134	-5.03732802426568	GLUL	no	no	no
0.0599908720717781	7.08033237036607	0.255399784511359	0.799636759737488	0.985663392124134	-5.0374066283266	XRCC3	no	no	no
-0.0637424405602405	7.61045068687104	-0.255264480330158	0.799740570043526	0.985663392124134	-5.03742791542687	CD70	no	no	no
-0.0526138545200584	8.04386250531071	-0.25521003955425	0.799782340027442	0.985663392124134	-5.03743647730183	PPFIA1	no	no	no
0.0463117873508333	9.03651933911338	0.255188242722066	0.799799063932735	0.985663392124134	-5.03743990476948	NUTF2	no	no	no
0.0998106164172476	7.94932085162439	0.255009448185456	0.799936249972227	0.985663392124134	-5.03746800851712	HOMER3	no	no	no
-0.107578026233267	8.72682298901485	-0.254894982563602	0.800024080873812	0.985663392124134	-5.03748599045197	NR3C1	no	no	no
-0.0450643929026875	7.65410911244196	-0.254478459389289	0.80034370640099	0.985663392124134	-5.03755135615586	TSNAXIP1	no	no	no
-0.0456022579984558	7.0784244405186	-0.254464370032921	0.800354518693057	0.985663392124134	-5.03755356536168	PTK7	no	no	no
-0.0303450983952097	7.13128574339511	-0.254432076260603	0.8003793013584	0.985663392124134	-5.03755862855361	POU2F1	no	no	no
0.0601283736903049	11.3514457836249	0.254421026666906	0.800387781009614	0.985663392124134	-5.03756036082161	TOMM20	no	no	no
-0.0760434780191137	8.99262815670982	-0.253989721296331	0.80071879130688	0.985663392124134	-5.03762791893737	FDX1	no	no	no
-0.107454519888803	11.1702707057142	-0.253847159219205	0.800828210373435	0.985663392124134	-5.03765022424686	OAT	no	no	no
-0.064680058962593	7.52138667060269	-0.253672342373117	0.800962391102514	0.985663392124134	-5.03767755912591	PPIP5K1	no	no	no
-0.0775145563170107	8.74600233567915	-0.253555580214821	0.801052015323463	0.985663392124134	-5.03769580595712	UBE2J1	no	no	no
0.075280017691454	9.04693342469785	0.253074811141956	0.801421072286091	0.985663392124134	-5.03777084928571	PNPO	no	no	no
-0.0295037474003742	8.07651104944639	-0.25287957915514	0.801570953026055	0.985663392124134	-5.03780128258886	TCEA1	no	no	no
-0.06669107379289	8.74828656001479	-0.252388208544416	0.801948214574294	0.985663392124134	-5.03787777528916	FGD1	no	no	no
0.0946277767398391	9.28816821432715	0.252171320645259	0.802114750664741	0.985663392124134	-5.03791149155487	EPM2AIP1	no	no	no
-0.0624209698218804	6.99099240438399	-0.252156669928503	0.802126000466617	0.985663392124134	-5.03791376803835	ITCH	no	no	no
-0.0555994161206207	10.5434946043438	-0.251657232043006	0.80250952772013	0.985663392124134	-5.03799129379629	SNRPA	no	no	no
0.0578358625932826	7.58678912531884	0.251549724319176	0.802592091263497	0.985663392124134	-5.03800796177187	PDLIM7	no	no	no
0.0888640686480241	7.95416679958015	0.251359271828766	0.802738360145332	0.985663392124134	-5.03803747207515	FBXL15	no	no	no
0.0928824877156253	10.2600549798949	0.251125337327015	0.802918033316132	0.985663392124134	-5.03807368938288	INTS13	no	no	no
0.0655084978517498	10.9952574224936	0.251117961600463	0.802923698411319	0.985663392124134	-5.03807483073312	ZMPSTE24	no	no	no
0.0358093709797591	7.22881460071775	0.250863885886025	0.80311885360924	0.985663392124134	-5.03811412707057	LMF1	no	no	no
0.0700711460062873	8.33301942704302	0.250838642695079	0.803138243562975	0.985663392124134	-5.03811802911706	RXRA	no	no	no
-0.100242167458678	8.04666842975275	-0.250676251902445	0.803262983167736	0.985663392124134	-5.03814312184054	SIGLEC1	no	no	no
-0.104182599720101	13.0000866093123	-0.250429149848793	0.803452803221248	0.985663392124134	-5.03818127315046	UBB	no	no	no
-0.0780342117599532	7.60402695634201	-0.250417498080424	0.803461754229594	0.985663392124134	-5.03818307119956	PDLIM4	no	no	no
0.128206910787902	11.7168365496964	0.250352493508992	0.80351169189994	0.985663392124134	-5.03819310088699	SPARC	no	no	no
-0.0797809495790365	8.08238069191596	-0.249649127141202	0.804052083544376	0.985663392124134	-5.03830145887453	INO80B	no	no	no
0.0618920171319812	7.15077564425222	0.249609073641303	0.804082859299382	0.985663392124134	-5.03830762022945	CSAD	no	no	no
-0.0793358924278168	9.40198284284828	-0.249531540586623	0.804142433970338	0.985663392124134	-5.03831954419652	PITPNA	no	no	no
-0.076219110108076	8.23034054816471	-0.249081690137294	0.804488112258679	0.985663392124134	-5.03838865481516	IFT57	no	no	no
-0.0786846323665361	8.30905119407092	-0.248959540505195	0.804581982457041	0.985663392124134	-5.03840739924785	SRBD1	no	no	no
-0.040880318334855	7.08524813992512	-0.248951360685975	0.80458826863221	0.985663392124134	-5.03840865415224	ARHGAP45	no	no	no
-0.0434829493275801	10.9647813306141	-0.248864241626938	0.8046552202712	0.985663392124134	-5.0384220169475	RPS11	no	no	no
0.0720947937866151	9.2106058334102	0.248723509282709	0.804763377248285	0.985663392124134	-5.03844359339989	LIN7C	no	no	no
-0.084843668987432	7.94050575031452	-0.248503991252909	0.804932091082453	0.985663392124134	-5.03847722465227	ASCC3	no	no	no
0.0810148500455423	10.2202396355611	0.248469898283337	0.804958294583306	0.985663392124134	-5.03848244521114	RUVBL1	no	no	no
0.0547951464426146	10.4417089770864	0.248450822035588	0.804972956487347	0.985663392124134	-5.03848536599112	SSB	no	no	no
-0.0419179313788572	7.99850109801101	-0.247708659864205	0.805543433514657	0.985663392124134	-5.03859882567329	C6orf47	no	no	no
0.231412064188888	7.53774219565175	0.247493090620258	0.805709155002696	0.985663392124134	-5.03863171793838	VAV3	no	no	no
-0.0771939322604954	9.0912914690887	-0.247382685665565	0.805794033658678	0.985663392124134	-5.03864855284505	CLPP	no	no	no
-0.0612010291673849	8.81355960828534	-0.24737496447766	0.805799969749503	0.985663392124134	-5.03864972991698	DNPH1	no	no	no
0.0655145088958953	8.23805855428054	0.247205148467145	0.805930528141549	0.985663392124134	-5.03867560860595	POLR3D	no	no	no
-0.189104329891397	10.3271917868866	-0.246954079693616	0.806123565757374	0.985663392124134	-5.03871383717745	H2AC6	no	no	no
0.0705418533574108	9.78784101395557	0.246848349784441	0.80620486128596	0.985663392124134	-5.03872992438951	COA4	no	no	no
-0.0704729490150058	8.27985425273637	-0.246614434877024	0.806384725722521	0.985663392124134	-5.03876549105878	MED1	no	no	no
0.0691138794363389	10.4437483808579	0.24641645405113	0.806536967613324	0.985663392124134	-5.03879556772238	GOLPH3L	no	no	no
0.077718156290064	10.8825456576666	0.246394163730129	0.806554108741702	0.985663392124134	-5.03879895249535	EDF1	no	no	no
-0.0650399209505157	8.42145128222918	-0.246208581662075	0.806696824016437	0.985663392124134	-5.03882712119036	FUBP1	no	no	no
-0.0514446743547971	7.87863440066384	-0.245950884301201	0.806895008037005	0.985663392124134	-5.03886620089265	CCDC90B	no	no	no
-0.0866023960056802	7.82521431269149	-0.24556950548159	0.807188333731366	0.985663392124134	-5.03892396203373	GALNT2	no	no	no
-0.0496622930835201	8.60324406758634	-0.245550118312724	0.807203245521392	0.985663392124134	-5.03892689590281	SSBP1	no	no	no
0.0688539062708454	9.60636008281901	0.245398810828539	0.807319627328435	0.985663392124134	-5.03894978540611	UBAP2	no	no	no
0.0800688792195194	9.55172819566297	0.245253316778265	0.807431541757211	0.985663392124134	-5.03897178221044	CDK16	no	no	no
0.0558346529124629	7.68307419542574	0.244926706811474	0.807682785913336	0.985663392124134	-5.03902111405454	USP32	no	no	no
0.0392125909833078	7.3949282298738	0.244798715808187	0.807781248375892	0.985663392124134	-5.03904042822131	ZNF263	no	no	no
-0.0674381351749519	8.20177028244433	-0.244626389939038	0.807913822278371	0.985663392124134	-5.03906641674709	PUS3	no	no	no
0.0787049477217601	8.83414471067313	0.244435626985116	0.808060586876985	0.985663392124134	-5.03909516451653	CDYL	no	no	no
-0.1128447383598	9.37968188669552	-0.24324004022964	0.808980577635854	0.985663392124134	-5.03927482937728	SMCO4	no	no	no
-0.0460424585350292	7.39891605516577	-0.243089479267229	0.809096452040451	0.985663392124134	-5.03929739246947	SNX19	no	no	no
-0.0443243221627236	7.59736604572912	-0.242978330552236	0.809181996856742	0.985663392124134	-5.03931404030631	CREBBP	no	no	no
0.0956728778133229	10.2477902157208	0.242732814908622	0.809370964588019	0.985663392124134	-5.03935078672068	LSR	no	no	no
0.0334508069770731	7.15193244131244	0.242605018914817	0.809469330773629	0.985663392124134	-5.03936989934831	HTR1A	no	no	no
0.056867598882277	9.74386643391009	0.242573006875499	0.809493971331579	0.985663392124134	-5.03937468536297	ATP6V1G1	no	no	no
-0.0980083532588609	7.28818375204059	-0.242439033701195	0.809597096335284	0.985663392124134	-5.03939470842519	PLEKHA4	no	no	no
-0.0490792049975766	9.96414925804264	-0.242168381849539	0.809805439327506	0.985663392124134	-5.03943512528561	PSMD4	no	no	no
-0.0400542362554825	7.75080255962506	-0.241977049261416	0.809952732179224	0.985663392124134	-5.03946367014336	BAZ2A	no	no	no
-0.0795719401605538	8.21716932449222	-0.241860725140969	0.810042284949277	0.985663392124134	-5.03948101352183	ERCC5	no	no	no
0.0704474711480486	6.97381172379932	0.241592021839242	0.810249157519639	0.985663392124134	-5.03952104415911	TNFSF14	no	no	no
-0.0560435092719062	10.3758940656209	-0.241474059624222	0.810339980042371	0.985663392124134	-5.03953860382524	NPIPA1	no	no	no
0.0470133287713676	7.76979113019326	0.241454293768845	0.810355198605031	0.985663392124134	-5.03954154530306	MED13	no	no	no
0.0790687702781149	7.76404856546006	0.241402651166291	0.810394960765173	0.985663392124134	-5.03954922942252	SV2A	no	no	no
0.0667713796823611	7.9448427433661	0.241381833305944	0.81041098959515	0.985663392124134	-5.03955232653621	BPTF	no	no	no
-0.0775905500750409	8.20732298016714	-0.241168860263831	0.81057497412757	0.985663392124134	-5.03958399566592	CRAT	no	no	no
0.0609247897581144	8.73660008968621	0.240885680767257	0.810793029407928	0.985663392124134	-5.03962606137618	LUC7L3	no	no	no
-0.129643501179151	9.79326599229901	-0.240823636811829	0.810840806832955	0.985663392124134	-5.03963527129799	MANSC1	no	no	no
-0.0862980215627881	9.47382677407659	-0.240448896628718	0.811129393897168	0.985663392124134	-5.03969084818889	SLC7A7	no	no	no
0.0723135018317575	8.97281360533743	0.240430791099959	0.81114333762125	0.985663392124134	-5.03969353119641	DNAJB2	no	no	no
-0.0416528703527034	7.29102559664683	-0.240256851226711	0.811277298183485	0.985663392124134	-5.03971929660314	CIDEC	no	no	no
-0.0869805826314687	8.65286016430392	-0.240152472058264	0.811357689008494	0.985663392124134	-5.03973474918673	FASTKD3	no	no	no
0.174173823965649	11.0749719982769	0.239946012228805	0.81151670645702	0.985663392124134	-5.03976529437434	MYC	no	no	no
-0.128945858528886	9.52410716740521	-0.239757874687382	0.811661618905059	0.985663392124134	-5.03979310603608	BGN	no	no	no
-0.0496428522100495	7.76422353863102	-0.239293387417539	0.812019417602811	0.985663392124134	-5.03986167636826	AGFG1	no	no	no
0.0542327430666278	9.08450705441806	0.239239386353738	0.812061017743978	0.985663392124134	-5.03986963972566	C11orf24	no	no	no
0.0700966223923216	9.49761606252592	0.239091763365989	0.81217474306805	0.985663392124134	-5.03989140005891	IDH1	no	no	no
0.0481901838594616	7.44799420554248	0.239041715680587	0.812213299574753	0.985663392124134	-5.03989877428939	EIF2B5	no	no	no
-0.0523836047756482	7.60473029080808	-0.239018831801766	0.812230929366831	0.985663392124134	-5.03990214558121	SENP3	no	no	no
-0.047515225507947	8.97033525522878	-0.239013312147885	0.812235181735435	0.985663392124134	-5.03990295869784	PKMYT1	no	no	no
0.0592711086538647	8.3608581201366	0.238830797095557	0.812375795461395	0.985663392124134	-5.03992983499646	EMC3	no	no	no
0.0639694292656292	8.8346483570402	0.238730145485447	0.812453342419313	0.985663392124134	-5.03994464772344	ANKZF1	no	no	no
-0.0725048605252806	9.23976072260821	-0.238504257962478	0.812627384224368	0.985663392124134	-5.03997786856121	YARS2	no	no	no
0.0329838726789095	7.47583741151231	0.238265775739766	0.812811140392081	0.985663392124134	-5.04001290767565	RAP1A	no	no	no
-0.0508320720655174	7.60564270638666	-0.238234417178531	0.812835303695928	0.985663392124134	-5.04001751244922	TECPR2	no	no	no
0.082119726120028	7.80965755105547	0.238177344023538	0.812879281824295	0.985663392124134	-5.04002589167172	HSD17B14	no	no	no
-0.109384022376924	7.71592698397002	-0.238098822113748	0.8129397884428	0.985663392124134	-5.04003741663438	C4BPA	no	no	no
-0.12150034999937	10.49304725196	-0.237426706848304	0.813457747484905	0.985663392124134	-5.04013591067311	INAVA	no	no	no
0.0843146835368231	9.27505472695875	0.237422882530592	0.813460694899794	0.985663392124134	-5.04013647030783	SCO2	no	no	no
-0.0572940169156942	9.03408503870321	-0.237397901055524	0.81347994827633	0.985663392124134	-5.0401401257719	TRIM39	no	no	no
-0.0706043134496787	7.70031919826984	-0.237261213471785	0.813585296303861	0.985663392124134	-5.04016012006955	UBE2V2	no	no	no
-0.0665647818482305	9.06209835955584	-0.237006124043176	0.813781908488324	0.985663392124134	-5.04019740318996	ARRB2	no	no	no
0.0574973313663209	6.97573879067146	0.236952739525242	0.81382305656329	0.985663392124134	-5.04020520065769	SLCO4A1	no	no	no
0.218953986835096	7.24713961408645	0.236854728940824	0.813898603200352	0.985663392124134	-5.04021951175712	REG1A	no	no	no
0.0400108518540485	7.7347982048501	0.236691402516803	0.814024499320697	0.985663392124134	-5.04024334689893	GIMAP5	no	no	no
-0.0991967910438409	8.00957439709062	-0.236630212502476	0.81407166740559	0.985663392124134	-5.04025227248286	SMURF2	no	no	no
-0.104260422648286	8.98052544672726	-0.236479513035695	0.81418783648029	0.985663392124134	-5.04027424470829	INSIG1	no	no	no
0.0663901399224162	10.497307432906	0.236402342876553	0.814247325959976	0.985663392124134	-5.04028549084254	CHMP5	no	no	no
0.0418859259571397	7.4529816978736	0.23639910486502	0.814249822125524	0.985663392124134	-5.04028596264335	NFRKB	no	no	no
-0.0851015708362725	9.28381399347923	-0.236369956874567	0.814272292241356	0.985663392124134	-5.04029020941844	MKKS	no	no	no
0.179715139403143	7.98908117966413	0.235412163545172	0.815010740729868	0.985663392124134	-5.04042946678351	NDUFA4L2	no	no	no
0.0533121428056314	7.68323729974806	0.235341538658591	0.81506519851289	0.985663392124134	-5.04043971291267	P4HA1	no	no	no
0.146413947572705	8.98087262986901	0.235101298011269	0.815250451370409	0.985663392124134	-5.04047454365274	ID4	no	no	no
-0.0763062386507877	8.35445906704431	-0.234980403018484	0.815343679202597	0.985663392124134	-5.04049205792972	MOK	no	no	no
0.0563256004793478	7.17732715895757	0.234461316061487	0.815744002388944	0.985663392124134	-5.04056715698586	COQ2	no	no	no
0.04300604193291	8.62844892779466	0.234443611494136	0.815757657143487	0.985663392124134	-5.04056971548088	DND1	no	no	no
-0.0794468638036009	9.6609390727493	-0.234346959762812	0.815832201396428	0.985663392124134	-5.04058367927211	ADAM10	no	no	no
-0.0856213359781619	8.88011224243539	-0.234322748671533	0.815850874872971	0.985663392124134	-5.04058717627903	POLR2J	no	no	no
-0.0283061896532296	9.62854212339068	-0.234279339116276	0.815884355969131	0.985663392124134	-5.04059344537648	RPL36A	no	no	no
0.0475688504874889	8.08398651814589	0.234170188199026	0.815968543864571	0.985663392124134	-5.04060920356044	C1orf50	no	no	no
0.221101070030526	8.92665962096388	0.234061401638739	0.816052452920461	0.985663392124134	-5.04062490186132	PRSS21	no	no	no
-0.0422030145950103	7.97141012705539	-0.233641544224251	0.816376317062177	0.985663392124134	-5.0406854206706	CSNK1G3	no	no	no
-0.0609905258663559	9.00825288360426	-0.233519996489484	0.816470081033464	0.985663392124134	-5.04070292051489	RBM7	no	no	no
0.0449938660932145	7.64868026381444	0.233335730747279	0.816612231919894	0.985663392124134	-5.04072943288382	FAN1	no	no	no
0.0389389517108828	9.6018237586503	0.233282364223448	0.816653402424917	0.985663392124134	-5.04073710742672	RHOA	no	no	no
-0.0597170749274269	9.76641665450612	-0.233208593710989	0.816710314793705	0.985663392124134	-5.0407477133499	RELA	no	no	no
0.0655446208195762	7.61656267017069	0.232859167994974	0.816979902833161	0.985663392124134	-5.04079790457186	SMPDL3B	no	no	no
0.0525519411748367	10.0036739358057	0.232761958575729	0.817054905584567	0.985663392124134	-5.04081185431914	TTC1	no	no	no
-0.0658959001629301	9.07813864400926	-0.232495268760502	0.817260681276743	0.985663392124134	-5.04085009504	RBL2	no	no	no
-0.0575021069742276	8.18208678708644	-0.232434810018846	0.817307332563817	0.985663392124134	-5.04085875816011	ARIH2	no	no	no
0.0698374807908177	8.97290231924782	0.232326343821108	0.817391029132996	0.985663392124134	-5.04087429463118	PMPCB	no	no	no
-0.0408508604050033	9.5029542313471	-0.23214274301892	0.817532707281297	0.985663392124134	-5.04090057675711	CHD4	no	no	no
0.0423679106903413	9.08387037671945	0.232088181969984	0.817574811273964	0.985663392124134	-5.04090838308277	BCL2L2	no	no	no
-0.0594289501444181	12.0512259613353	-0.231908396940564	0.817713552703391	0.985663392124134	-5.04093409289817	GPX1	no	no	no
-0.1504201413549	7.90465009558893	-0.231815925338294	0.817784916021783	0.985663392124134	-5.04094730889135	SLIT2	no	no	no
-0.0791862153749607	9.65096351815326	-0.231438564180407	0.818076154003123	0.985663392124134	-5.04100118669957	FJX1	no	no	no
0.0995264008422489	8.37751255046506	0.23138785983517	0.818115288341255	0.985663392124134	-5.04100841935566	BOLA1	no	no	no
0.0758958754033902	8.23040398375383	0.231096630365993	0.818340072492079	0.985663392124134	-5.04104993082443	MNAT1	no	no	no
-0.0613204389943133	7.84377456519629	-0.2306000159703	0.818723417726727	0.985663392124134	-5.0411205974262	ALKBH4	no	no	no
-0.0399804442943076	7.36375077803096	-0.230587402189981	0.818733155106478	0.985663392124134	-5.041122390353	EXTL3	no	no	no
0.0625835166921838	8.51818036911856	0.230561107472256	0.818753453765511	0.985663392124134	-5.04112612757842	SLC25A12	no	no	no
-0.0550567449900637	7.80838340024538	-0.230398523983838	0.818878965674881	0.985663392124134	-5.04114922587321	CD2AP	no	no	no
0.0553018947465322	9.42805751910831	0.230374600172964	0.818897434888236	0.985663392124134	-5.04115262336719	BCS1L	no	no	no
0.0426352503639292	8.26762804420634	0.229863453452843	0.819292065667585	0.985663392124134	-5.04122512888209	BIN3	no	no	no
-0.0539870827866213	7.5958051990449	-0.229858150150253	0.819296160330457	0.985663392124134	-5.0412258803076	SLC1A4	no	no	no
-0.0857102161138987	10.3463079649202	-0.229802448716045	0.819339167536822	0.985663392124134	-5.04123377160615	LAMA5	no	no	no
0.0761620790560052	6.72252389850413	0.229635920925588	0.819467747384687	0.985663392124134	-5.04125735245973	ADGRA3	no	no	no
0.0494260070866846	9.14747566182858	0.229635562426225	0.819468024195521	0.985663392124134	-5.04125740320599	TBC1D5	no	no	no
0.053986930143146	7.57693972985624	0.229615790869079	0.819483290594058	0.985663392124134	-5.04126020178431	SPAG9	no	no	no
0.0348132581303006	7.02046028295987	0.229506140889543	0.819567956950575	0.985663392124134	-5.04127571790546	DAGLA	no	no	no
0.0673645547382999	9.78353818326052	0.229501477435813	0.819571557889968	0.985663392124134	-5.04127637764803	CIRBP	no	no	no
0.0398521790108847	7.21566745661323	0.229408367757173	0.819643454422761	0.985663392124134	-5.04128954715326	KIDINS220	no	no	no
0.0948183242287991	9.42160265464296	0.229400439854531	0.819649576186612	0.985663392124134	-5.04129066823593	FXYD3	no	no	no
0.0564927321988869	7.24492208636278	0.229055357350647	0.819916052842423	0.985663392124134	-5.04133942884687	NSD1	no	no	no
0.116892524229677	8.37291402104531	0.228698548504873	0.820191607352349	0.985663392124134	-5.04138976948014	DSC2	no	no	no
-0.077421157463398	8.13292635707695	-0.228370456315624	0.820445004993841	0.985663392124134	-5.04143598958029	COL9A2	no	no	no
0.0495509294289973	9.23519834664095	0.228271586956182	0.820521369235876	0.985663392124134	-5.04144990486877	ZZZ3	no	no	no
-0.0862926204651447	8.9725233727273	-0.228213781163908	0.820566017812795	0.985663392124134	-5.04145803791657	NECTIN2	no	no	no
-0.0869004187141284	8.55875390242175	-0.228093341278634	0.820659046228313	0.985663392124134	-5.0414749767408	MPDZ	no	no	no
0.054862076281197	11.9396810069572	0.228087950635323	0.820663210051299	0.985663392124134	-5.04147573467961	NDUFA4	no	no	no
-0.063657981610361	11.1042931574109	-0.228037766204143	0.820701973595762	0.985663392124134	-5.04148278988776	CCT7	no	no	no
0.0480583755503794	9.77198012620762	0.227981348573396	0.820745552340317	0.985663392124134	-5.04149071954656	G6PC3	no	no	no
0.0444433118129379	10.1505084061056	0.227950353971366	0.820769493785275	0.985663392124134	-5.04149507509399	HNRNPR	no	no	no
-0.0724378902928431	8.58342231810874	-0.227855286389264	0.820842928788711	0.985663392124134	-5.04150843087968	SLA	no	no	no
0.0286303753781083	8.58105317395801	0.227208996490517	0.821342198823526	0.985663392124134	-5.0415990792087	CLP1	no	no	no
-0.145351883290136	7.36827537657889	-0.227023157506966	0.821485776508273	0.985663392124134	-5.04162509739727	STXBP6	no	no	no
0.0410803041986602	8.6030697838673	0.226947332515195	0.821544360057985	0.985663392124134	-5.04163570709955	RMND5B	no	no	no
-0.0764246248296989	8.98776702757066	-0.226798733338863	0.82165917304521	0.985663392124134	-5.04165648937984	SLC1A5	no	no	no
-0.048644187959851	7.94400544653393	-0.226787867636559	0.821667568426891	0.985663392124134	-5.04165800846617	JARID2	no	no	no
0.0409369378697533	7.39204914519034	0.226737054754285	0.821706829266043	0.985663392124134	-5.04166511143027	PGD	no	no	no
0.0960783480675179	6.98857408235155	0.226735744025673	0.821707842013475	0.985663392124134	-5.04166529463169	SEPTIN6	no	no	no
0.186325653909061	10.5381819408101	0.226706418032349	0.821730501112846	0.985663392124134	-5.04166939326938	TSPYL5	no	no	no
-0.0766759222736142	9.72697019155606	-0.226645807589616	0.8217773330254	0.985663392124134	-5.0416778625865	SRPRA	no	no	no
-0.0491270025017483	7.54905113110498	-0.226438232640487	0.821937725085638	0.985663392124134	-5.04170685068649	SYNRG	no	no	no
0.0265419001029942	6.8060603978313	0.226122953418435	0.822181354403724	0.985663392124134	-5.04175082918266	PTPN1	no	no	no
0.0558906662924131	7.64952827285776	0.225939452859204	0.822323161064098	0.985663392124134	-5.04177639767385	VPS9D1	no	no	no
0.0987572643050111	8.7029688909625	0.225777305418184	0.8224484713354	0.985663392124134	-5.04179897365965	AQP1	no	no	no
-0.0495219975449426	8.24060452767235	-0.225575659177634	0.822604313485002	0.985663392124134	-5.04182702657568	BET1L	no	no	no
-0.0528226041545501	8.9657764964335	-0.225464544717872	0.822690191310792	0.985663392124134	-5.0418424740832	PIAS1	no	no	no
-0.11040494801862	9.13412167121786	-0.225123682832034	0.822953649385955	0.985663392124134	-5.04188981452486	CYP51A1	no	no	no
0.0380705762952394	6.86055079498049	0.224898272451005	0.823127884339936	0.985663392124134	-5.04192108132527	GNL1	no	no	no
-0.0728650162627747	9.39387991699074	-0.224606375928469	0.823353524351335	0.985663392124134	-5.04196152406605	RPL37	no	no	no
0.0436089914446773	7.73365428316577	0.22442501694937	0.823493724944513	0.985663392124134	-5.04198662528099	PF4	no	no	no
0.0479925863543628	9.9027767320307	0.224181190470776	0.823682225586127	0.985663392124134	-5.04202034053768	CHTOP	no	no	no
0.0616563113965294	7.56114190499845	0.223871010204666	0.823922039123024	0.985663392124134	-5.04206317811102	C1QTNF1	no	no	no
-0.125487797759445	10.5046804436933	-0.223585170865532	0.824143048726974	0.985663392124134	-5.04210260172924	H2BC5	no	no	no
0.0389530088310205	8.4722536901626	0.2235284894267	0.824186876259135	0.985663392124134	-5.0421104133987	PEX16	no	no	no
-0.0601654432958502	7.75019873486805	-0.223490253050189	0.82421644191992	0.985663392124134	-5.04211568190878	FAM13A	no	no	no
-0.0538887068965802	7.73115978742619	-0.22344899692888	0.824248342839263	0.985663392124134	-5.04212136549557	CACNG4	no	no	no
-0.0618611041323466	8.73755112295058	-0.223398856711317	0.824287113709628	0.985663392124134	-5.04212827157843	GBF1	no	no	no
-0.0597563453834844	9.91019402221486	-0.223359850548267	0.824317275491077	0.985663392124134	-5.04213364303951	ADNP	no	no	no
0.0491731984845933	8.90610236731258	0.222714752556919	0.824816140831801	0.985663392124134	-5.042222342611	RAD23B	no	no	no
-0.0712920466135454	8.70973730779677	-0.222688117038427	0.824836740111476	0.985663392124134	-5.04222599943972	FKBP11	no	no	no
0.0444773601031104	7.88502329265691	0.222563351936053	0.824933232151515	0.985663392124134	-5.04224312281673	TTC27	no	no	no
0.0649224771085386	8.48483970733067	0.222364083558119	0.825087349934245	0.985663392124134	-5.04227045155131	CMTM6	no	no	no
0.0839453716949615	8.28130015297501	0.222329255215833	0.825114287523562	0.985663392124134	-5.04227522559199	PDCD4	no	no	no
-0.0920835478695993	8.69201009942762	-0.222131391623789	0.825267326937106	0.985663392124134	-5.04230233328895	PDGFRB	no	no	no
-0.0862139408978272	8.66858588712784	-0.221868911918158	0.82547035488681	0.985663392124134	-5.04233825639352	CTPS2	no	no	no
-0.0555145854642728	8.17396373022725	-0.221545114592184	0.825720828641386	0.985663392124134	-5.04238251313046	BIN2	no	no	no
0.0558523003056591	7.10471996871546	0.221433944017138	0.825806828990894	0.985663392124134	-5.04239769310758	NFKBIB	no	no	no
-0.0602049939151627	11.1995701576371	-0.221068411576367	0.826089616167347	0.985663392124134	-5.04244755182184	SEC31A	no	no	no
0.0754231237824852	8.10585648093924	0.221039551526371	0.826111944188069	0.985663392124134	-5.04245148484235	LPIN1	no	no	no
-0.0737660116149176	7.03926398848265	-0.220998874339009	0.826143414965744	0.985663392124134	-5.04245702742213	FAM118A	no	no	no
-0.0637513608208874	8.4316598564178	-0.220742497404168	0.826341773128432	0.985663392124134	-5.04249193735133	HIF1AN	no	no	no
-0.0401349181333211	8.40345434035128	-0.220383192556124	0.826619785655254	0.985663392124134	-5.04254079463206	INTS3	no	no	no
-0.0613093890389768	8.17477561285532	-0.220284734957186	0.826695971261828	0.985663392124134	-5.04255416877545	SDAD1	no	no	no
-0.127505413245547	8.43336927960597	-0.220228384307143	0.826739575649217	0.985663392124134	-5.04256182057442	RNASE6	no	no	no
0.198499397571129	11.1327975414147	0.219694561773609	0.82715267735675	0.985663392124134	-5.04263421099973	CRIP1	no	no	no
0.0813485633926137	8.37313858162615	0.219666236551541	0.827174598381134	0.985663392124134	-5.042638047224	ACSF2	no	no	no
0.0500759321189795	11.7357060010508	0.219566885176653	0.827251487985801	0.985663392124134	-5.04265149897193	STARD7	no	no	no
-0.108455105812796	8.38929848244942	-0.219350436359976	0.827419007093339	0.985663392124134	-5.04268078420425	TENM4	no	no	no
0.0552171611206038	7.08505448548355	0.21915604805168	0.827569459548356	0.985663392124134	-5.04270706013888	LPCAT4	no	no	no
0.0317876470207048	7.60649854817245	0.219140405380579	0.827581566931117	0.985663392124134	-5.04270917358672	TTC38	no	no	no
-0.0530160151474624	9.12408859094131	-0.219130100174325	0.82758954315451	0.985663392124134	-5.04271056581893	SDHC	no	no	no
0.03762465093554	8.44040600325229	0.219056470094282	0.827646533327509	0.985663392124134	-5.04272051133538	CDC34	no	no	no
-0.0643054809082878	9.86915137274807	-0.218486749043774	0.828087532960324	0.985663392124134	-5.04279735325758	ANKRD17	no	no	no
-0.0407092421672408	7.20773076344734	-0.218381869481789	0.828168722404006	0.985663392124134	-5.04281147729299	ADD2	no	no	no
-0.187115612777733	8.81458727124525	-0.218344018444807	0.82819802414345	0.985663392124134	-5.04281657299758	MMP9	no	no	no
0.0576637222779939	8.32374116059566	0.217907362688601	0.828536071693851	0.985663392124134	-5.04287529420723	URI1	no	no	no
0.0600817962669583	7.41849860653717	0.217783280309916	0.828632139052312	0.985663392124134	-5.0428919593509	SENP5	no	no	no
-0.056691914991612	8.8778893327243	-0.21773685136153	0.828668086067037	0.985663392124134	-5.04289819265516	ZNF43	no	no	no
-0.0957168792240325	9.59854069069963	-0.217545501023394	0.828816240518957	0.985663392124134	-5.04292386835384	SLX1B	no	no	no
-0.0403876718089076	7.339207741679	-0.217451223504895	0.828889237921963	0.985663392124134	-5.04293651038875	ZNF669	no	no	no
-0.0368528347574164	6.82751616016421	-0.217344248227396	0.828972068826213	0.985663392124134	-5.04295084849878	IFT27	no	no	no
-0.0545506928513415	7.65494649641834	-0.217310380248209	0.828998293196024	0.985663392124134	-5.04295538642573	KLF7	no	no	no
0.0824593894752752	8.07012900670887	0.217096655704436	0.829163787143401	0.985663392124134	-5.04298400684017	OAS3	no	no	no
-0.0701665206260111	8.69663493040787	-0.216967878532428	0.829263507335612	0.985663392124134	-5.04300123817443	PRUNE1	no	no	no
0.0512210081612975	10.06154774761	0.21680059443641	0.829393050092373	0.985663392124134	-5.0430236067983	ANP32A	no	no	no
-0.0414705364843813	7.37109357187211	-0.216408051252414	0.829697049581501	0.985663392124134	-5.04307602871572	ZNF671	no	no	no
-0.0979254741523148	7.7570136507522	-0.216290712682148	0.829787925896566	0.985663392124134	-5.04309168022975	DNAJA4	no	no	no
0.0544297941438885	8.62134199841538	0.216265090475508	0.829807770083544	0.985663392124134	-5.04309509678947	SPTLC1	no	no	no
0.0485641408892539	7.74361843371339	0.216148869391866	0.829897783762011	0.985663392124134	-5.0431105890719	ZBTB43	no	no	no
-0.0392467470336584	12.7640544376279	-0.216108485757011	0.829929061584489	0.985663392124134	-5.04311597027095	CHCHD2	no	no	no
0.0511133360223871	8.92706847501662	0.216093094443626	0.829940982495903	0.985663392124134	-5.04311802093	CTNNBIP1	no	no	no
0.0613276581867187	8.4276187668598	0.215753200997399	0.830204247786068	0.985663392124134	-5.04316326946296	RBM47	no	no	no
-0.038428119400332	6.5392596877129	-0.215637090826726	0.830294185723394	0.985663392124134	-5.04317871043148	SUZ12	no	no	no
-0.211439361718724	8.90021500412782	-0.215557183996053	0.830356082202915	0.985663392124134	-5.04318933206704	TMEM158	no	no	no
0.12027017884064	10.663513569564	0.215546506335998	0.830364353287603	0.985663392124134	-5.04319075110042	IGFBP3	no	no	no
-0.0390177762285394	13.2728021409282	-0.215483807508471	0.830412921185581	0.985663392124134	-5.04319908219834	FTL	no	no	no
0.0581394853518656	11.264028342561	0.215427740075845	0.830456352826575	0.985663392124134	-5.04320653010404	GNG10	no	no	no
-0.0615227687651163	7.78080478716032	-0.21516270380086	0.83066166572697	0.985663392124134	-5.04324171093161	STN1	no	no	no
0.0403235422820414	12.3310163004925	0.21512988930563	0.830687086624381	0.985663392124134	-5.04324606371294	ITM2B	no	no	no
0.0496112781267038	9.10560830972137	0.214901926694647	0.830863690903309	0.985663392124134	-5.04327628425543	EIF5	no	no	no
-0.0313734959489937	7.17233014808559	-0.214573438779296	0.831118188412885	0.985663392124134	-5.04331977505498	AAK1	no	no	no
0.0373650118310028	10.0686327875949	0.214383907305794	0.831265037130271	0.985663392124134	-5.04334483826876	EIF1	no	no	no
-0.121144024946443	9.09092198892632	-0.214232411920631	0.831382419926863	0.985663392124134	-5.04336485579703	CFB	no	no	no
-0.0373449497748319	8.08463830549539	-0.214071013784128	0.831507479932546	0.985663392124134	-5.04338616628315	HDAC5	no	no	no
-0.0938856233653382	8.56600658749796	-0.213899709345169	0.831640220709228	0.985663392124134	-5.04340876724789	NINL	no	no	no
0.0749063112554807	7.1595590391118	0.213890134163687	0.831647640494589	0.985663392124134	-5.0434100300123	NOL3	no	no	no
-0.0451551700606315	7.71554843853639	-0.213535495954057	0.831922459736524	0.985663392124134	-5.04345675960928	EMC7	no	no	no
-0.0551150347590644	8.93436527654628	-0.213456411913839	0.831983747112484	0.985663392124134	-5.04346716972969	GTPBP4	no	no	no
-0.0311112454262591	7.74827285815326	-0.213424986587573	0.832008100939168	0.985663392124134	-5.04347130529249	NUP214	no	no	no
0.0439314576967875	11.3719243170821	0.213351836674263	0.832064790903729	0.985663392124134	-5.04348092944623	SELENOF	no	no	no
-0.0418962950658094	7.17456106026729	-0.213296045748878	0.832108028549727	0.985663392124134	-5.04348826750961	SNCA	no	no	no
-0.041971476162279	9.2788596096279	-0.212851996113387	0.83245218320345	0.985663392124134	-5.04354660420461	ARF1	no	no	no
-0.0394954537584506	6.62874266882168	-0.212633908869197	0.832621220948149	0.985663392124134	-5.04357521087048	MYT1	no	no	no
0.0606937648176711	9.14527447191985	0.21217104717657	0.832980008026435	0.985663392124134	-5.04363582790166	DFFA	no	no	no
0.0661225731095708	8.64757263902987	0.212166861712458	0.832983252551919	0.985663392124134	-5.04363637543518	R3HCC1	no	no	no
-0.0598877248020351	8.48600637368429	-0.212062746755253	0.833063962262885	0.985663392124134	-5.04364999206646	LDLRAP1	no	no	no
0.0215665087357255	11.6359096313731	0.212022751016726	0.833094967365442	0.985663392124134	-5.04365522112076	RPS6	no	no	no
-0.0955254759625294	9.62562333446014	-0.212016472065275	0.833099834896764	0.985663392124134	-5.04365604194335	CD82	no	no	no
0.0467245279452064	7.48589198152181	0.21188748955206	0.833199825417333	0.985663392124134	-5.04367289795659	RCL1	no	no	no
0.058832057275113	11.4296479123316	0.211846867853063	0.833231316968774	0.985663392124134	-5.04367820446461	IARS1	no	no	no
0.0805636815258762	8.57185685874197	0.211634768450207	0.833395749332682	0.985663392124134	-5.04370589503155	ABCB7	no	no	no
-0.139705549002546	9.61628073864271	-0.211415498788992	0.833565748449631	0.985663392124134	-5.04373449263437	IRF7	no	no	no
0.0521584794150071	6.77867540378736	0.211157924637909	0.833765455213611	0.985663392124134	-5.04376804823324	NEK3	no	no	no
-0.103718084308412	8.72360805016774	-0.211056121709708	0.833844389850747	0.985663392124134	-5.04378129941339	GOLGA8A	no	no	no
-0.0462929711593739	7.88795120031526	-0.210907947208974	0.833959282575843	0.985663392124134	-5.04380057516412	TEDC2	no	no	no
0.0564886731580158	9.1725627300232	0.210890290830469	0.833972973364102	0.985663392124134	-5.04380287115017	FNTA	no	no	no
-0.091991055363184	9.57853834370521	-0.210587855211604	0.834207490585497	0.985663392124134	-5.04384216927301	HADH	no	no	no
-0.0637369604560185	7.8652139086081	-0.210532351690974	0.834250531260399	0.985663392124134	-5.04384937522704	GTF2H4	no	no	no
-0.0542985735169942	9.77259454087119	-0.210519223331409	0.834260711833149	0.985663392124134	-5.04385107938888	CALU	no	no	no
0.035782279840136	7.6611486851131	0.210499570785324	0.834275951732686	0.985663392124134	-5.04385363024217	FBXL12	no	no	no
-0.074069565697479	8.76195216954168	-0.21047930945776	0.834291663789602	0.985663392124134	-5.04385625986524	NFKBIE	no	no	no
-0.0581757073283845	10.4961552000989	-0.210308033978106	0.834424485566349	0.985663392124134	-5.04387847882518	MAPRE1	no	no	no
-0.109972520923323	11.2760082944167	-0.209668675954953	0.834920342088235	0.985663392124134	-5.04396126114655	P4HB	no	no	no
-0.0421134497974295	7.17696375212823	-0.209600902402278	0.834972908109277	0.985663392124134	-5.04397002154739	PIGG	no	no	no
-0.0603289974396378	10.1315841719637	-0.20958441944582	0.834985692613318	0.985663392124134	-5.04397215170532	GPR89B	no	no	no
0.144066381583628	10.9604591262926	0.209564600611998	0.835001064548995	0.985663392124134	-5.04397471275076	EPHX1	no	no	no
-0.0387593848668467	7.62918480726113	-0.209346713682812	0.835170066880239	0.985663392124134	-5.04400285279042	TRAF2	no	no	no
0.0540280505989603	10.8890438840999	0.209312791252267	0.835196379263407	0.985663392124134	-5.04400723123746	ARF5	no	no	no
0.114179889860482	9.0317192233359	0.209254093024979	0.835241909773087	0.985663392124134	-5.04401480588288	CDKN3	no	no	no
-0.0570379883304997	9.76497571692989	-0.208521700144673	0.835810053674539	0.986067122076446	-5.04410913856478	TARDBP	no	no	no
0.0377724134343712	7.19100265760551	0.208383203189485	0.83591750080275	0.986067122076446	-5.04412693998275	CRYBG2	no	no	no
0.05348428241605	10.2215598499792	0.20831053416473	0.835973879324957	0.986067122076446	-5.04413627562705	ENO1	no	no	no
0.0276589377976233	7.61509169097308	0.208025924644361	0.836194695201507	0.98617428461129	-5.04417280758179	FBXL18	no	no	no
0.0389354307344594	7.16142831191806	0.207795000645105	0.836373868691047	0.98623231012085	-5.0442024119619	ALG5	no	no	no
-0.0448999831539853	7.63962818657487	-0.207351578020455	0.836717944093485	0.986358988921176	-5.04425916666473	SUPT6H	no	no	no
0.117398457113656	10.3009223528431	0.207016479029468	0.836977986837724	0.986358988921176	-5.04430197656503	ETFA	no	no	no
-0.0762717298934345	9.56016797454643	-0.206948698005686	0.837030588354519	0.986358988921176	-5.0443106273983	CLK1	no	no	no
-0.0445492865374181	10.4129053181143	-0.206677268105099	0.837241239298508	0.986358988921176	-5.04434524145357	VCP	no	no	no
-0.0670243272320371	12.7836229308699	-0.206534032522739	0.837352406243147	0.986358988921176	-5.04436348928759	LDHB	no	no	no
0.0564626309946091	9.50202334551941	0.206402014969862	0.837454869710931	0.986358988921176	-5.04438029680202	MID1IP1	no	no	no
-0.0436535267934965	7.74363379295668	-0.20635708785371	0.837489739877586	0.986358988921176	-5.04438601415146	PAXBP1	no	no	no
-0.0810470123343296	9.05281167977199	-0.206316537659811	0.837521213181226	0.986358988921176	-5.04439117343544	PIM1	no	no	no
0.0329263274089681	7.60445912272046	0.205935966711526	0.83781660897456	0.986553759916039	-5.04443954497916	PHF20	no	no	no
-0.0657145208408579	10.2421023503163	-0.205611100742077	0.838068785785119	0.986697586739718	-5.0444807658156	NIF3L1	no	no	no
0.0690533746270986	11.4589875606988	0.205117127089553	0.838452265219873	0.986967611074377	-5.04454331962839	VAMP8	no	no	no
0.0643433181400425	8.03728734954511	0.204980581468492	0.838558274722787	0.986967611074377	-5.04456058446213	ADCY3	no	no	no
0.0523281099458885	7.35973869413096	0.204676004631251	0.838794749029898	0.987092828107765	-5.04459905385868	CDIP1	no	no	no
-0.0481900901151774	7.97050793318686	-0.204474478454856	0.838951222802699	0.987123876357091	-5.04462447614227	PPT2	no	no	no
-0.054804563902472	9.61053156718564	-0.204288049266372	0.839095980481075	0.987141131765953	-5.04464797172027	INPPL1	no	no	no
-0.0692674978632079	11.7201698019743	-0.203751692615074	0.839512479643241	0.987339288183294	-5.04471544928031	PEA15	no	no	no
0.0660848085778954	7.61665633321035	0.203736013527928	0.839524655687745	0.987339288183294	-5.04471741916187	SLC39A7	no	no	no
-0.0811969230318173	11.105541217101	-0.203533614987928	0.839681837643721	0.987371111737262	-5.04474283443944	AKR1B1	no	no	no
-0.123846395527322	8.40043966326549	-0.202820496501502	0.840235695527232	0.987693081301515	-5.04483218030155	GPX7	no	no	no
-0.0699993230858971	8.17677741368743	-0.202661036665361	0.840359554446156	0.987693081301515	-5.04485211607048	GPRC5C	no	no	no
0.0920310963302702	10.0349090582831	0.202498636634867	0.840485701339334	0.987693081301515	-5.04487240335124	PARP12	no	no	no
-0.0500733685460162	8.13277576712987	-0.202305790116972	0.840635503550373	0.987693081301515	-5.04489647299115	LILRB1	no	no	no
-0.0552605816197302	8.24112597561374	-0.201901672007357	0.840949439851424	0.987693081301515	-5.04494683776475	MAP2K2	no	no	no
-0.0459463018165444	8.17561967146397	-0.201861549803747	0.840980609932058	0.987693081301515	-5.04495183266767	APOOL	no	no	no
-0.0655281879217399	9.22769676567675	-0.201835357948577	0.841000957962597	0.987693081301515	-5.04495509281622	MAP7D1	no	no	no
-0.0836959987605899	9.06446678838218	-0.201344253998978	0.84138250906151	0.987693081301515	-5.04501614330862	PAFAH1B3	no	no	no
-0.0859847549402647	9.98953028574072	-0.201283328320655	0.841429846455761	0.987693081301515	-5.04502370680585	POLR2E	no	no	no
0.131366172712353	7.99920254235632	0.200948174696356	0.841690261210012	0.987693081301515	-5.04506527296395	FHL1	no	no	no
-0.0437294619214587	7.71132102901903	-0.200663171995615	0.841911722747327	0.987693081301515	-5.04510056499044	RARG	no	no	no
0.0417108065064706	12.5697463577094	0.200381379424687	0.842130702582425	0.987693081301515	-5.04513541038735	PRDX1	no	no	no
0.0293746623684995	7.09964735208882	0.200274508824735	0.842213754588619	0.987693081301515	-5.04514861282532	TMPRSS6	no	no	no
0.0903649587990212	7.80856244433265	0.199943308818326	0.842471150525675	0.987693081301515	-5.04518948355158	SH2D2A	no	no	no
0.0464092466645572	10.7851701607659	0.199524918153092	0.842796332606875	0.987693081301515	-5.04524101732546	EIF6	no	no	no
-0.047761775756414	11.1462352570251	-0.199462884855005	0.842844548563216	0.987693081301515	-5.04524864888976	HINT1	no	no	no
0.188852575559271	12.1862751377102	0.199348911893392	0.842933136694506	0.987693081301515	-5.04526266409311	C3	no	no	no
0.0556201718376746	9.35509174614279	0.199192637459131	0.843054607972856	0.987693081301515	-5.04528186810099	MRPS18A	no	no	no
0.144784179598298	8.33514634578909	0.199138017827196	0.843097064431264	0.987693081301515	-5.0452885765702	CKMT1B	no	no	no
0.103269813465318	8.29926891536829	0.199117375030004	0.843113110434224	0.987693081301515	-5.04529111147324	SOD2	no	no	no
-0.0651779022347489	7.37190878292753	-0.198970110129746	0.843227583941943	0.987693081301515	-5.04530918776688	ZBTB20	no	no	no
-0.0582191331131242	11.2549976437355	-0.198959019880164	0.843236204870773	0.987693081301515	-5.04531054851929	SARAF	no	no	no
0.100009990885591	9.30184321492153	0.198929740554347	0.843258965045694	0.987693081301515	-5.04531414067305	TRIP13	no	no	no
-0.07490155549422	8.68973706086322	-0.198906685093919	0.843276887217411	0.987693081301515	-5.04531696887662	IGF2R	no	no	no
0.0567312330646642	7.59095837485241	0.198570828582412	0.843537974938969	0.987693081301515	-5.04535813117995	NFX1	no	no	no
-0.0645880852033491	7.14846207769165	-0.198177653120676	0.843843643813226	0.987693081301515	-5.04540623029192	GFOD1	no	no	no
0.0921584992902145	9.53514736279464	0.197611069959021	0.844284168946132	0.987693081301515	-5.04547537598737	GLB1L2	no	no	no
-0.0542989048862346	9.22990347119803	-0.197437563810796	0.844419082128575	0.987693081301515	-5.04549651114903	ACP1	no	no	no
0.251074946869003	10.3741091682435	0.197199981637285	0.844603826572899	0.987693081301515	-5.04552542151181	SCGB2A1	no	no	no
0.0366045007517022	7.34805834231449	0.197066405718575	0.844707699401549	0.987693081301515	-5.04554166054796	CENPO	no	no	no
-0.0624897570631632	9.6632963141514	-0.196735096844426	0.844965347647432	0.987693081301515	-5.04558189092087	COX7B	no	no	no
0.0433784889014717	7.85864906229476	0.196561197731918	0.845100590262406	0.987693081301515	-5.04560298022491	MSL3	no	no	no
-0.0481049883238197	8.38201796908554	-0.196416952794441	0.845212774194484	0.987693081301515	-5.04562045915706	CARS1	no	no	no
-0.0533284220611649	9.15761887157865	-0.196271033079355	0.845326263961573	0.987693081301515	-5.04563812800798	GPKOW	no	no	no
-0.0614217497301024	6.88504627357011	-0.196236506242852	0.845353117862633	0.987693081301515	-5.04564230681208	IL1RL2	no	no	no
0.0381691746245866	6.86252411202873	0.19621439042331	0.84537031895792	0.987693081301515	-5.04564498311791	ELP1	no	no	no
0.0312796694529256	7.00107407062459	0.196159395734271	0.845413092692852	0.987693081301515	-5.04565163689622	OSBPL7	no	no	no
0.055590001468531	9.05284154558414	0.196130617924145	0.845435475668097	0.987693081301515	-5.04565511796673	TCF7L2	no	no	no
0.0396818261530729	8.74652719588976	0.19593607471164	0.845586792024906	0.987693081301515	-5.04567863727128	RABGAP1	no	no	no
-0.0481615083304633	9.97755365678296	-0.195934942091152	0.845587672998156	0.987693081301515	-5.04567877413128	ADSL	no	no	no
0.0271110127460706	9.04601119182862	0.195755121537174	0.845727543298915	0.987693081301515	-5.04570049270862	VPS37C	no	no	no
-0.0658062906023704	9.97429396143359	-0.195629479035987	0.845825275128231	0.987693081301515	-5.04571565590087	RFXANK	no	no	no
-0.105988005508946	7.92856406755132	-0.195174523544027	0.846179185727671	0.987693081301515	-5.04577048105419	SLC12A8	no	no	no
0.0646179327214494	8.22340420996988	0.195168062944684	0.846184211669713	0.987693081301515	-5.04577125868232	PSIP1	no	no	no
-0.0369072284540658	6.70193644200568	-0.194822346072579	0.84645316720932	0.987693081301515	-5.04581283334066	ZNHIT2	no	no	no
0.0492824442811416	10.41580505254	0.194752711764473	0.846507342488452	0.987693081301515	-5.04582119841379	DARS1	no	no	no
-0.029000028616599	7.06921979825108	-0.194652475423706	0.846585327374421	0.987693081301515	-5.04583323442926	NPFF	no	no	no
0.0398630141348683	7.61278646133834	0.194483555069364	0.846716752636602	0.987693081301515	-5.04585350378619	PCIF1	no	no	no
0.0409936653557883	8.76101515086054	0.19402181529036	0.847076022986585	0.987693081301515	-5.04590882001876	CMPK1	no	no	no
0.0638037567901191	8.39532994515006	0.193962334621193	0.847122306082336	0.987693081301515	-5.04591593624159	RFC3	no	no	no
-0.0485865723974556	9.06868587704412	-0.193961468305274	0.847122980184076	0.987693081301515	-5.0459160398709	CES2	no	no	no
0.0934308998792713	7.75566826298218	0.193873606934032	0.847191347881063	0.987693081301515	-5.04592654751074	GJA4	no	no	no
0.0608032336967137	8.47116577092838	0.193641953747978	0.847371610219756	0.987693081301515	-5.04595422893415	JUND	no	no	no
-0.0423470758572232	11.4430328836668	-0.193627986605582	0.847382479101116	0.987693081301515	-5.04595589688411	PNRC1	no	no	no
0.0413016152238927	11.942561293678	0.193594112166894	0.847408839468063	0.987693081301515	-5.04595994165606	HDGF	no	no	no
-0.0569522203777282	8.16418571869371	-0.193302569607597	0.847635718984015	0.987693081301515	-5.04599472406498	PALM2AKAP2	no	no	no
0.070945236328771	10.5783636459827	0.193085462928576	0.847804680711834	0.987693081301515	-5.0460205919506	NET1	no	no	no
-0.0536905589145578	7.4489677564023	-0.192918737128617	0.847934438795732	0.987693081301515	-5.04604043735577	FUT1	no	no	no
-0.0452878912771612	9.15882395158116	-0.192869261489449	0.847972945140037	0.987693081301515	-5.04604632316047	KIAA0319L	no	no	no
0.0399044399407045	7.14371446176049	0.192812536677264	0.848017093898042	0.987693081301515	-5.04605306950039	CD79A	no	no	no
-0.139718519492143	8.74363566906246	-0.192709287129028	0.848097453991243	0.987693081301515	-5.04606534399373	HSPA2	no	no	no
-0.054443520205584	7.75912300313569	-0.192284804636755	0.848427849869973	0.987693081301515	-5.04611573833024	GALNT10	no	no	no
-0.0659592030475939	11.8414884370714	-0.19226026882635	0.848446948157552	0.987693081301515	-5.04611864781956	IER2	no	no	no
0.0632704754808762	8.10830694366155	0.19221692326934	0.848480687880126	0.987693081301515	-5.04612378688871	GMFG	no	no	no
0.0478247923500032	10.6876942066468	0.192020993718087	0.848633200953102	0.987693081301515	-5.04614700196449	PSMA6	no	no	no
-0.031858752465625	6.72539820359267	-0.191855048576014	0.848762378519943	0.987693081301515	-5.04616664580854	NTSR1	no	no	no
-0.055846529911951	9.88416754208341	-0.191835629841526	0.848777495024465	0.987693081301515	-5.0461689434042	ICE1	no	no	no
0.0455486009370447	8.90120635613919	0.191665762967277	0.848909730265149	0.987693081301515	-5.04618903190764	POP4	no	no	no
-0.0352403831907907	6.99618261140728	-0.191630679274237	0.848937042204597	0.987693081301515	-5.04619317870288	CTNS	no	no	no
0.0757534989331613	11.146642561033	0.19133794265224	0.849164939009794	0.987715941990123	-5.04622774983774	CD99	no	no	no
0.0364778074501382	8.42201951127995	0.191082295626951	0.849363972070522	0.987715941990123	-5.0462578976973	GRK6	no	no	no
0.0965470688973236	8.52462172210594	0.19050725429389	0.849811704718033	0.987715941990123	-5.04632556403181	C4A	no	no	no
0.0418873187743719	7.30045565954821	0.190015693622032	0.850194478296073	0.987715941990123	-5.04638324572151	WDCP	no	no	no
0.0524776423604136	12.005577798137	0.189957711341216	0.850239630953947	0.987715941990123	-5.04639003979073	TUBB4B	no	no	no
0.0959182886794827	8.65367305476894	0.189748540213826	0.850402523430645	0.987715941990123	-5.04641453220936	GJB1	no	no	no
-0.0399500198015312	8.31041632637071	-0.189745867186465	0.850404605099392	0.987715941990123	-5.04641484502723	MED7	no	no	no
0.0786920653117123	7.83911719870812	0.18971587024544	0.850427965837633	0.987715941990123	-5.04641835519445	GLIPR1	no	no	no
-0.0971874273600301	7.54645240168083	-0.189625167451334	0.850498603341368	0.987715941990123	-5.04642896564104	LIMCH1	no	no	no
0.0526516609220116	8.57503803081539	0.189500464433147	0.850595721560695	0.987715941990123	-5.04644354518232	ZPR1	no	no	no
0.0648057256612411	8.64061881615228	0.189436172245318	0.850645792980212	0.987715941990123	-5.04645105810737	PAN2	no	no	no
0.164085319208815	9.6512125726646	0.189223829856095	0.85081117185433	0.987715941990123	-5.04647585350794	COL5A1	no	no	no
-0.0351743187245339	7.04976496380182	-0.189095663039805	0.850910995456132	0.987715941990123	-5.04649080622872	ZNHIT6	no	no	no
0.053595270706234	8.91384224856825	0.189035938218114	0.85095751338721	0.987715941990123	-5.04649777063737	PNPLA6	no	no	no
-0.045101070395597	10.998909317459	-0.188965432886534	0.851012428635857	0.987715941990123	-5.0465059893178	PPP1CB	no	no	no
-0.0601488615364922	7.06817044380295	-0.188522892715199	0.851357131749359	0.987715941990123	-5.04655750558113	PLXNC1	no	no	no
-0.0534691416505642	9.97815998042801	-0.188166985461032	0.851634376143239	0.987715941990123	-5.04659884944395	EID1	no	no	no
0.0392413057636481	9.70141966414698	0.187998612694557	0.851765541665281	0.987715941990123	-5.04661838125794	BRD9	no	no	no
0.022282762367679	6.79083851796392	0.187808068461742	0.851913984293236	0.987715941990123	-5.0466404639958	MAP7D3	no	no	no
0.0858894810421093	11.2094488804031	0.187609527290142	0.852068662678827	0.987715941990123	-5.04666344975487	COL4A1	no	no	no
-0.0428736092048814	10.1112389330098	-0.18756357589449	0.852104463084178	0.987715941990123	-5.04666876624115	MAIP1	no	no	no
-0.0786795098195007	9.0576160829903	-0.187524227467794	0.852135119414163	0.987715941990123	-5.04667331774418	GOLGA6L9	no	no	no
-0.110473203514938	8.5590934409843	-0.187403723943569	0.852229005058913	0.987715941990123	-5.04668725067602	EHF	no	no	no
-0.0568351872150571	7.16381346512403	-0.187385236944793	0.852243408678463	0.987715941990123	-5.04668938740046	B3GAT1	no	no	no
-0.0312837574487997	7.14563974420593	-0.186912292607658	0.852611907148491	0.987715941990123	-5.04674397872181	C16orf95	no	no	no
0.0458398605249781	10.4478396433826	0.186833210022883	0.852673528247628	0.987715941990123	-5.04675309368477	SAT1	no	no	no
0.0462632132118736	7.74047165210764	0.186184635000786	0.853178932579135	0.987715941990123	-5.04682770244547	GPR107	no	no	no
-0.0821703412246236	9.83258391457312	-0.18617575300497	0.853185854338784	0.987715941990123	-5.04682872238816	DDAH2	no	no	no
0.0555715164427583	7.08166153977047	0.186078254789042	0.853261835690638	0.987715941990123	-5.04683991517066	POLR1E	no	no	no
-0.114772583721028	7.03661970040483	-0.186061977548077	0.853274520847489	0.987715941990123	-5.04684178322597	NT5E	no	no	no
0.0453235559897398	11.78700128197	0.185990463485812	0.853330253552684	0.987715941990123	-5.04684998859563	ATP5MG	no	no	no
-0.0681563511469296	8.88490755090185	-0.185983710280119	0.853335516534698	0.987715941990123	-5.04685076328128	LIMK2	no	no	no
-0.041919904238864	7.24243417972374	-0.185975442463848	0.853341959908772	0.987715941990123	-5.04685171167541	SHPK	no	no	no
-0.0643173325864689	10.7362215177199	-0.185923541147543	0.853382408498582	0.987715941990123	-5.04685766427009	MRFAP1L1	no	no	no
-0.0554405371544172	10.5810691929235	-0.185488321530603	0.853721606723361	0.987812259848833	-5.04690751464876	STOML2	no	no	no
0.0455212144800675	10.065481741409	0.18548269969068	0.853725988414423	0.987812259848833	-5.0469081578159	PNRC2	no	no	no
-0.0757183802348462	8.33124011481683	-0.185179066845192	0.85396264835859	0.987935443778774	-5.04694286606765	CD163	no	no	no
0.125721045346384	8.65462133991553	0.184681653196643	0.854350375881961	0.988233331126879	-5.04699960278493	OPLAH	no	no	no
-0.0447328338572113	8.71963258817547	-0.184392568783	0.854575730194695	0.988343338015142	-5.0470325067884	RPRD2	no	no	no
0.066859406883561	11.1927837350998	0.184164612040372	0.854753441399381	0.988398219039699	-5.04705841688438	PLS3	no	no	no
0.0519982208201155	7.00882323298514	0.183724470239346	0.855096590049004	0.988644358569533	-5.04710835394297	SLIT3	no	no	no
0.049179409564462	7.86856435535288	0.183088023426123	0.855592834538967	0.988765144545586	-5.0471803522816	CUL5	no	no	no
-0.0481517451922985	9.9967451069568	-0.182963886647651	0.855689632230643	0.988765144545586	-5.04719436625732	FASTK	no	no	no
0.0701742154298725	8.68873161015622	0.182860423074975	0.855770311368356	0.988765144545586	-5.0472060391592	TFPT	no	no	no
0.0263716521953422	8.81205528854319	0.182141256975075	0.856331147969303	0.988765144545586	-5.04728699440545	ARMCX6	no	no	no
0.0437913002634479	8.90117795128085	0.182077784757026	0.856380649942017	0.988765144545586	-5.04729412407285	PFKP	no	no	no
-0.0700496739426142	9.07666401118391	-0.182011930868441	0.856432009997532	0.988765144545586	-5.04730151864614	PXMP2	no	no	no
-0.0477716869581984	8.86568614882866	-0.181930211659185	0.8564957444383	0.988765144545586	-5.04731069098656	CLCF1	no	no	no
0.098969895952808	7.70773115117911	0.181658453002114	0.85670770140028	0.988765144545586	-5.04734116420283	STC1	no	no	no
-0.0363836889013471	8.92723638257372	-0.181271929245059	0.857009187322588	0.988765144545586	-5.04738442811428	TNFAIP1	no	no	no
-0.0468535155342461	10.4470741432567	-0.181077745065633	0.857160657827072	0.988765144545586	-5.0474061286009	PAIP1	no	no	no
0.041651291206096	7.31186354916456	0.181062224001151	0.857172765039583	0.988765144545586	-5.04740786211051	SLC26A6	no	no	no
0.0182811343871621	13.5783394806099	0.18066228999094	0.857484745713235	0.988765144545586	-5.04745247862442	TPT1	no	no	no
0.031105777173903	6.94867106345813	0.180282600581927	0.857780955301857	0.988765144545586	-5.0474947455568	USP12	no	no	no
-0.0442651064529621	9.88378968757702	-0.180218539465583	0.857830933766069	0.988765144545586	-5.04750186807594	XPO6	no	no	no
-0.0451190568841153	8.83277257819998	-0.179997055484524	0.858003733133614	0.988765144545586	-5.04752647390716	POLR3C	no	no	no
0.059170636050638	7.52441819735981	0.179879404176938	0.85809552625603	0.988765144545586	-5.04753953213585	HSPB2	no	no	no
0.0362192897577169	8.10833890671666	0.179691856380916	0.858241857659602	0.988765144545586	-5.04756033062494	ACTR8	no	no	no
-0.139593641079165	8.16240714759298	-0.179577567564062	0.858331032297646	0.988765144545586	-5.04757299429572	WNT7A	no	no	no
0.0339624231405827	7.04359971261117	0.179562570897187	0.85834273368939	0.988765144545586	-5.04757465539135	PCDHGA9	no	no	no
-0.0312947412350976	7.42229212286264	-0.179239908218703	0.858594504260325	0.988765144545586	-5.0476103613726	FGFR2	no	no	no
0.0731104648191581	8.83005585128117	0.179038793119504	0.858751439963902	0.988765144545586	-5.04763258442963	AVEN	no	no	no
0.0581123402195923	9.28147306512333	0.178832326632648	0.858912557515234	0.988765144545586	-5.04765537291101	FRAT2	no	no	no
-0.075220735672137	11.0499953223477	-0.178656403296182	0.859049845308178	0.988765144545586	-5.04767476952577	CCDC6	no	no	no
-0.0763577532383222	9.22766091097417	-0.17846266288662	0.859201042368771	0.988765144545586	-5.04769610853826	ARMT1	no	no	no
0.0415405665426129	7.99540923769445	0.178454600762624	0.859207334251331	0.988765144545586	-5.04769699601833	INSR	no	no	no
-0.0591384056819211	9.39395193196568	-0.178158743258693	0.859438235222787	0.988765144545586	-5.047729536391	TAF1D	no	no	no
-0.0474451207113641	11.3995401496746	-0.178155720601335	0.859440594309587	0.988765144545586	-5.04772986856488	YWHAZ	no	no	no
-0.0216705763296623	6.98341928463291	-0.17804185681516	0.859529462276635	0.988765144545586	-5.04774237748948	RREB1	no	no	no
-0.0456770471054476	9.29577994803353	-0.177967284497217	0.85958766518912	0.988765144545586	-5.04775056558045	EEF2KMT	no	no	no
0.055701058333934	8.79986414893777	0.177853973538604	0.859676104716445	0.988765144545586	-5.04776300064789	CHMP7	no	no	no
0.0488501803233637	7.37904995266767	0.177781509143814	0.859732664339428	0.988765144545586	-5.0477709489536	NCKAP1L	no	no	no
-0.0604455715132261	8.80707363499362	-0.177683215881065	0.8598093849991	0.988765144545586	-5.04778172515001	PDF	no	no	no
0.0791887534398838	9.32321170938936	0.177568134262068	0.859899211184807	0.988765144545586	-5.0477943343483	SLC43A3	no	no	no
0.0647030889480943	8.44349866646177	0.177362497608323	0.860059724168378	0.988765144545586	-5.04781684513072	FLOT2	no	no	no
0.0727753323275116	12.0769446897044	0.177212666013797	0.860176681389719	0.988765144545586	-5.04783323061137	CD24	no	no	no
-0.0333046430292197	6.90103402979276	-0.177197210911936	0.860188745686659	0.988765144545586	-5.04783491998447	L3MBTL1	no	no	no
-0.0275337855846772	8.15756013162825	-0.177158009585283	0.860219346506456	0.988765144545586	-5.04783920436092	SRCAP	no	no	no
-0.0785468233602885	7.9874518462984	-0.177147181270534	0.860227799200238	0.988765144545586	-5.04784038763823	DNMT3B	no	no	no
0.0404116219032543	7.63728246806021	0.176846828159052	0.86046226453077	0.988765144545586	-5.04787318032319	KLHL9	no	no	no
-0.0922765788108416	10.523867380195	-0.17677486490566	0.860518443260516	0.988765144545586	-5.04788102905609	GNB2	no	no	no
0.0244648603745692	6.87026307562354	0.176742610175424	0.860543623428974	0.988765144545586	-5.04788454591077	INPP5B	no	no	no
-0.0385208886146396	8.50058589765969	-0.176458956275268	0.860765068678974	0.98879907497156	-5.04791544618202	SENP2	no	no	no
-0.0844330917731473	9.19975888646633	-0.176245779225867	0.860931500945192	0.98879907497156	-5.04793863634976	HCLS1	no	no	no
0.0452753682568474	9.67241949781877	0.176161938718695	0.860996958925901	0.98879907497156	-5.04794774915737	ING4	no	no	no
-0.0336714464104416	9.04018598163138	-0.17586296668576	0.861230387619917	0.98879907497156	-5.0479802098515	ZNF76	no	no	no
0.0441866065870271	7.93062297916547	0.175847612954469	0.861242375707103	0.98879907497156	-5.0479818753874	TMEM80	no	no	no
0.0523082300269329	9.72719350869535	0.175456382565065	0.861547856848176	0.98879907497156	-5.04802426615806	TERF2IP	no	no	no
-0.0489918991441509	8.18614697913183	-0.175165704796522	0.861774838218149	0.98879907497156	-5.04805570079314	ZNF85	no	no	no
0.0597931428871049	11.0604566888713	0.175101389718225	0.861825061491173	0.98879907497156	-5.04806264896189	TBCB	no	no	no
0.0925553559905696	8.2508780467481	0.174890177838371	0.861989999695284	0.98879907497156	-5.0480854489605	FOXJ1	no	no	no
-0.0809067164455105	7.91055251921517	-0.174886988954798	0.861992489985215	0.98879907497156	-5.04808579298514	CDKN1C	no	no	no
0.0517918193743193	9.13395863953393	0.174725890980164	0.862118297825762	0.98879907497156	-5.04810316448589	RAB22A	no	no	no
-0.0470238470230381	9.30220775688646	-0.174559435674077	0.862248293224332	0.98879907497156	-5.04812109689466	ZC3HAV1	no	no	no
-0.0610074206797428	9.8247443753107	-0.174535232336837	0.86226719545161	0.98879907497156	-5.0481237029257	SLC35A1	no	no	no
-0.0583762992540795	10.286697796924	-0.173275521984501	0.863251111561496	0.989526271112089	-5.04825884107931	CBX1	no	no	no
-0.0331083231901611	7.57773918898658	-0.173224833715709	0.863290707019329	0.989526271112089	-5.04826425832639	ZNF35	no	no	no
-0.0401950107047991	8.77257788627759	-0.173099469073861	0.863388637919352	0.989526271112089	-5.04827764972585	LEPROT	no	no	no
-0.0622099698941494	9.10759483917248	-0.172852782298524	0.863581348183817	0.989526271112089	-5.04830397245242	AKIRIN1	no	no	no
0.0462274177775433	9.42408099578641	0.172616502005838	0.863765936844273	0.989526271112089	-5.04832914962549	COPS2	no	no	no
-0.0432697082907999	12.049559163886	-0.172524877081785	0.863837518826126	0.989526271112089	-5.04833890359703	PSME1	no	no	no
-0.0273848226429663	8.42015842848681	-0.171999830721962	0.864247733648101	0.989526271112089	-5.04839469796403	VPS72	no	no	no
-0.0393100137846427	9.01027056104746	-0.171979720445497	0.864263446411824	0.989526271112089	-5.04839683161965	FAXDC2	no	no	no
-0.116412238108156	7.80577139662073	-0.171850403051016	0.864364487308146	0.989526271112089	-5.04841054595901	L1CAM	no	no	no
-0.0309578637436799	8.01816398306436	-0.171829342836468	0.864380942720717	0.989526271112089	-5.04841277845721	SPOUT1	no	no	no
0.0331716820815606	7.32746190952775	0.171767034922548	0.864429627407056	0.989526271112089	-5.04841938183856	RAP2A	no	no	no
0.0466693231549296	12.2644600715563	0.171640894880334	0.864528189365453	0.989526271112089	-5.04843274281937	PTTG1IP	no	no	no
-0.0550911892146551	8.6288550664328	-0.17150402060169	0.864635141195517	0.989526271112089	-5.04844722970727	IRF6	no	no	no
0.1100231119853	12.4122756592104	0.171386426213352	0.86472703001374	0.989526271112089	-5.04845966678328	IFI27	no	no	no
0.0431023148699535	8.51844033952849	0.170668820089454	0.865287811871282	0.989556682547724	-5.04853537808615	EVL	no	no	no
-0.131115101429027	9.30106670625576	-0.170601435842663	0.865340473705946	0.989556682547724	-5.04854247120185	H2BC21	no	no	no
-0.0211062248154221	6.52898855819534	-0.170589980735818	0.865349426111303	0.989556682547724	-5.04854367673085	DNAJC13	no	no	no
0.0318782990104732	7.15326281179183	0.170376419807133	0.865516331714106	0.989556682547724	-5.04856613696845	INPP5D	no	no	no
-0.0374340076447548	8.4628720132292	-0.170366624804675	0.865523987012404	0.989556682547724	-5.04856716643692	ATP6V0A1	no	no	no
-0.0301311333594737	7.95725755984279	-0.170351164089283	0.865536070383401	0.989556682547724	-5.04856879125953	RPAP2	no	no	no
-0.0364502277746957	8.63954440425628	-0.169916037752011	0.865876158084817	0.989703863633164	-5.04861445990242	DUSP3	no	no	no
0.0415084871095638	7.59823059654114	0.169852697927923	0.865925665611568	0.989703863633164	-5.04862109800734	RWDD1	no	no	no
0.0670823978500144	7.73473372896957	0.169148089089015	0.866476437029554	0.989714044851024	-5.04869477543949	BAX	no	no	no
-0.0340108389482502	8.67137543400163	-0.168942275864109	0.866637327683366	0.989714044851024	-5.0487162386133	SURF1	no	no	no
-0.0344484900467781	8.20416923338257	-0.16892172221283	0.866653395431606	0.989714044851024	-5.04871838061254	MEAF6	no	no	no
0.0478593809600177	7.83456635294658	0.168803044987611	0.86674617207157	0.989714044851024	-5.04873074347504	ETS1	no	no	no
0.0433409052277895	9.16974185063531	0.168799061339767	0.866749286345391	0.989714044851024	-5.04873115830979	AK6	no	no	no
-0.0614692213083112	7.11058979395933	-0.168695537620949	0.866830218247776	0.989714044851024	-5.04874193526273	CBLB	no	no	no
0.0855085923244674	7.35069040202252	0.168469158644416	0.867007199935602	0.989714044851024	-5.04876547861324	CALB2	no	no	no
0.047876844943067	6.81841065297457	0.168066478553258	0.867322029801802	0.989714044851024	-5.04880727924057	ZNF587	no	no	no
-0.0272108480460635	7.88748655012091	-0.168008002255767	0.867367750500289	0.989714044851024	-5.048813341131	NSF	no	no	no
-0.0559552104641115	10.4635952393632	-0.167834059915668	0.8675037530241	0.989714044851024	-5.0488313602531	SH3BGRL	no	no	no
-0.0268677047043466	7.34058030132032	-0.167556971239402	0.867720412278423	0.989714044851024	-5.04886002608337	ZNF821	no	no	no
-0.0393811461751421	7.90067104335936	-0.167393890206172	0.867847932278037	0.989714044851024	-5.04887687530721	ABI1	no	no	no
-0.0473407584234679	10.58058523761	-0.166810954639745	0.868303783487032	0.989714044851024	-5.04893696920954	SERF2	no	no	no
0.0382786877471956	8.44071372659001	0.166408835021027	0.868618264422769	0.989714044851024	-5.04897830112063	CDC27	no	no	no
0.0378719963098842	8.62475005153363	0.166052668918412	0.868896825010393	0.989714044851024	-5.04901482653686	PPP2R5D	no	no	no
-0.0670585804654716	8.03188795830613	-0.166014462972761	0.868926707212002	0.989714044851024	-5.04901873997972	NTHL1	no	no	no
-0.0408661061365277	6.95284741058074	-0.165984734649933	0.868949958903441	0.989714044851024	-5.04902178443608	SERPINB9	no	no	no
0.0464757505279124	9.53120812451481	0.165786971691247	0.86910464008332	0.989714044851024	-5.04904202334721	PEX19	no	no	no
0.0490700915752283	9.09486453421294	0.16573782174307	0.869143083739354	0.989714044851024	-5.04904704957889	APH1A	no	no	no
-0.125719688873668	10.3858778841846	-0.165666542596125	0.86919883677828	0.989714044851024	-5.04905433617043	ASRGL1	no	no	no
0.0294832502996034	7.83654474203206	0.165477300682759	0.869346861060462	0.989714044851024	-5.04907366645885	TRADD	no	no	no
-0.0433937017322902	10.0092392563017	-0.16510396680225	0.869638895253357	0.989714044851024	-5.04911173631891	MGAT1	no	no	no
0.0249890853678972	6.61424640749144	0.16472648218502	0.869934195008508	0.989714044851024	-5.04915014217006	PDGFB	no	no	no
0.0341967394401007	8.30747852149796	0.164594386030815	0.870037536006859	0.989714044851024	-5.04916356110368	TSSC4	no	no	no
-0.065263454038014	8.10492770572564	-0.164538932078929	0.870080919232203	0.989714044851024	-5.04916919116811	TMEM140	no	no	no
0.0821063680366348	10.2114566106401	0.164425079788622	0.870169990430017	0.989714044851024	-5.04918074429574	NIT2	no	no	no
-0.0469758434567545	10.4763999121249	-0.164193277171302	0.870351344152796	0.989714044851024	-5.049204241726	MDH2	no	no	no
-0.0449494182604309	8.53039070694273	-0.163868784220378	0.870605227191304	0.989714044851024	-5.04923707942992	EPB41L2	no	no	no
0.0374357822260547	7.28172282405878	0.163679021039396	0.870753704159831	0.989714044851024	-5.0492562528393	DOK3	no	no	no
0.0572670565667042	9.80285874489783	0.163299044208015	0.871051024731242	0.989714044851024	-5.04929457850924	TLE5	no	no	no
-0.0255377983220891	7.74334655326385	-0.163294908408468	0.871054260975283	0.989714044851024	-5.04929499516993	ECE2	no	no	no
-0.130000490025666	8.75476235216246	-0.163143555130931	0.87117269575305	0.989714044851024	-5.04931023599301	TNNT1	no	no	no
-0.0897648761850817	7.88393405613522	-0.162997488652504	0.871286996417265	0.989714044851024	-5.04932493107349	CCNO	no	no	no
0.0906317691936637	8.08520078372209	0.162741000243038	0.871487711730859	0.989714044851024	-5.04935070340466	CKMT2	no	no	no
-0.053362317689871	8.09450537317293	-0.162731242672737	0.871495347698515	0.989714044851024	-5.04935168305962	ZMAT3	no	no	no
0.062397889191829	7.35953950957829	0.162403578951762	0.871751774217204	0.989714044851024	-5.04938454627968	CCND2	no	no	no
0.0599101983641793	9.62509061485993	0.162390433278408	0.871762062187788	0.989714044851024	-5.04938586335287	SNRNP25	no	no	no
-0.0289400340424572	10.3073618302536	-0.162282327049332	0.871846668344584	0.989714044851024	-5.04939669054656	SNRPC	no	no	no
0.0646293040224577	10.7820605612668	0.16214980669088	0.871950383571706	0.989714044851024	-5.04940995307573	LRRC47	no	no	no
0.071562854614154	11.0419416554319	0.162106142134588	0.87198455753257	0.989714044851024	-5.04941432061979	FHL2	no	no	no
-0.0852737515893445	6.8599363227287	-0.16204308838381	0.872033906836809	0.989714044851024	-5.04942062549445	MMRN2	no	no	no
-0.0382706081409047	7.68507743189736	-0.161949915884733	0.872106829660049	0.989714044851024	-5.04942993752242	CEP43	no	no	no
0.0470410555844525	8.15138609878213	0.161940967624957	0.872113833206073	0.989714044851024	-5.04943083156548	LARS2	no	no	no
-0.0245074687590672	13.2978702495696	-0.161919414847001	0.872130701989209	0.989714044851024	-5.0494329847551	RPS2	no	no	no
-0.0336945355762902	6.55742458466453	-0.161807281058119	0.872218467079395	0.989714044851024	-5.04944418265333	ZAP70	no	no	no
0.0662412849675754	9.99279699063383	0.161784497928555	0.872236299222291	0.989714044851024	-5.04944645687438	PRNP	no	no	no
-0.0300416271572675	6.99842921418712	-0.161700407542979	0.872302116564202	0.989714044851024	-5.0494548480425	BARX2	no	no	no
0.039905573209262	7.21788310015062	0.161694379177468	0.872306834986508	0.989714044851024	-5.04945544943063	CEP131	no	no	no
0.124129220334927	8.75597943462285	0.161670256593752	0.872325715862368	0.989714044851024	-5.04945785566917	FCGBP	no	no	no
-0.0248387190606289	7.1343698231651	-0.161361377908129	0.872567483520737	0.989750350416868	-5.0494886347815	SLC23A2	no	no	no
-0.0426394286146754	9.66682112784011	-0.161296089863923	0.87261858780823	0.989750350416868	-5.04949513307511	ZNF665	no	no	no
-0.0650625943392598	10.1240016079806	-0.160809640812218	0.872999373644963	0.989808213240488	-5.04954346799697	S100A6	no	no	no
-0.0520901885957569	7.82776959895386	-0.160708786122991	0.873078325167929	0.989808213240488	-5.04955347095647	EPOR	no	no	no
-0.0295729265732453	7.86802986326596	-0.160304941819162	0.873394477492815	0.989808213240488	-5.04959346223234	STAB1	no	no	no
-0.0440860232109086	9.61675016917869	-0.160297564986729	0.87340025269228	0.989808213240488	-5.0495941917998	DHX16	no	no	no
0.0879220320472157	8.23401591698344	0.160290420176448	0.873405846252119	0.989808213240488	-5.04959489838837	CADPS2	no	no	no
0.0481929051566068	10.0200830427526	0.160092157237428	0.873561065807858	0.989808213240488	-5.04961449313069	FAM32A	no	no	no
0.101015283588809	9.856300164096	0.159921893908883	0.873694368560935	0.989808213240488	-5.04963130128893	MX2	no	no	no
0.0527557755067086	8.48525654653777	0.159659572334152	0.873899752921936	0.989808213240488	-5.04965716236167	C1orf174	no	no	no
-0.0277421620438143	7.07598155184767	-0.159464443569443	0.874052534460102	0.989808213240488	-5.04967637171556	CBX8	no	no	no
-0.057931342576064	8.98572843446891	-0.159440637957509	0.874071174064416	0.989808213240488	-5.04967871364205	SLC35A3	no	no	no
0.0440908977461075	10.8509838810143	0.159260708133784	0.874212060021106	0.989808213240488	-5.04969640332219	SNX6	no	no	no
0.0438765964069701	6.95398053739688	0.159075163134294	0.874357347012961	0.989808213240488	-5.04971462417019	PLEKHB1	no	no	no
0.0459613564206472	6.98007323171325	0.15892388374153	0.87447580630977	0.989808213240488	-5.04972946438204	KRT4	no	no	no
-0.0242969483707408	6.86747643842323	-0.158898328931908	0.874495817285745	0.989808213240488	-5.04973196986703	TRIO	no	no	no
-0.0494369718384915	7.55118419284107	-0.158500505475418	0.874807348046856	0.99001314794624	-5.0497709220295	MAP4K4	no	no	no
-0.0499688856202355	7.33859926064532	-0.158121614322563	0.875104071829216	0.990147490533879	-5.04980792983375	VSIG10	no	no	no
0.0561729269024508	7.52139297931957	0.158015681963806	0.875187034661403	0.990147490533879	-5.04981826085048	HLX	no	no	no
-0.0875833368159573	9.18474805230791	-0.157784344166426	0.875368215954946	0.990204833432637	-5.04984079795917	TGFB1I1	no	no	no
0.0514267826367842	10.0525338775923	0.157486768323053	0.875601284124006	0.990291111930214	-5.04986973955502	TOMM34	no	no	no
-0.0330923229808483	7.51248363788182	-0.15735370805891	0.875705503565068	0.990291111930214	-5.04988266306626	SFI1	no	no	no
-0.034335441932875	7.19859814429755	-0.156512610732115	0.876364344543927	0.990402562248668	-5.0499641024941	ZNF93	no	no	no
0.0876124445769535	8.16629447555331	0.156489241611953	0.87638265110688	0.990402562248668	-5.04996635899202	DONSON	no	no	no
-0.0413960100849382	8.01175153230031	-0.156483025057085	0.876387520953144	0.990402562248668	-5.04996695919943	LRRC20	no	no	no
-0.0280721592895245	8.74125104261045	-0.156232790780186	0.876583550342326	0.990402562248668	-5.04999109951515	AP2A2	no	no	no
-0.0534972694718524	9.57870277327017	-0.156212453420127	0.876599482638029	0.990402562248668	-5.04999305978291	TCTA	no	no	no
0.0442658966654312	7.53082936639428	0.155801364178942	0.876921541197999	0.990402562248668	-5.05003262903028	APLNR	no	no	no
0.0354769807748264	7.69781364272592	0.155710667664562	0.876992598171736	0.990402562248668	-5.05004134497328	REXO2	no	no	no
0.0630079050541785	7.63045437208914	0.155604704063873	0.877075617577148	0.990402562248668	-5.0500515216661	KCNMB4	no	no	no
-0.0386678425034911	8.88489770367079	-0.155588745827198	0.877088120513698	0.990402562248668	-5.05005305368813	PAICS	no	no	no
0.0512878651587289	11.6815042634912	0.15556173853583	0.877109280220223	0.990402562248668	-5.05005564608367	EIF3D	no	no	no
-0.0238149580141194	7.83294296237919	-0.154844974331253	0.87767088471796	0.990839959227204	-5.0501242831643	TXLNA	no	no	no
0.0236550710493082	7.39667848467889	0.154728989643179	0.877761767916388	0.990839959227204	-5.0501353600661	GOSR2	no	no	no
-0.0388770830699938	8.46648855862851	-0.154567408375012	0.877888382430745	0.990839959227204	-5.05015077777001	TOMM22	no	no	no
-0.0414359256116986	9.58659781495643	-0.154054845665845	0.878290046156611	0.991034443646484	-5.05019957886254	DRAP1	no	no	no
-0.031401969945194	7.8465715900141	-0.15397036265552	0.878356253388863	0.991034443646484	-5.05020760695275	POLR3E	no	no	no
0.0568634770052397	12.7855344854477	0.153356230112812	0.878837560220639	0.991034443646484	-5.05026583341116	PHB2	no	no	no
0.0290041687593608	8.58427030087097	0.153318939470493	0.878866787069512	0.991034443646484	-5.05026936148785	POLR2B	no	no	no
-0.0389059713518467	6.80074362958296	-0.152948903021797	0.879156815447848	0.991034443646484	-5.05030432429752	TRIM13	no	no	no
-0.0231516619567525	7.66482791389592	-0.152511715778559	0.87949949712826	0.991034443646484	-5.05034552312707	P2RX1	no	no	no
-0.0536149540711565	10.5042326410006	-0.152355498896797	0.879621950707445	0.991034443646484	-5.05036021584494	SMAP1	no	no	no
-0.0698253351716722	7.1292795025135	-0.15226717262325	0.879691188259242	0.991034443646484	-5.05036851657154	ZDHHC11	no	no	no
-0.0406280928367273	8.83385120888786	-0.151967651900102	0.879925984846792	0.991034443646484	-5.05039662914574	CDC42	no	no	no
-0.0497279133163656	9.18002698712072	-0.151796835687875	0.880059893879074	0.991034443646484	-5.05041263695548	CCNL2	no	no	no
0.0288321337751798	7.77018149218423	0.151783843905827	0.880070078754217	0.991034443646484	-5.05041385372712	TAF4	no	no	no
0.031879735033835	7.98020411124672	0.151651775670284	0.880173614483665	0.991034443646484	-5.05042621694346	SLC25A28	no	no	no
-0.059019575630584	8.7407763858277	-0.1516056070664	0.880209809153408	0.991034443646484	-5.05043053635954	TMEM187	no	no	no
-0.0393484967243646	7.26295148638591	-0.151417583267608	0.880357216314537	0.991034443646484	-5.0504481138191	ETS2	no	no	no
-0.0458376620022489	9.39391080441972	-0.15126883412077	0.880473835920439	0.991034443646484	-5.05046200424482	POLR1C	no	no	no
-0.0718842475470601	8.79467230883541	-0.151163055263054	0.880556768373369	0.991034443646484	-5.05047187374457	KIF2C	no	no	no
0.0280780731566728	6.65025435067916	0.151108881741231	0.880599241876159	0.991034443646484	-5.05047692563505	ANGPT4	no	no	no
0.0334011408727616	7.00785427870709	0.150948768267503	0.880724777237961	0.991034443646484	-5.05049184626655	FAAP24	no	no	no
-0.0603453706102702	9.02713296597875	-0.150898040567825	0.880764550429168	0.991034443646484	-5.05049657017741	ESPL1	no	no	no
0.0372476861140333	8.39456599587906	0.150770303364213	0.880864704510931	0.991034443646484	-5.05050845841459	SDHA	no	no	no
-0.0478856147488081	10.6180915580342	-0.150714092869013	0.880908777734964	0.991034443646484	-5.05051368662383	CTSL	no	no	no
0.0527296614330955	7.69361342177557	0.150647701592507	0.880960833943376	0.991034443646484	-5.05051985925296	SMARCD3	no	no	no
-0.0414505997489709	10.3995254813921	-0.150515333889839	0.881064622672533	0.991034443646484	-5.0505321578364	VGLL4	no	no	no
-0.0282250069019384	7.14550739108358	-0.150173341280214	0.881332786832564	0.991075135390199	-5.05056388317002	LHX6	no	no	no
-0.067961700497709	10.3871250109226	-0.149687603737705	0.881713688859069	0.991075135390199	-5.05060881930756	MAFB	no	no	no
-0.0329426006777508	7.75761511819941	-0.149538278319055	0.881830791443995	0.991075135390199	-5.05062260435952	SHB	no	no	no
-0.049031039866678	9.75293818280207	-0.149524496194412	0.881841599667897	0.991075135390199	-5.05062387597084	RABGGTB	no	no	no
-0.0371943624032573	9.86345852891237	-0.149506008112467	0.8818560984355	0.991075135390199	-5.05062558159475	ILF3	no	no	no
0.0631234206015487	8.80156874935317	0.149215487083558	0.882083936907564	0.991075135390199	-5.05065235604889	MMP14	no	no	no
-0.0479656167813698	8.63397624897502	-0.14902436609035	0.882233827316742	0.991075135390199	-5.05066994142517	ARFRP1	no	no	no
0.0344922953220223	7.62281953641486	0.148983635081298	0.882265771978739	0.991075135390199	-5.05067368624717	NDUFS4	no	no	no
-0.0328327680880009	7.5303947481626	-0.148536655323205	0.882616343883023	0.991075135390199	-5.05071471455041	TK2	no	no	no
-0.0373837906329576	6.73945020541801	-0.148535501407599	0.882617248944536	0.991075135390199	-5.0507148203091	SH2D3A	no	no	no
-0.0340214347009069	7.13669670372127	-0.148447149917849	0.882686546973049	0.991075135390199	-5.05072291546469	SLC22A5	no	no	no
-0.0315820477435942	8.92142979276246	-0.147915906819519	0.883103244297221	0.991075135390199	-5.05077148891004	LMNA	no	no	no
0.0396624823351595	10.8591313497003	0.147899183984846	0.883116361925798	0.991075135390199	-5.05077301511519	TPD52L2	no	no	no
-0.0295860433508638	8.10218813078429	-0.147533650292874	0.883403100019333	0.991075135390199	-5.05080633240491	ITGB1BP1	no	no	no
0.119641320898395	8.30781522813181	0.147409357241431	0.883500603672999	0.991075135390199	-5.05081764258369	OLFML2B	no	no	no
0.0392319622623435	9.81625930579624	0.147306871581884	0.8835810015471	0.991075135390199	-5.05082696121523	DENND5A	no	no	no
0.0311119387723073	8.6375040646538	0.146982706451446	0.883835310537624	0.991075135390199	-5.05085639370874	NUDT3	no	no	no
-0.0566820651331172	10.5494976508238	-0.146961357965152	0.883852058955611	0.991075135390199	-5.0508583297668	PFKM	no	no	no
-0.0363570117921424	8.51410730727254	-0.146130664727913	0.884503800100881	0.991075135390199	-5.05093344586782	HAGH	no	no	no
0.0539178089456339	9.44668849341324	0.146081986152799	0.884541994608337	0.991075135390199	-5.05093783447854	P2RX4	no	no	no
-0.0314855914853114	6.96028479379051	-0.146065686638324	0.884554783703911	0.991075135390199	-5.05093930363287	GALT	no	no	no
-0.0350590100228178	7.89683478999722	-0.14586208117953	0.88471454137233	0.991075135390199	-5.05095764178625	ALMS1	no	no	no
-0.0506354971505638	8.38314008184996	-0.145751678690739	0.884801169980112	0.991075135390199	-5.05096757473744	GNG12	no	no	no
0.0287116962557143	8.17533266425433	0.145740211146647	0.884810168204851	0.991075135390199	-5.05096860604588	AKAP11	no	no	no
-0.0479224832368897	7.52713241740384	-0.145651437065855	0.884879826981898	0.991075135390199	-5.0509765870065	ARID4A	no	no	no
-0.0416601167146876	8.14639579359257	-0.145640778604231	0.884888190469251	0.991075135390199	-5.05097754489618	ZNF133	no	no	no
-0.100133730583126	7.49694765510599	-0.145546666709013	0.884962038817576	0.991075135390199	-5.05098599981554	FLRT3	no	no	no
-0.0338655210970069	7.06727699456858	-0.145445224718989	0.885041640152142	0.991075135390199	-5.05099510715145	N4BP2L2	no	no	no
-0.0698843653761421	8.64932537612943	-0.145391327575516	0.885083933625754	0.991075135390199	-5.05099994339054	PKP3	no	no	no
-0.027003815709961	7.67485619652704	-0.145380047593231	0.885092785151358	0.991075135390199	-5.05100095532697	ZMYND8	no	no	no
0.0428431111669265	7.26772653411343	0.144963045181002	0.885420021920359	0.991075135390199	-5.05103830992844	PLXDC1	no	no	no
-0.0376106817370694	6.693827272087	-0.144127782285641	0.886075543509136	0.991075135390199	-5.05111280955722	GDF1	no	no	no
0.0931141675399356	11.0612749985241	0.144120668054481	0.886081127167009	0.991075135390199	-5.05111344225059	H2AC18	no	no	no
0.0296429156358202	6.632343209838	0.143943548713428	0.886220142501938	0.991075135390199	-5.05112918403672	H1-3	no	no	no
-0.0393084864088516	7.25833807874043	-0.143551129745427	0.886528152570697	0.991075135390199	-5.05116399208458	SRR	no	no	no
-0.0249140975357454	13.0660690504854	-0.14353423947809	0.886541410158368	0.991075135390199	-5.05116548814207	FAU	no	no	no
-0.0317468018893598	7.75154084842262	-0.143430636970718	0.886622731042369	0.991075135390199	-5.05117466090044	CTDSPL	no	no	no
-0.0528277298634703	8.3521694092489	-0.143253209842772	0.886762002075949	0.991075135390199	-5.05119035457923	SYK	no	no	no
0.0727022107584974	9.02119924189925	0.143183020080248	0.886817098375319	0.991075135390199	-5.05119655760718	LRRC32	no	no	no
0.0309744496690018	8.26944158096367	0.143069294890285	0.886906369534891	0.991075135390199	-5.05120660163871	TRIM8	no	no	no
0.040724038630494	8.46467632414052	0.142931541001523	0.887014504554582	0.991075135390199	-5.05121875717343	ASB8	no	no	no
0.0557950603093519	8.81978103009514	0.142810731575408	0.887109340182935	0.991075135390199	-5.05122940788776	KAZN	no	no	no
-0.0264046437763177	7.21782929902147	-0.142794475462398	0.887122101390224	0.991075135390199	-5.05123084036104	COQ10B	no	no	no
0.039291160964331	7.9074788226973	0.142741981999975	0.88716330947717	0.991075135390199	-5.05123546492322	USP24	no	no	no
0.0322060143047388	6.8725351740423	0.142466112280325	0.887379876174012	0.991075135390199	-5.051259740546	CD180	no	no	no
-0.0793061183036182	7.75369891334459	-0.142152171994566	0.88762634009319	0.991075135390199	-5.05128730919823	SETBP1	no	no	no
0.0444044481657265	9.47598798830086	0.142111836170449	0.887658007203033	0.991075135390199	-5.05129084688366	TMEM164	no	no	no
0.0283912460835335	9.35575624592227	0.141606979719282	0.888054378861889	0.991075135390199	-5.05133504090758	RPL35A	no	no	no
0.0578075797297679	9.33462358743144	0.141522098881797	0.888121023145989	0.991075135390199	-5.05134245576515	MAGEH1	no	no	no
0.0277750258673007	8.37450234073124	0.141456842270734	0.88817226000366	0.991075135390199	-5.0513481533082	LMBR1L	no	no	no
-0.0511924897392655	8.9183592794754	-0.141444838408989	0.88818168500419	0.991075135390199	-5.05134920107745	PISD	no	no	no
0.0692376043741461	10.7982356424468	0.141391006888219	0.888223951779559	0.991075135390199	-5.05135389872432	CXCR4	no	no	no
-0.0634598704859646	8.17258459100649	-0.140997804883945	0.888532691294443	0.991075135390199	-5.05138815762093	NSD2	no	no	no
0.0330710616567175	10.6013784128178	0.140962925166138	0.888560079455616	0.991075135390199	-5.05139119201937	CALR	no	no	no
0.0320434787058362	7.08098313849212	0.140530862742708	0.888899353796732	0.991075135390199	-5.05142871758616	LOXL2	no	no	no
-0.0310897176534036	11.953935827829	-0.140452543387437	0.888960855843115	0.991075135390199	-5.0514355074762	NACA	no	no	no
-0.0570308231200512	9.67087251425104	-0.140386291204287	0.88901288240977	0.991075135390199	-5.05144124825229	SMYD3	no	no	no
-0.0344832268562363	8.7418944733822	-0.140256674047709	0.889114669703984	0.991075135390199	-5.05145247180348	TARS1	no	no	no
0.0203973886166505	7.35719247797145	0.13994376293104	0.889360404044737	0.991075135390199	-5.05147952411127	CNPY4	no	no	no
0.059200540038544	7.83563105011349	0.139837827314226	0.889443599554117	0.991075135390199	-5.05148866895911	NPIPB15	no	no	no
0.0238629762121548	7.55915384648258	0.139427508973239	0.889765850973535	0.991075135390199	-5.05152402424332	CIB2	no	no	no
0.0446611808428	11.551584639694	0.139336884939638	0.889837026849826	0.991075135390199	-5.051531818919	PSMB5	no	no	no
0.0491651146722787	9.53629702263744	0.139161438713205	0.889974824464224	0.991075135390199	-5.05154689486251	DLD	no	no	no
-0.0299771708995352	11.3810618424547	-0.139022156320978	0.890084221011132	0.991075135390199	-5.05155884977049	CAP1	no	no	no
0.0337323128898213	7.53979307390068	0.138944550724494	0.890145175702408	0.991075135390199	-5.05156550563933	SPC24	no	no	no
-0.0675124688370709	9.43429188370842	-0.138634639365586	0.890388599784998	0.991075135390199	-5.0515920482778	SLC15A3	no	no	no
0.0391629496540525	8.53996034694276	0.138618325668539	0.890401413896335	0.991075135390199	-5.05159344383913	C9orf78	no	no	no
0.023472051439024	7.70578404334527	0.138438096127004	0.890542982884215	0.991075135390199	-5.05160885072688	MPP2	no	no	no
-0.0242817034722085	7.25943268603112	-0.13827930325137	0.890667716521887	0.991075135390199	-5.05162240851569	NUP62	no	no	no
-0.0440804278077558	9.67419044259971	-0.138206850589215	0.890724629855706	0.991075135390199	-5.05162858938515	UTP3	no	no	no
0.0458414738058187	10.6497998787359	0.137984535220723	0.890899267639054	0.991075135390199	-5.05164753470878	THAP12	no	no	no
0.110561550379608	7.23277588585844	0.137952775831837	0.890924216381054	0.991075135390199	-5.05165023870122	CXCL14	no	no	no
-0.0421044749987432	10.1703288597698	-0.137639849294989	0.891170043314308	0.991075135390199	-5.05167684800842	WBP1L	no	no	no
0.045615499893248	9.88634299120694	0.13757885743338	0.891217958193461	0.991075135390199	-5.05168202734518	CD151	no	no	no
-0.0415315673153039	7.80360375854389	-0.13736051628176	0.89138948920054	0.991075135390199	-5.0517005497508	ASCC2	no	no	no
0.0312781212291012	8.77908797496272	0.137011467967982	0.891663715997427	0.991075135390199	-5.05173009932762	HEBP2	no	no	no
0.0327302921119596	8.53017843231881	0.136910518981384	0.891743028200413	0.991075135390199	-5.05173863142273	ATP2C1	no	no	no
-0.103409834907401	11.0958304429301	-0.136729915050903	0.891884925394497	0.991075135390199	-5.0517538801938	IFIT1	no	no	no
-0.0337441811671532	6.46737158091182	-0.136644370214752	0.891952137653732	0.991075135390199	-5.05176109590846	SNRPN	no	no	no
0.0397677842919227	7.62116851417069	0.136402505856417	0.892142173926115	0.991075135390199	-5.05178147278486	AGBL5	no	no	no
0.0498588882605748	9.0993569414337	0.136396582203744	0.892146828304923	0.991075135390199	-5.05178197139546	CCNH	no	no	no
-0.0437679122873817	9.41174918063753	-0.135907943947516	0.892530778216309	0.991075135390199	-5.051823026984	RRAS	no	no	no
-0.0389350496839245	11.6221504897724	-0.135782438862785	0.892629398667151	0.991075135390199	-5.05183354821914	TMEM123	no	no	no
-0.0474247139474632	11.1367290018443	-0.135621908338606	0.89275554421065	0.991075135390199	-5.05184699152602	RCN2	no	no	no
-0.0304165853649583	7.46242026713734	-0.135524986887456	0.892831706844303	0.991075135390199	-5.05185510032862	SLC39A14	no	no	no
0.0449516475672864	8.51351732416116	0.135424606017288	0.892910589030919	0.991075135390199	-5.05186349245511	C1RL	no	no	no
-0.0369546793023121	9.10518227050499	-0.135366115419788	0.892956553137386	0.991075135390199	-5.05186837957174	PRRC2A	no	no	no
0.0201342254052776	8.09559270528822	0.135251052084069	0.89304697531086	0.991075135390199	-5.05187798740602	SP3	no	no	no
-0.0479449007585623	8.33531678376018	-0.134959455198804	0.8932761322824	0.991075135390199	-5.05190229931666	MID1	no	no	no
-0.0328176858637933	7.88839688932327	-0.134674243739552	0.893500280069493	0.991075135390199	-5.0519260281409	ZMAT5	no	no	no
0.0242063327167373	6.81325018003052	0.134636588155035	0.893529874265276	0.991075135390199	-5.05192915723706	ZFHX3	no	no	no
-0.0306168232377982	6.9262123461343	-0.134226137376935	0.893852464800574	0.991075135390199	-5.05196320810829	SLC12A9	no	no	no
0.0360587134853593	9.31278955167168	0.134032768703556	0.894004447679897	0.991075135390199	-5.05197921392958	CLNS1A	no	no	no
-0.0213700760512556	7.90663077316456	-0.134022086029808	0.894012844108378	0.991075135390199	-5.05198009750113	GRIP2	no	no	no
-0.0664607804609256	9.68935325649526	-0.133614940942685	0.894332863468846	0.991075135390199	-5.05201372033161	TYROBP	no	no	no
-0.0401980170161415	10.3283904060884	-0.133392057757532	0.894508059017312	0.991075135390199	-5.05203208317871	IGFBP7	no	no	no
0.0444196386482498	11.0420104254509	0.133225991947697	0.894638597185867	0.991075135390199	-5.0520457450622	PSMB3	no	no	no
-0.0298611916009165	6.78094802756889	-0.132927119448974	0.894873537203139	0.991075135390199	-5.05207028984428	KRR1	no	no	no
0.0370787891773424	9.82308435714592	0.132874542691011	0.894914868137935	0.991075135390199	-5.05207460199405	SRSF5	no	no	no
0.0296351616038003	8.02779617356634	0.132780915235427	0.894988470027017	0.991075135390199	-5.05208227675009	ZBTB38	no	no	no
0.0538056107640495	8.35734108115167	0.132759063491064	0.895005648132204	0.991075135390199	-5.05208406718633	PAK6	no	no	no
0.0398185349377941	8.62614844795943	0.132688787350233	0.895060893995887	0.991075135390199	-5.0520898233101	SLC35E2B	no	no	no
-0.0263554837502095	8.59415022531726	-0.132300378004303	0.895366241969853	0.991075135390199	-5.05212158193244	EHMT2	no	no	no
0.0303065203603611	7.36043987840226	0.132216636085138	0.895432077777378	0.991075135390199	-5.05212841697578	KRT7	no	no	no
0.0296158684398191	7.48103736752557	0.132137862008323	0.895494008671817	0.991075135390199	-5.05213484259643	CFDP1	no	no	no
-0.0347691800538916	8.44540108662228	-0.132122781221599	0.8955058650156	0.991075135390199	-5.05213607230363	SMARCD1	no	no	no
-0.105791325876745	9.86972647270216	-0.131701304926386	0.895837234672633	0.991075135390199	-5.05217038332473	EGFL6	no	no	no
0.0404816915596012	9.0805480836213	0.131483018554855	0.896008861404088	0.991075135390199	-5.05218811026897	ECD	no	no	no
0.0399770096512326	8.57761777182275	0.131468750600205	0.896020079698297	0.991075135390199	-5.05218926794087	CTNNB1	no	no	no
-0.0327835072976428	10.6890229849967	-0.131116801698648	0.896296809164133	0.991075135390199	-5.0522177846099	RTCB	no	no	no
0.0215583800435811	9.76355369397796	0.131009761685798	0.896380974898949	0.991075135390199	-5.05222644238684	UQCR11	no	no	no
0.0398226292592647	8.0902888194868	0.130766453213912	0.896572293232747	0.991075135390199	-5.05224609576772	IQCG	no	no	no
-0.0439365862908435	10.2172923407595	-0.130425777187415	0.89684018408922	0.991075135390199	-5.05227355274749	STAG2	no	no	no
0.0410477389126176	9.15974980349968	0.130210263649107	0.897009659616362	0.991075135390199	-5.05229088523879	RHOQ	no	no	no
-0.0394511146346054	8.29775347191368	-0.129691114710798	0.897417927896157	0.991075135390199	-5.05233251978825	ELAVL1	no	no	no
-0.0356435517136416	9.8459537183424	-0.129686636799825	0.89742144953024	0.991075135390199	-5.05233287818367	USP21	no	no	no
0.0516181533326159	7.64522856703112	0.129677914405636	0.897428309226141	0.991075135390199	-5.05233357625634	VILL	no	no	no
-0.042325027252816	7.98503580597845	-0.129620064585617	0.897473805212302	0.991075135390199	-5.05233820491942	MTUS1	no	no	no
-0.0679376524723528	7.41878558653168	-0.129070665400902	0.897905897528896	0.991075135390199	-5.05238206045459	ANXA9	no	no	no
-0.0269981253913892	8.21379456841484	-0.128853684938241	0.898076557298649	0.991075135390199	-5.05239932956302	ENG	no	no	no
-0.0387355492668919	7.47413703876556	-0.128796105868158	0.898121845287281	0.991075135390199	-5.05240390731102	NUMA1	no	no	no
0.0371918505579204	7.81612275826715	0.12878226758202	0.898132729643232	0.991075135390199	-5.05240500720108	SH3GLB2	no	no	no
0.0371401661886636	10.4010087468907	0.128560631002117	0.898307058227035	0.991075135390199	-5.05242260715896	HSBP1	no	no	no
-0.0619090155768373	11.4186468917934	-0.128261673268232	0.898542211928322	0.991075135390199	-5.05244629914558	KPNA2	no	no	no
0.0343881640563713	7.71073091472712	0.12784773212409	0.89886782432193	0.991075135390199	-5.05247901244622	PEX11A	no	no	no
0.0412232221272702	8.3536740723908	0.127622486086489	0.899045013687108	0.991075135390199	-5.05249676900641	KDM5A	no	no	no
0.0339309842124297	9.37504406149701	0.127583450410332	0.899075721557187	0.991075135390199	-5.05249984308068	ATXN7L3B	no	no	no
-0.0255146229455659	8.14651279807295	-0.127582650792232	0.89907635058773	0.991075135390199	-5.05249990604108	UBXN1	no	no	no
0.0424945114033811	9.44428873334812	0.127459482288675	0.899173243563534	0.991075135390199	-5.0525095993883	SEPHS1	no	no	no
-0.08438007893374	8.42197712715585	-0.127306053620146	0.899293943481845	0.991075135390199	-5.05252166112559	EGR2	no	no	no
0.0255790100757286	8.13151642775684	0.126918537359288	0.899598807155687	0.991075135390199	-5.05255206095409	PYGB	no	no	no
0.0441919999050393	10.7810319407274	0.126850672165613	0.899652199094298	0.991075135390199	-5.05255737530814	RNF4	no	no	no
-0.0693455906449914	7.66500712056294	-0.126828790701673	0.899669414113071	0.991075135390199	-5.05255908818566	FZD2	no	no	no
-0.0292638214569512	8.9459100355625	-0.126641335337498	0.899816894712453	0.991075135390199	-5.05257375006546	BBX	no	no	no
-0.0158872050287202	6.88788259596142	-0.126591452183229	0.89985614091202	0.991075135390199	-5.05257764804245	GCGR	no	no	no
0.0415551689315011	7.72748176598229	0.126260395218028	0.900116610566663	0.991075135390199	-5.05260347867072	GPR143	no	no	no
-0.0592637878082843	9.35460451675861	-0.126193005851548	0.900169632671142	0.991075135390199	-5.05260872843038	TNFSF13	no	no	no
-0.0524966315706429	8.99912659191308	-0.126180254172947	0.900179665772331	0.991075135390199	-5.05260972149535	ESRP2	no	no	no
-0.0168117196002176	13.6663055671509	-0.126079763183204	0.900258733294917	0.991075135390199	-5.05261754394384	RPS17	no	no	no
-0.0298206628332484	7.76295242119615	-0.126012789400697	0.900311429643791	0.991075135390199	-5.05262275387889	COQ7	no	no	no
0.0268703290061989	8.20371920934591	0.125975591301177	0.900340698069714	0.991075135390199	-5.05262564634927	GPR137	no	no	no
0.0384963635356704	8.73952087368417	0.125817007555487	0.90046547743231	0.991075135390199	-5.05263796802096	ITGB5	no	no	no
-0.034621902337699	7.20865636126275	-0.125368546584465	0.900818356337321	0.991075135390199	-5.05267272871132	TACC2	no	no	no
0.0400618084642562	7.89765377112638	0.125237541645696	0.900921443565794	0.991075135390199	-5.05268285964323	MEF2C	no	no	no
0.0275056027027793	6.56578857871721	0.125172841383513	0.900972356564969	0.991075135390199	-5.05268785916923	CLIP1	no	no	no
0.0212366606900446	6.70188499981424	0.125166059302928	0.900977693446646	0.991075135390199	-5.05268838308548	TMED3	no	no	no
0.0436621528458561	9.07264242202681	0.125056042592276	0.901064267256723	0.991075135390199	-5.05269687792375	ATP6V1C1	no	no	no
0.0525341487227635	7.19841688172895	0.125052823923003	0.901066800094503	0.991075135390199	-5.05269712633796	MSX1	no	no	no
0.0483930351903585	9.12432592048152	0.124952849502451	0.901145472564062	0.991075135390199	-5.05270483910004	NELFA	no	no	no
-0.0251035819053317	8.70904384421142	-0.12484033680031	0.9012340129356	0.991075135390199	-5.05271351178744	TFAP4	no	no	no
-0.0278404144915377	7.95263950528553	-0.124449471837952	0.901541608788337	0.991075135390199	-5.05274357972948	FAF1	no	no	no
-0.0315086452435497	7.8993984473297	-0.124422333289319	0.901562966362294	0.991075135390199	-5.05274566391077	NUDT2	no	no	no
-0.0357302447475032	12.377752916171	-0.124313860485343	0.901648333341734	0.991075135390199	-5.05275398985056	HMGN3	no	no	no
0.0340458010593237	10.7156861765257	0.124221956778727	0.901720661533781	0.991075135390199	-5.05276103833556	MRPL24	no	no	no
-0.0348763936843151	9.47634374119746	-0.123962237092176	0.901925065420869	0.991075135390199	-5.05278092918705	TAB2	no	no	no
-0.0270865438697385	7.39953539553344	-0.123433664707273	0.902341081811185	0.991075135390199	-5.05282128190002	CNTFR	no	no	no
0.0212912814050868	7.9245473332521	0.123394255617226	0.902372100109816	0.991075135390199	-5.05282428360119	NDUFB6	no	no	no
0.0400167832919174	11.2055078889957	0.123248905426455	0.902486504379937	0.991075135390199	-5.0528353463173	GNB1	no	no	no
0.0346331588208755	11.039307089105	0.123200511215091	0.902524595641046	0.991075135390199	-5.05283902674792	NELFCD	no	no	no
0.0342649278119667	9.22562649764843	0.123192167552368	0.902531162992035	0.991075135390199	-5.05283966114629	SRSF8	no	no	no
-0.0476565000429577	10.2874038968003	-0.122973609166106	0.90270319417213	0.991075135390199	-5.05285626363016	GLUD1	no	no	no
-0.0270437536131573	9.86192602401895	-0.122839637496179	0.902808647987232	0.991075135390199	-5.05286642604185	ELOB	no	no	no
-0.025965430835728	6.77685787322851	-0.122735419016127	0.902890683247555	0.991075135390199	-5.0528743238746	PANK2	no	no	no
-0.0260684525970058	8.20125827677523	-0.122724489635999	0.902899286338164	0.991075135390199	-5.05287515173145	FCHSD2	no	no	no
0.0286858766436766	11.3968109728982	0.122720662300966	0.902902299037895	0.991075135390199	-5.05287544161936	EIF4A3	no	no	no
-0.0404129039240159	7.50691661295061	-0.122627379812898	0.902975727111739	0.991075135390199	-5.05288250417785	HSPA12A	no	no	no
0.0268058440237935	6.68334601273706	0.122351077077774	0.903193226110172	0.991075135390199	-5.05290339199511	ATXN1	no	no	no
-0.0257439337355539	8.20924512462505	-0.122138142089021	0.903360848645716	0.991075135390199	-5.05291945724816	ACAA2	no	no	no
0.0354612266050238	9.15692206912847	0.121889379810816	0.903556680090284	0.991075135390199	-5.05293819014585	CCS	no	no	no
0.0281310217696103	7.41077326084001	0.121409627574933	0.903934369339241	0.991075135390199	-5.05297420985707	CIR1	no	no	no
0.0633896975054712	10.3881164446811	0.121064646403928	0.904205972774411	0.991075135390199	-5.05300002326592	PLTP	no	no	no
-0.04402444283327	8.51272681354732	-0.120908758130637	0.904328707311827	0.991075135390199	-5.05301166362134	ZNF331	no	no	no
-0.042452969744439	9.44505701558068	-0.12062370993298	0.904553138641067	0.991075135390199	-5.05303290974634	SLC4A2	no	no	no
-0.027108807887885	8.9828048333902	-0.120434566003587	0.904702064563585	0.991075135390199	-5.0530469799757	LZTR1	no	no	no
0.0575038164500226	8.05378532176586	0.120365407428997	0.904756518695395	0.991075135390199	-5.05305211910604	WFDC1	no	no	no
0.0454905430421855	10.0395522935623	0.120268696152105	0.904832668072779	0.991075135390199	-5.05305930071479	RPL31	no	no	no
-0.0271003233186574	7.13504314023342	-0.120171340842792	0.904909325469251	0.991075135390199	-5.05306652432336	BMERB1	no	no	no
-0.0336367017488972	7.56005712288418	-0.120129582988409	0.904942205810326	0.991075135390199	-5.05306962089855	ARHGAP5	no	no	no
-0.0209667831463866	6.7795628976958	-0.119994588337205	0.905048502420527	0.991075135390199	-5.05307962414008	CD4	no	no	no
0.0249975890354891	7.30356829995304	0.11990568085721	0.905118510332343	0.991075135390199	-5.05308620613785	AUTS2	no	no	no
0.0206351827234345	7.65934583754816	0.119750675929491	0.905240566807435	0.991075135390199	-5.05309766980497	TOLLIP	no	no	no
-0.0602444834984723	9.66776109687092	-0.119739900159019	0.905249052124262	0.991075135390199	-5.05309846619562	CSF1R	no	no	no
0.0181164797060205	7.5523648506266	0.119392354810672	0.905522730657057	0.991075135390199	-5.05312411337657	DHX30	no	no	no
-0.0333052627766028	8.18813285125198	-0.119288229110481	0.905604727885833	0.991075135390199	-5.05313178285424	SRPK2	no	no	no
0.0403414297575175	9.54705172768222	0.118859839372226	0.905942088514771	0.991075135390199	-5.05316326597544	MYG1	no	no	no
0.0342181456664187	9.61201167989493	0.118674815165628	0.906087802117689	0.991075135390199	-5.05317682873996	TCEAL1	no	no	no
0.0350094902773249	8.24033639586646	0.118614546336852	0.906135266820584	0.991075135390199	-5.05318124204681	MAPKAP1	no	no	no
0.0257959474865365	7.99385435771702	0.118444102025841	0.906269502078777	0.991075135390199	-5.053193711052	ITPR3	no	no	no
0.0287995559158309	8.32248988755185	0.118364268447811	0.906332376829085	0.991075135390199	-5.05319954518808	VAPB	no	no	no
-0.0358868861616781	11.0492753290692	-0.118341986678255	0.906349925452041	0.991075135390199	-5.05320117280987	HDAC1	no	no	no
0.0269799543584345	7.41733443169716	0.118305092019442	0.906378982963569	0.991075135390199	-5.05320386718975	AGK	no	no	no
0.0249714145350712	6.77993779342922	0.118259383592595	0.906414982206322	0.991075135390199	-5.05320720406617	VPS13B	no	no	no
0.0277986646582004	8.13575058924581	0.11822008084024	0.906445936599121	0.991075135390199	-5.0532100722756	GUSB	no	no	no
-0.0493140619700876	8.07981083214913	-0.117980426360605	0.906634688875291	0.991075135390199	-5.05322754100454	GADD45B	no	no	no
0.0336779477082671	9.8831351125321	0.117862858036798	0.906727287884156	0.991075135390199	-5.05323609776483	DPP3	no	no	no
0.029815712826185	8.03254890388025	0.117850298608238	0.906737180002419	0.991075135390199	-5.05323701135086	USP20	no	no	no
0.0291068331789935	7.89609433854031	0.117566127138317	0.906961004519456	0.991075135390199	-5.05325765628362	PXMP4	no	no	no
0.0731057901106555	9.7078786980952	0.117546300086717	0.906976621363186	0.991075135390199	-5.05325909485186	ALOX5AP	no	no	no
-0.0301663301940004	8.3668514973165	-0.117399362550823	0.90709235836649	0.991075135390199	-5.05326974847195	ORC2	no	no	no
-0.0346886070420538	8.69981059030364	-0.117174525329469	0.907269457886373	0.991093061441122	-5.05328602439074	BAK1	no	no	no
0.0166908247480573	7.69361244963776	0.116950697213272	0.907445767296592	0.991093061441122	-5.05330219629739	ERGIC3	no	no	no
-0.073387474769442	7.50526311712698	-0.11688108091322	0.907500605020152	0.991093061441122	-5.05330721987758	SLC6A13	no	no	no
0.0333368593683266	8.79493744331201	0.116503077344577	0.907798371627107	0.991217236190498	-5.05333444481451	QTRT1	no	no	no
0.0199926795771243	7.70337202016107	0.116001480833157	0.908193517414435	0.991217236190498	-5.0533704352447	SCFD1	no	no	no
-0.0540058800366127	9.20454975982728	-0.115721489283468	0.908414098325933	0.991217236190498	-5.05339045765488	ITGA3	no	no	no
0.0415939012434582	8.32150865766955	0.115720579927087	0.908414814740402	0.991217236190498	-5.05339052260489	FKBP10	no	no	no
0.0246956663559562	7.74223879764239	0.115640749719923	0.908477707342157	0.991217236190498	-5.05339622242258	RNF25	no	no	no
0.0397012002780948	9.57284125131803	0.1154360917894	0.90863894563406	0.991217236190498	-5.0534108168951	FDFT1	no	no	no
-0.0110118864512729	13.6885193311845	-0.115406641837939	0.908662147889313	0.991217236190498	-5.05341291489071	RPL39	no	no	no
-0.0582425596471082	7.4997652053279	-0.115362671123935	0.908696790532205	0.991217236190498	-5.0534160463407	BMP7	no	no	no
-0.0512173157254961	10.1494884569068	-0.115244399450473	0.908789972611663	0.991217236190498	-5.05342446334464	LBH	no	no	no
0.019717949249476	7.33756490581327	0.114960701483835	0.909013493525974	0.991318538211424	-5.05344461802851	MAP3K3	no	no	no
0.0436731061232962	8.77531028034542	0.114657249033104	0.909252586924618	0.991436791145854	-5.0534661211875	NAA35	no	no	no
0.052389270292238	8.08886726355915	0.114212366336826	0.90960313008947	0.991562208626398	-5.05349754368124	RGN	no	no	no
0.0323595108683891	9.71839293442788	0.11417958827704	0.909628958124454	0.991562208626398	-5.05349985399951	NAT10	no	no	no
0.0221791799776754	7.96912138520431	0.113565528525069	0.910112835297887	0.991731015810085	-5.05354301271571	TMEM53	no	no	no
-0.0999373684570861	9.31482374023641	-0.113439437150531	0.91021219918685	0.991731015810085	-5.05355184617353	VCAM1	no	no	no
0.0371649954192073	10.2559657861273	0.113078206640256	0.910496868005273	0.991731015810085	-5.0535770982587	RAB5B	no	no	no
0.0323307754724191	10.6423788586153	0.11305969436344	0.910511456982916	0.991731015810085	-5.05357839020537	MANF	no	no	no
0.0264941981987059	8.46620609513594	0.113032342858059	0.910533011952237	0.991731015810085	-5.05358029864299	FAM174C	no	no	no
0.0577851177320157	8.79104557591063	0.112618288217983	0.910859325347448	0.991731015810085	-5.0536091327417	TMEM231	no	no	no
-0.0379997394898175	6.90711941580059	-0.112563829957396	0.910902244658862	0.991731015810085	-5.0536129172598	MYO10	no	no	no
0.0211041021977905	8.11050649860871	0.112269423064305	0.91113427547716	0.991731015810085	-5.05363334507848	CREB3L2	no	no	no
0.0144742313628021	6.61950592114501	0.112211996991808	0.911179535585953	0.991731015810085	-5.05363732343365	KMT2A	no	no	no
0.0372399498029304	10.81871520206	0.112103247634829	0.91126524673517	0.991731015810085	-5.05364485178339	GSTK1	no	no	no
-0.0359019453905976	10.1293430472061	-0.112047657313881	0.91130906083518	0.991731015810085	-5.05364869729599	GMPR2	no	no	no
0.0250489895127443	8.1399578004564	0.111798911174517	0.911505116156298	0.991731015810085	-5.05366588119981	MFN2	no	no	no
0.0324529979342511	7.92477520786583	0.111591364259967	0.911668703575284	0.991731015810085	-5.05368018977238	BMP4	no	no	no
-0.0310099078004845	8.32835551023122	-0.111554351506452	0.911697877246202	0.991731015810085	-5.05368273869176	C6orf120	no	no	no
-0.0390930136530452	9.32472784392168	-0.111397058000099	0.911821858291044	0.991731015810085	-5.05369356143797	CDCA4	no	no	no
0.0284750948489255	9.29539048370747	0.111329672400292	0.911874973287686	0.991731015810085	-5.05369819330682	CRLF3	no	no	no
0.0280687059782196	10.9549505575194	0.110774372667161	0.912312689772265	0.991942855571409	-5.05373625619379	SF3B5	no	no	no
-0.0325443176622115	8.48919372791283	-0.110750883569504	0.912331205723888	0.991942855571409	-5.05373786205602	IFT88	no	no	no
0.0430403069252459	8.74025256508914	0.110569146930644	0.91247446648117	0.991956483045719	-5.05375027521269	CYB5A	no	no	no
0.0257021722633854	8.57772723483525	0.110281944753213	0.91270087042829	0.992060479130477	-5.05376985045001	GGA1	no	no	no
0.0196769792003758	8.02254590546573	0.10966357959201	0.913188357882216	0.992448189574657	-5.05381182454214	KLF15	no	no	no
0.0342309722549771	8.36550705940638	0.10942248194263	0.91337843610743	0.99246277252222	-5.05382812614206	ARSD	no	no	no
-0.0255782421283299	7.546356659623	-0.109314760880165	0.913463363639324	0.99246277252222	-5.05383539801711	DCLRE1C	no	no	no
-0.0257943486896762	8.59961875016734	-0.108987421841385	0.913721444760014	0.992601048366355	-5.05385745162252	EIF4A2	no	no	no
0.0232043825429341	8.06369128830132	0.108399430563862	0.914185053336179	0.992962522862143	-5.05389690001292	MAPK8	no	no	no
0.036386599375871	8.29965905690491	0.10802362952181	0.914481373893854	0.993142216274018	-5.0539220008453	DIP2C	no	no	no
0.0357316960312186	9.44365609353111	0.107826816208608	0.914636566856521	0.993168613238019	-5.05393511181787	RALGDS	no	no	no
0.0331444032603711	8.01434676847943	0.107644997826638	0.914779938878607	0.993182168580751	-5.05394720265361	RAMP3	no	no	no
0.0870310143066077	9.45272558089731	0.107362450893994	0.915002745616507	0.993281950463241	-5.05396595142764	LAMP5	no	no	no
-0.0182620318043505	7.27804816369062	-0.107017000380218	0.915275165336286	0.993435553507615	-5.05398880734851	SHBG	no	no	no
-0.0203664921407475	8.51600638613097	-0.105830728755635	0.916210728604329	0.994195951263488	-5.05406673385393	BUD31	no	no	no
-0.0302228416401608	7.46744488727158	-0.105788155474827	0.916244306628289	0.994195951263488	-5.05406951437012	PDAP1	no	no	no
0.0230418593320444	8.02107151152812	0.1056303083351	0.916368803787142	0.994195951263488	-5.05407981381502	INTS1	no	no	no
-0.0234348399973316	10.3313668005047	-0.105148084708896	0.916749156233065	0.994466418512723	-5.05411118346825	MEPCE	no	no	no
0.0256055738069366	9.10270606596791	0.104567040424937	0.917207479380681	0.994821377006948	-5.05414879107644	RAD9A	no	no	no
0.028507723315164	6.80771249794192	0.104223842065833	0.917478204932979	0.994956233313277	-5.05417090647796	TRPV4	no	no	no
0.0360388539035702	9.30504016285922	0.10385836773029	0.917766513361274	0.994956233313277	-5.05419437744471	MRPS16	no	no	no
-0.0242859786938828	8.66568864202146	-0.103847565359087	0.917775035100536	0.994956233313277	-5.05419506992545	SPEN	no	no	no
-0.0300123841616162	8.70466577872699	-0.103744547739535	0.917856303794536	0.994956233313277	-5.05420167020337	HSPA14	no	no	no
0.037110022418933	9.82572819934856	0.102467896506818	0.918863503797273	0.995905765863978	-5.05428292125991	DGCR6	no	no	no
0.0231654510282132	7.53750198378027	0.10150720999747	0.919621515874994	0.996356864555731	-5.05434340017465	RHOT1	no	no	no
0.0179844242956465	8.4151957371532	0.101474145458825	0.919647606193386	0.996356864555731	-5.0543454715804	ZMIZ2	no	no	no
0.0321440766715184	8.56185463256948	0.101250528511685	0.919824058527993	0.996356864555731	-5.05435946288645	LST1	no	no	no
0.0270942692372098	6.72193517602893	0.101114915098135	0.919931070760734	0.996356864555731	-5.0543679329457	GADD45G	no	no	no
0.0196660040631525	7.86443900128853	0.100967522668526	0.920047379490476	0.996356864555731	-5.05437712582593	PSMD5	no	no	no
-0.0251970140536752	8.79851789997889	-0.100831613978567	0.920154627864385	0.996356864555731	-5.05438559058862	XPNPEP1	no	no	no
0.041769514883654	9.71661036373537	0.1007755692671	0.920198854349837	0.996356864555731	-5.0543890778875	MRPL48	no	no	no
0.0290813969651501	7.87130611180874	0.100559509491691	0.920369355691262	0.996399296759209	-5.05440250375289	EGLN1	no	no	no
0.0230735411694345	11.3217325387588	0.100220609605128	0.9206368026702	0.996439697110412	-5.05442350484306	ATP6V1F	no	no	no
0.0244886035698491	9.85471918989751	0.0998050317900764	0.92096477365429	0.996439697110412	-5.05444916083472	VDAC3	no	no	no
0.0319452113415578	7.98973356043644	0.0997065280897079	0.921042514099569	0.996439697110412	-5.05445522641165	PHKA2	no	no	no
-0.0176049578581848	6.86971586776192	-0.0996376337658531	0.921096886890924	0.996439697110412	-5.05445946517047	VPS13C	no	no	no
0.0219285118653158	9.7908737012073	0.0995837333373133	0.921139426463633	0.996439697110412	-5.05446277938068	NPLOC4	no	no	no
-0.053106544332731	8.49716084262495	-0.0995138502645783	0.921194580288553	0.996439697110412	-5.05446707365784	FBXL7	no	no	no
0.0247221628261385	11.876428468669	0.0992785239509827	0.921380309784139	0.996498544846358	-5.05448151217962	ADAR	no	no	no
0.0282410909587899	10.7183753540075	0.0986965933863397	0.921839613078638	0.996646473387482	-5.05451707002555	MYH9	no	no	no
0.0209454825067305	9.05566330722382	0.0986765900035131	0.921855401731005	0.996646473387482	-5.05451828858326	CCDC86	no	no	no
-0.045487364718576	10.782832806863	-0.0986059952129681	0.921911122391504	0.996646473387482	-5.05452258707445	COL4A2	no	no	no
0.0167186140387292	7.94987831186691	0.0980797753959413	0.922326481611611	0.996670558231288	-5.05455453153869	PCSK7	no	no	no
0.0291095634600745	7.34450164783155	0.098039106468369	0.922358583586397	0.996670558231288	-5.05455699325718	GAREM1	no	no	no
0.0598214445289686	9.96509683071164	0.0978957474365305	0.922471744929976	0.996670558231288	-5.05456566274157	PSENEN	no	no	no
-0.0311875397030894	8.36977783773853	-0.0978036196711793	0.92254446741242	0.996670558231288	-5.05457122737803	SLCO2B1	no	no	no
-0.0411049904917253	12.9358040689798	-0.0977457571132981	0.922590142463965	0.996670558231288	-5.05457471967454	IFITM1	no	no	no
-0.037535298966556	9.19462150998294	-0.0974954851500881	0.922787703049797	0.99674207697393	-5.05458980105983	NME3	no	no	no
0.0193359024213164	8.46015026522711	0.0972412993407941	0.922988358209872	0.996816917463209	-5.05460507874177	MXD3	no	no	no
0.0326624161002752	11.0771824236805	0.0968077596047803	0.923330607683424	0.996863708343731	-5.05463104441364	TMEM14B	no	no	no
-0.065410494171294	8.91359363547495	-0.0959012123251374	0.924046311139189	0.996863708343731	-5.05468496484283	XAF1	no	no	no
0.0256074947425831	9.05726831586511	0.0958754253342889	0.92406667045816	0.996863708343731	-5.05468649120848	FLAD1	no	no	no
0.0305577172040994	10.1013311862357	0.0956796241334489	0.924221260903597	0.996863708343731	-5.05469806755384	PPP1R14B	no	no	no
0.0385865142389055	7.45934749793312	0.0956217165041377	0.924266981141222	0.996863708343731	-5.05470148669209	ABCG1	no	no	no
0.0292582082581472	7.39415849662858	0.0954072784793716	0.924436290230676	0.996863708343731	-5.05471413010497	ADORA3	no	no	no
-0.0219803915235914	7.97554415010944	-0.0951631911419574	0.924629013184793	0.996863708343731	-5.05472848713818	ASB6	no	no	no
-0.0193448582223949	10.9702973610762	-0.0951453768189953	0.924643078940073	0.996863708343731	-5.05472953352405	PUM1	no	no	no
0.0274654211579539	11.6212405878705	0.0949395432006617	0.924805601916992	0.996863708343731	-5.05474160967347	TM9SF2	no	no	no
-0.0418293646803682	10.1620384121806	-0.0949345898915581	0.924809513011763	0.996863708343731	-5.05474189995942	DTX4	no	no	no
-0.0429395605853065	9.91655101872504	-0.094818086249845	0.924901503933604	0.996863708343731	-5.05474872322636	SORL1	no	no	no
0.0286457660227028	9.57410550874831	0.0948123766128303	0.924906012272395	0.996863708343731	-5.05474905740733	KIFBP	no	no	no
0.0309418210507396	7.19828295856983	0.0947219924058652	0.924977380123611	0.996863708343731	-5.05475434485121	MECOM	no	no	no
-0.0145327806422118	7.73240973642939	-0.0944789407179008	0.925169298130111	0.996863708343731	-5.05476853828927	DOC2B	no	no	no
0.0591233589574335	8.46073692934992	0.0941768265943054	0.925407859187942	0.996863708343731	-5.05478612997815	MALL	no	no	no
-0.0238686877564258	8.93695191548336	-0.0941186329138607	0.925453811978889	0.996863708343731	-5.05478951204801	PNO1	no	no	no
0.0308509506185804	6.9601920993727	0.093699468547322	0.925784813807795	0.996863708343731	-5.05481381110046	NCF1	no	no	no
0.034202791652172	10.7066062649915	0.0935151768449088	0.925930347783055	0.996863708343731	-5.05482446022581	IARS2	no	no	no
0.022139131060355	9.23439495159929	0.0934921801605238	0.925948508297394	0.996863708343731	-5.05482578759744	PLEKHO2	no	no	no
0.0227546079753104	7.7590970371464	0.0934831891877254	0.925955608492253	0.996863708343731	-5.05482630646885	STK17A	no	no	no
-0.0287220736409725	9.30319690956815	-0.0934699015370443	0.925966101796113	0.996863708343731	-5.05482707321135	NAA10	no	no	no
0.0142783276290611	10.1280936102859	0.0923400554214805	0.926858393772902	0.996863708343731	-5.05489187074377	PSMB1	no	no	no
0.0261202608634438	7.61942020942391	0.092178382346419	0.926986082329687	0.996863708343731	-5.05490107840545	MYO1E	no	no	no
0.0141014967860948	7.35478765299414	0.0921716613350577	0.926991390591802	0.996863708343731	-5.05490146083371	H6PD	no	no	no
-0.0194671432581634	7.45486952374029	-0.0920141894877314	0.927115762991222	0.996863708343731	-5.05491041306937	ARTN	no	no	no
0.0333553370375652	10.8298355115491	0.0919461792890115	0.927169478506416	0.996863708343731	-5.05491427470177	LAMC1	no	no	no
0.0453536096899705	7.33309662162786	0.09167976342934	0.927379901213311	0.996863708343731	-5.05492937436152	ABCC4	no	no	no
0.040657832582363	8.73475048042882	0.0915212781529115	0.927505079818525	0.996863708343731	-5.05493833606274	EPHA2	no	no	no
0.0219260839173605	9.94027178962947	0.0914141128970566	0.927589724679164	0.996863708343731	-5.05494438704225	SCAF8	no	no	no
-0.0250562783227877	7.78723097158327	-0.0911771548591469	0.927776889843534	0.996863708343731	-5.05495774148709	KCNQ1	no	no	no
0.0141846028820578	6.80739749247619	0.0911391419540029	0.927806915340959	0.996863708343731	-5.05495988058812	MTHFS	no	no	no
0.022815139959042	8.99274322572374	0.0911010424370255	0.927837009357823	0.996863708343731	-5.0549620236685	AK2	no	no	no
0.0282411697354576	9.4644800222391	0.0909549347317805	0.927952417788889	0.996863708343731	-5.05497023385726	CYBA	no	no	no
0.0229572586348839	9.46902682630872	0.090934696741668	0.927968403617763	0.996863708343731	-5.05497137004636	EI24	no	no	no
0.0429139816835902	9.41165200625758	0.0908180946479387	0.928060507278645	0.996863708343731	-5.05497791132891	TBC1D3F	no	no	no
-0.0379582877204823	7.36841290025644	-0.0906985600689594	0.928154928337126	0.996863708343731	-5.05498460841389	RASA4	no	no	no
0.0265299660820947	8.96746788525787	0.090318253218903	0.92845534188823	0.996863708343731	-5.05500585697266	PDCD11	no	no	no
0.0176931143018246	8.87244418524696	0.0901686765522731	0.928573498999175	0.996863708343731	-5.055014189691	SLC22A14	no	no	no
0.0403885332194636	8.67995544768075	0.0900125859081155	0.928696803522648	0.996863708343731	-5.05502287057558	ADK	no	no	no
0.0240065504151182	8.69610115271259	0.0894976840848958	0.929103565141383	0.996863708343731	-5.05505139993808	CEP85	no	no	no
0.0291751063143255	11.4065814452791	0.0894006647460879	0.929180210530664	0.996863708343731	-5.05505675721083	TMED9	no	no	no
0.0283547806835821	10.6024125086016	0.0891013598373481	0.929416666035661	0.996863708343731	-5.05507324781629	RALA	no	no	no
0.023886725284267	8.0547898389586	0.0889551340936552	0.929532188981142	0.996863708343731	-5.05508128422166	COX15	no	no	no
-0.0894597544311561	8.65507220752225	-0.0888565761225504	0.929610053751664	0.996863708343731	-5.05508669341619	LUM	no	no	no
-0.0200780173440395	10.0931402888998	-0.0886034451235901	0.929810040641049	0.996863708343731	-5.05510055863702	MRPL11	no	no	no
0.0599727459100014	8.78169495347246	0.0886014722223512	0.92981159935551	0.996863708343731	-5.05510066654718	FCGR3A	no	no	no
-0.0200025461378554	9.78786748086092	-0.0881464489581259	0.930171103417112	0.996863708343731	-5.05512549043141	MEN1	no	no	no
-0.0196215900028886	8.49508514712168	-0.0879904387784919	0.930294367093502	0.996863708343731	-5.05513397218868	NOL9	no	no	no
0.0347150644681417	8.89262177312106	0.0878867806382046	0.930376268369885	0.996863708343731	-5.05513959943483	OARD1	no	no	no
-0.011960666485617	7.30756099593624	-0.0874498764457816	0.930721478881212	0.996863708343731	-5.05516324460881	PDPK1	no	no	no
0.0153406134953928	9.34280251144388	0.0874342992205387	0.930733787142417	0.996863708343731	-5.05516408547087	DAZAP2	no	no	no
0.0456225370864421	9.16493476554626	0.0873937364111441	0.93076583770977	0.996863708343731	-5.05516627435774	IMPA2	no	no	no
-0.0356751156751935	9.74688271738082	-0.0872306310934681	0.930894716000684	0.996863708343731	-5.05517506574536	LAGE3	no	no	no
0.0268112675439442	7.85711037824824	0.0871967722891234	0.930921469899776	0.996863708343731	-5.05517688867975	STAC	no	no	no
0.0209934021170793	7.729872797277	0.0870063972014678	0.931071898330421	0.996863708343731	-5.05518712517175	E4F1	no	no	no
0.025210125421766	7.53057729211869	0.0869062049535622	0.931151068130414	0.996863708343731	-5.05519250353976	TGFB1	no	no	no
-0.0310263392879879	8.04130516251148	-0.0865273964397531	0.931450400992035	0.996863708343731	-5.05521278218338	RAB29	no	no	no
-0.0245034835734265	8.68062275695299	-0.086483040408202	0.931485451595172	0.996863708343731	-5.05521515089087	DUSP14	no	no	no
-0.0135079110236488	7.02067369025659	-0.0861892910451482	0.931717578903631	0.996863708343731	-5.05523080709765	CACNG1	no	no	no
0.0198889933869998	9.13685998133239	0.086160940369619	0.931739982559241	0.996863708343731	-5.05523231531016	IKBKG	no	no	no
0.0190736970319954	11.6276891374031	0.0853755943873383	0.932360611514962	0.996863708343731	-5.05527389736077	RPL17	no	no	no
-0.0382268122570959	10.8601488887004	-0.0853374499503509	0.93239075669505	0.996863708343731	-5.05527590731959	SPARCL1	no	no	no
0.0103337861953006	9.49615933347224	0.085242128392366	0.932466088840395	0.996863708343731	-5.05528092620839	CFL1	no	no	no
0.0111229878659565	7.57791845549244	0.0849272953521747	0.932714904246848	0.996863708343731	-5.05529746301816	CEP250	no	no	no
0.0155874598698153	8.65535660431093	0.0848138490202153	0.932804563581344	0.996863708343731	-5.05530340687032	MPZL1	no	no	no
0.0157780087589552	7.18690120823995	0.084804842137758	0.932811681972617	0.996863708343731	-5.05530387843229	NFATC1	no	no	no
-0.0196623702232514	9.76331733877097	-0.0847431868966771	0.932860409984488	0.996863708343731	-5.05530710509368	ACTR1B	no	no	no
-0.0196216217827266	6.95927314829125	-0.0843600187597324	0.933163245247339	0.996863708343731	-5.05532710520473	SERHL2	no	no	no
-0.0219448817920765	7.64820529456754	-0.0842475707850617	0.933252119915801	0.996863708343731	-5.05533295742319	FBRS	no	no	no
0.0240005786496519	7.93785083770698	0.0837177627918269	0.933670871886829	0.996863708343731	-5.05536042565473	TPM2	no	no	no
-0.023001866241516	7.80100417115848	-0.0834170999639134	0.933908519554913	0.996863708343731	-5.055375936673	PPP5C	no	no	no
-0.0183312023379533	8.1791213040364	-0.0833796882049699	0.933938090705231	0.996863708343731	-5.05537786282135	MRNIP	no	no	no
-0.017072838846984	7.07908352439656	-0.0827130783392665	0.934465010892979	0.996863708343731	-5.0554120385046	KCNC4	no	no	no
-0.0232584336114521	7.71412527644123	-0.0826695645391932	0.934499407309226	0.996863708343731	-5.05541425983175	BBC3	no	no	no
-0.0212575970515057	7.23398463911691	-0.0826393607566255	0.934523282611198	0.996863708343731	-5.05541580101155	INTS6	no	no	no
0.0211203431188184	8.49889332848742	0.0826140310266818	0.934543305148765	0.996863708343731	-5.0554170930537	DIDO1	no	no	no
0.0260148378041801	9.36346311561518	0.0825813353696245	0.934569150336558	0.996863708343731	-5.05541876023847	EIF3J	no	no	no
-0.0253050336780522	9.55619235302099	-0.082499839484412	0.934633571327195	0.996863708343731	-5.05542291292519	NCKAP1	no	no	no
-0.0194620966770077	7.45965327388692	-0.0822422892093548	0.934837162969546	0.996863708343731	-5.05543600965973	POMGNT1	no	no	no
0.0304808838606993	8.05887389334013	0.0819657134343836	0.935055799045906	0.996863708343731	-5.05545002828449	TNFRSF6B	no	no	no
-0.0323219352787241	9.17949330370976	-0.0818731039560531	0.935129008952564	0.996863708343731	-5.05545471177481	HIBCH	no	no	no
0.0278440485086933	9.78472388933909	0.0817479427033888	0.935227952682297	0.996863708343731	-5.0554610330792	APOO	no	no	no
-0.0309441793480699	9.55546667933242	-0.081632838368047	0.935318947031176	0.996863708343731	-5.05546683792335	FAM193A	no	no	no
0.0123504258707682	7.04589586338388	0.0815631878021199	0.935374008873876	0.996863708343731	-5.05547034651121	SIGLEC7	no	no	no
0.013012732610121	8.58050072078943	0.0815076838918843	0.9354178873908	0.996863708343731	-5.05547314033007	SLC35F6	no	no	no
-0.0264802583314479	8.51890446374325	-0.0814237488032294	0.935484242510725	0.996863708343731	-5.05547736163635	NARF	no	no	no
0.0209070273305508	7.30530291367136	0.0813599388203963	0.935534687982243	0.996863708343731	-5.05548056789175	ULK2	no	no	no
-0.0235593401274531	9.93924622879262	-0.0812736885201647	0.935602874244708	0.996863708343731	-5.05548489771074	CTBP1	no	no	no
0.0187843718565751	7.92347620714895	0.0810790566409127	0.935756744727381	0.996863708343731	-5.05549465148525	PASK	no	no	no
-0.0210060978702193	9.10966699852552	-0.0809856753505449	0.935830570228148	0.996863708343731	-5.05549932289343	TNPO3	no	no	no
-0.0330146824246597	7.8210132115713	-0.0807956963709217	0.935980765817063	0.996863708343731	-5.05550881000088	COL5A3	no	no	no
-0.0115487758251316	7.45708585672019	-0.0803225592940731	0.93635483376715	0.996863708343731	-5.05553234055996	POLDIP3	no	no	no
0.0198742711147051	10.0380213118592	0.0802028180021371	0.936449505004448	0.996863708343731	-5.05553827375776	ARFIP2	no	no	no
-0.0114524962299817	9.56558026215511	-0.0801870604667335	0.936461963477601	0.996863708343731	-5.05553905388707	ATP6AP2	no	no	no
0.0161114892483963	8.01194649502346	0.0798718564730642	0.936711178449579	0.996863708343731	-5.0555546269236	RRBP1	no	no	no
-0.0234374370013753	9.05448133129441	-0.0798402806651251	0.936736144109561	0.996863708343731	-5.05555618358624	PICALM	no	no	no
0.0120796063644875	7.48456461058244	0.079605576199851	0.936921717050883	0.996863708343731	-5.05556773504951	PGPEP1	no	no	no
-0.0401907444088563	11.7272743076856	-0.0794720003048648	0.937027332611454	0.996863708343731	-5.05557429408354	MT1X	no	no	no
-0.0249711154492086	8.751682863393	-0.07919387100335	0.937247247091562	0.996863708343731	-5.05558791585391	COQ4	no	no	no
-0.0223354326700878	8.66831767005294	-0.0791438040039752	0.937286835170292	0.996863708343731	-5.05559036288499	ZFAND3	no	no	no
-0.0222670395759366	11.3791847371976	-0.0789005324716998	0.937479192750854	0.996863708343731	-5.05560223079415	DYNLT1	no	no	no
-0.0116366371493995	7.31887243672591	-0.0786202657367621	0.937700807543493	0.996863708343731	-5.05561585822629	PADI1	no	no	no
0.0250529428964949	9.16996032808371	0.0786032035081959	0.937714299289196	0.996863708343731	-5.0556166862791	PHF10	no	no	no
-0.0270558179247787	7.19584371433159	-0.0784801594575602	0.937811595394683	0.996863708343731	-5.05562265245245	CRYBB2	no	no	no
-0.0234184132605317	11.406228305071	-0.0784077233518616	0.937868874119431	0.996863708343731	-5.05562616037317	UBE2E3	no	no	no
0.0155994523609287	7.54458203612246	0.0783694331991091	0.937899152125706	0.996863708343731	-5.05562801337259	SPG7	no	no	no
-0.0259587615694036	7.89706169422118	-0.0782713763237418	0.937976691197778	0.996863708343731	-5.05563275457523	EEF1E1	no	no	no
0.0168338165893174	7.5927283795921	0.078098791902274	0.938113164859893	0.996863708343731	-5.05564108488868	MAP3K14	no	no	no
-0.0260831594401732	10.591509530385	-0.0780491940467721	0.938152385439808	0.996863708343731	-5.05564347548024	P4HTM	no	no	no
0.00948597814426944	7.12574010681227	0.0778910824890579	0.938277416619693	0.996863708343731	-5.05565108624399	UTP6	no	no	no
0.0253335847645936	8.01605930763128	0.0778660636883205	0.938297201087454	0.996863708343731	-5.05565228912037	PIN1	no	no	no
0.0148863897335493	7.93228374888631	0.0778581071588939	0.938303492992026	0.996863708343731	-5.05565267158058	RANBP3	no	no	no
0.0212497405406401	8.42369650482905	0.0774526862794922	0.938624099035029	0.996863708343731	-5.05567210793308	ST3GAL5	no	no	no
0.0487055473612506	7.22997606890258	0.0773765672506921	0.938684294965185	0.996863708343731	-5.05567574585861	CHRDL1	no	no	no
-0.0123278611224545	8.23444969065305	-0.077064022971697	0.938931462894897	0.996863708343731	-5.0556906456771	KHSRP	no	no	no
0.0192376181215781	7.56783683630582	0.076657549181575	0.939252921769299	0.996863708343731	-5.05570993318513	ALPG	no	no	no
0.0476679210431548	11.9650432445081	0.0765691957387287	0.939322797246931	0.996863708343731	-5.05571411213679	COL6A3	no	no	no
0.0233464876377457	8.06721800271374	0.076350962613919	0.939495391844023	0.996863708343731	-5.05572441350797	MYL5	no	no	no
-0.0347350270560882	12.8144160086906	-0.076244994312667	0.939579200330955	0.996863708343731	-5.05572940498383	SLPI	no	no	no
-0.023160323242409	8.52086320026092	-0.0761530275253985	0.939651935825544	0.996863708343731	-5.05573373132272	AP1G1	no	no	no
0.0396366208171275	11.1855611892379	0.0760934559846857	0.939699050563279	0.996863708343731	-5.05573653092576	SERPING1	no	no	no
-0.0208037558956479	8.84133879653898	-0.0758899244567205	0.939860023950972	0.996863708343731	-5.05574607949782	ACIN1	no	no	no
0.00986022380201713	6.97985690443679	0.0750642392850622	0.940513085603905	0.996863708343731	-5.05578455385034	NRF1	no	no	no
0.0243422873210941	8.83312192852637	0.0750471266846108	0.940526620964033	0.996863708343731	-5.05578534679381	TSPAN4	no	no	no
0.0306051280462107	9.51627231574191	0.074843046128174	0.940688041624445	0.996863708343731	-5.05579478930838	PRPF4B	no	no	no
0.0180208037330087	9.03315258991344	0.0748220787989991	0.940704626199529	0.996863708343731	-5.05579575798058	SRPRB	no	no	no
0.0192751793639063	9.05508505604794	0.0744291003885815	0.941015466125853	0.996863708343731	-5.05581386304241	CDK5RAP1	no	no	no
0.0258991282072034	8.58377144697113	0.0742002390753546	0.941196496222151	0.996863708343731	-5.0558243630869	PPP1R12A	no	no	no
0.0221768367522789	9.25829029409522	0.073926824877452	0.941412771928366	0.996863708343731	-5.05583686481965	PGAP6	no	no	no
-0.0239422977740802	10.0985082253239	-0.0737989106496801	0.941513955993992	0.996863708343731	-5.05584269779536	MAT2A	no	no	no
-0.0302806776750991	9.68727855267844	-0.0737475982274637	0.941554545963798	0.996863708343731	-5.05584503483886	CMC2	no	no	no
-0.0202963753238781	7.42002150538163	-0.0737407540153498	0.941559959993398	0.996863708343731	-5.05584534643823	TEFM	no	no	no
0.0113542531447952	7.69166938173244	0.0736846811972301	0.941604315810028	0.996863708343731	-5.05584789820084	EIF1B	no	no	no
0.0222845486262291	10.6596115607369	0.0734339245701572	0.941802676511009	0.996863708343731	-5.05585928589533	CNBP	no	no	no
0.0131303327335258	8.78813229823663	0.0733983623812142	0.941830808236835	0.996863708343731	-5.05586089775093	RIPOR1	no	no	no
0.013584655287972	9.38133505637287	0.0732484071796884	0.941949432205535	0.996863708343731	-5.05586768588347	ABT1	no	no	no
-0.0172025510620635	7.50916098898003	-0.0731123498153498	0.942057063267108	0.996863708343731	-5.05587383288435	STMN1	no	no	no
-0.0126388151647317	6.99336628823554	-0.0729278834240974	0.942202991064528	0.996863708343731	-5.0558821487349	SLC16A8	no	no	no
-0.0234148938817214	7.57618796317253	-0.0724762619060045	0.942560268588947	0.996863708343731	-5.05590241944563	CDC37L1	no	no	no
0.0133645994447899	8.6455257183993	0.0722992777929862	0.942700283887052	0.996863708343731	-5.05591032892111	PSMB2	no	no	no
0.0258473022144998	8.53314245963473	0.0719053580572717	0.94301192741171	0.996863708343731	-5.05592786392045	FNBP1	no	no	no
0.0199915953528896	9.46081539432462	0.0718155380646025	0.943082988380226	0.996863708343731	-5.05593184877263	SNF8	no	no	no
-0.00989550235973115	9.40524907498475	-0.0717636809956929	0.943124015245372	0.996863708343731	-5.05593414713754	COPB1	no	no	no
0.0119998577467383	7.42113251322225	0.0717257441483004	0.943154029187277	0.996863708343731	-5.05593582749104	THRAP3	no	no	no
0.0467048925360627	8.94659794614045	0.0717106352932707	0.943165982662884	0.996863708343731	-5.05593649646689	LAMB3	no	no	no
0.0271382685830948	8.67980427531061	0.0715612151414288	0.943284198167059	0.996863708343731	-5.05594310476741	PORCN	no	no	no
0.0442025883921287	9.2476793362452	0.0712900150707062	0.943498764583521	0.996863708343731	-5.0559550637422	IL32	no	no	no
0.0278029004615352	10.1489747454393	0.0712731935638045	0.943512073460642	0.996863708343731	-5.05595580401675	ANP32E	no	no	no
-0.0314019493687505	7.88181448763793	-0.0712168387380065	0.943556660515597	0.996863708343731	-5.05595828278617	AHNAK2	no	no	no
-0.0206493584130881	8.97544800024342	-0.0712085028560541	0.943563255750303	0.996863708343731	-5.05595864927388	DYNC1LI1	no	no	no
-0.0304962520631149	9.7035021086027	-0.0710203728218561	0.943712102700291	0.996863708343731	-5.05596690902015	NUCB1	no	no	no
-0.0116227570185791	7.51837341200722	-0.0704044763117106	0.944199409207729	0.996863708343731	-5.05599379680775	NAP1L4	no	no	no
0.0148943081441337	7.23525319024543	0.0703899770446681	0.944210881505366	0.996863708343731	-5.0559944269721	PTK2B	no	no	no
0.0145967688652498	8.09074226231307	0.070356422267844	0.944237431195901	0.996863708343731	-5.05599588482575	MLH3	no	no	no
-0.018571470423827	9.55894724176499	-0.0701911162328794	0.944368227937328	0.996863708343731	-5.05600305672914	CHKB	no	no	no
-0.0360507705772251	7.53182375728047	-0.0701161817673367	0.94442751959301	0.996863708343731	-5.05600630225141	SLC28A3	no	no	no
0.0251456881125145	7.75606929451306	0.0700744719320796	0.944460522504585	0.996863708343731	-5.05600810726455	MLXIPL	no	no	no
0.0202805136624374	10.6036373449393	0.0700175110351279	0.944505592979768	0.996863708343731	-5.05601057054031	ABCF1	no	no	no
0.0249138296960019	9.75149420776193	0.069987453602498	0.944529376084797	0.996863708343731	-5.05601186956778	HACD2	no	no	no
-0.0133773665892174	8.24338576328136	-0.0698899597521738	0.944606518969792	0.996863708343731	-5.05601607923687	PPCS	no	no	no
0.0243123977772463	7.37598456050928	0.069822310870391	0.944660047071413	0.996863708343731	-5.05601899678802	TBC1D2	no	no	no
-0.0167305069671373	8.78693348095321	-0.0697898160144687	0.944685759161955	0.996863708343731	-5.05602039721725	AP3S2	no	no	no
-0.0131485107947147	7.45810309721624	-0.0696491064475806	0.944797098615057	0.996863708343731	-5.05602645384973	NCOA6	no	no	no
-0.0138257842725428	7.56408921599654	-0.0693470394717971	0.945036119335946	0.996863708343731	-5.05603941459631	MC1R	no	no	no
0.0150751629951312	7.5861705613982	0.069015150445221	0.945298743670204	0.996863708343731	-5.05605358998434	ATR	no	no	no
-0.017224300958079	7.38890718446033	-0.0686995698364743	0.945548468836048	0.996863708343731	-5.05606700576478	EIF3F	no	no	no
-0.0181583530103729	10.6421980531161	-0.0685497315552418	0.945667040767267	0.996863708343731	-5.0560733540824	PFDN2	no	no	no
0.0280067823003293	7.83736121024977	0.0683310693033965	0.945840077592302	0.996863708343731	-5.05608259345396	ANTKMT	no	no	no
-0.0208581009386283	9.3677590150435	-0.0682675251460364	0.945890363307863	0.996863708343731	-5.0560852729197	TM9SF1	no	no	no
0.0178342874330646	7.7616605656939	0.0679514916156372	0.946140459985618	0.996863708343731	-5.05609856208251	NQO2	no	no	no
0.0209484103079058	9.74868466216953	0.0678426893824968	0.946226563125723	0.996863708343731	-5.05610312293575	SLC25A11	no	no	no
0.0219716238183038	10.830265530213	0.0671633156004836	0.946764215801437	0.996863708343731	-5.05613143618751	ESRP1	no	no	no
-0.0159335848651101	8.82743965966636	-0.0664121992613585	0.947358674351623	0.996863708343731	-5.05616240776368	ABCC10	no	no	no
-0.0148322340106041	11.4538060443209	-0.0663234062820455	0.947428950092384	0.996863708343731	-5.05616604604351	POLR2G	no	no	no
0.00841237340831752	7.55979870061817	0.0662332075502334	0.94750033885805	0.996863708343731	-5.05616973694145	SLC9A1	no	no	no
0.0480370833127091	8.70544759965068	0.0660275632316298	0.947663099917612	0.996863708343731	-5.05617813305388	CCND1	no	no	no
0.0194079212717732	9.72076298996628	0.0658452273980772	0.947807414930424	0.996863708343731	-5.05618555568822	SERTAD2	no	no	no
0.0262803698737152	7.64247593795609	0.0657667823337493	0.947869503109969	0.996863708343731	-5.05618874276283	SEPTIN11	no	no	no
-0.0452323647844365	8.40121857697992	-0.065714842385625	0.947910613038326	0.996863708343731	-5.05619085089474	FCGR2B	no	no	no
0.0238226021855464	9.37148744413271	0.0653015328948817	0.9482377483063	0.996863708343731	-5.05620756690379	SS18L1	no	no	no
-0.0299897181603373	9.32840766450498	-0.0648556293686396	0.948590691946726	0.996863708343731	-5.05622548291857	TNFAIP3	no	no	no
0.0106693845949089	6.80160826528462	0.0648275380931366	0.948612927234695	0.996863708343731	-5.05622660749231	PPARD	no	no	no
-0.0148188506727006	7.33301405412589	-0.0647883832739873	0.94864391979752	0.996863708343731	-5.05622817415863	ABCA1	no	no	no
0.0264014330740255	9.90830755098173	0.064724741122163	0.94869429520856	0.996863708343731	-5.0562307185954	PUS7	no	no	no
-0.014858689231311	10.0157600964862	-0.0646557411028036	0.948748911834561	0.996863708343731	-5.05623347441716	TBC1D10B	no	no	no
0.021473830827636	8.9113689878863	0.0643790842636638	0.948967900696314	0.996863708343731	-5.05624449442272	CRYBG3	no	no	no
-0.0157306895564555	8.90410944285301	-0.0643765998078909	0.948969867295633	0.996863708343731	-5.05624459317142	TARS2	no	no	no
0.0126478337637065	7.57432892038778	0.0641810157094222	0.949124685129642	0.996863708343731	-5.0562523550215	CLCN2	no	no	no
-0.0121220643915626	7.59003880675126	-0.0640401674611538	0.949236177126466	0.996863708343731	-5.05625793002874	BAD	no	no	no
-0.0281782167691155	9.13187187963465	-0.0638924635365431	0.949353097012814	0.996863708343731	-5.05626376324171	VASP	no	no	no
-0.0172222846216909	8.38844282166925	-0.0638917967150806	0.949353624859777	0.996863708343731	-5.0562637895457	B3GAT3	no	no	no
-0.0209463557064952	9.2689887691877	-0.0637716710897756	0.949448715075494	0.996863708343731	-5.05626852364114	COX20	no	no	no
0.0106904986320732	6.78636794979411	0.0634675628602172	0.949689447366882	0.996863708343731	-5.05628046859046	MYBPH	no	no	no
0.0207463550919704	9.70550049009682	0.0633372354452766	0.949792616098188	0.996863708343731	-5.0562855701969	THYN1	no	no	no
-0.0210607578839217	9.61658512619568	-0.0633237403380287	0.949803299035366	0.996863708343731	-5.05628609785764	TMEM184B	no	no	no
0.0102031466046833	7.13624802336376	0.0627782898694619	0.950235093922797	0.996863708343731	-5.05630733096276	APOC2	no	no	no
0.0164393212779974	10.6528888409638	0.0624668307210282	0.950481661084828	0.996863708343731	-5.05631937296717	UBP1	no	no	no
-0.0135929425988114	9.58736095912064	-0.0622990445084616	0.950614491360041	0.996863708343731	-5.05632583530098	HNRNPDL	no	no	no
0.0194104512494052	8.27298837468584	0.061576224849335	0.951186737733813	0.996863708343731	-5.05635347623087	TCAF1	no	no	no
0.0152993001853745	11.6208383344796	0.0615423646296993	0.951213545044997	0.996863708343731	-5.05635476315264	CYFIP1	no	no	no
-0.0144613495812245	8.34616310420794	-0.0608578915812128	0.951755458114796	0.996863708343731	-5.05638062610183	ECPAS	no	no	no
-0.0262546421007662	9.34411002530313	-0.0606609086106291	0.951911418359145	0.996863708343731	-5.05638801555473	S100A10	no	no	no
0.0180193453830778	8.23535739774346	0.0606386762999296	0.951929020795598	0.996863708343731	-5.05638884805473	TIMM44	no	no	no
0.0225721684059244	9.72200341532382	0.0606108083143497	0.951951085313063	0.996863708343731	-5.05638989115447	GALNT1	no	no	no
0.0519505926147328	9.07645529286465	0.0601149637340667	0.952343677328535	0.996863708343731	-5.05640837049087	FAM107A	no	no	no
0.0184575786607016	9.67645991432755	0.0600173829499879	0.952420939718766	0.996863708343731	-5.0564119892992	ATP5PB	no	no	no
0.011731027045412	7.64895696741895	0.0596440714713706	0.952716524078246	0.996863708343731	-5.05642577939668	PUM3	no	no	no
-0.0105838832147264	7.73838923942506	-0.0596107077811164	0.952742941448715	0.996863708343731	-5.05642700766128	APTX	no	no	no
0.0116623983578069	8.61493727005811	0.0595296757336343	0.952807102848985	0.996863708343731	-5.05642998794742	TBC1D22A	no	no	no
-0.0112894080679268	8.0364758663487	-0.0592722864493698	0.95301090649778	0.996863708343731	-5.05643942761101	JAK1	no	no	no
0.0223083358440323	8.58945120191901	0.0591614188327282	0.9530986936697	0.996863708343731	-5.05644348104195	B4GALT4	no	no	no
0.0104667658711542	6.64806307910775	0.058929709216176	0.953282167828729	0.996863708343731	-5.05645192807838	VASH1	no	no	no
0.00879362049321445	7.3248479360481	0.0586960939029701	0.953467153566947	0.996863708343731	-5.05646041103672	OSBPL10	no	no	no
-0.0121717915200613	7.7333368885015	-0.0586206959373173	0.953526857178383	0.996863708343731	-5.05646314167065	MPI	no	no	no
-0.0177148633163963	9.62801662471076	-0.0585411787616525	0.953589822864191	0.996863708343731	-5.05646601768514	PIK3C2B	no	no	no
-0.0103735589360567	6.93759899831041	-0.0585338217759478	0.953595648509435	0.996863708343731	-5.05646628357878	PEX26	no	no	no
-0.0256451690886217	11.6327918384568	-0.0584074987729128	0.953695678056255	0.996863708343731	-5.05647084388944	TXNIP	no	no	no
0.015919179663513	7.99262653280883	0.0583343019756834	0.953753639678034	0.996863708343731	-5.05647348181555	PCMTD2	no	no	no
-0.0166276674885132	7.19505522394565	-0.0582097974937741	0.953852230388721	0.996863708343731	-5.056477961213	NLK	no	no	no
-0.0331749193329967	8.87802513720868	-0.0581958346379957	0.953863287127674	0.996863708343731	-5.05647846296913	ACSL5	no	no	no
-0.0097440042798843	13.7185663547475	-0.058169225827738	0.953884357819008	0.996863708343731	-5.05647941882525	GAPDH	no	no	no
-0.0171113270778394	6.46726672060931	-0.0579487881368175	0.954058916869611	0.996863708343731	-5.05648732069971	MITF	no	no	no
-0.0151168266378622	8.7326683037908	-0.0578987659208305	0.954098528519427	0.996863708343731	-5.05648910963525	NMT1	no	no	no
-0.0126850674519954	7.84478465852636	-0.0577392456776031	0.95422485037636	0.996863708343731	-5.05649480421245	PDCD6	no	no	no
0.0152598215675966	9.28420900829215	0.0575195812429925	0.954398801527898	0.996863708343731	-5.0565026201183	MSL2	no	no	no
0.0155272606578537	9.33315812985875	0.0572865408611355	0.954583347482642	0.996863708343731	-5.05651087939425	CCDC51	no	no	no
0.0200004397261398	7.35410493827987	0.0571869873089536	0.954662185254987	0.996863708343731	-5.05651439749153	CD27	no	no	no
0.00767307084299902	7.49222228547475	0.0570154662052683	0.954798016158393	0.996863708343731	-5.05652044448127	RABGEF1	no	no	no
-0.0128863202781381	11.2101942878913	-0.0570100199396689	0.954802329184507	0.996863708343731	-5.05652063619232	DPM1	no	no	no
-0.0105400539250076	7.51481436652324	-0.0567380567887082	0.95501770495477	0.996863708343731	-5.05653018613419	TLK2	no	no	no
0.0139190853719347	9.17330978795002	0.0564845200857458	0.95521849133187	0.996863708343731	-5.05653904791282	MYCBP2	no	no	no
-0.0187902630696601	10.7711935864108	-0.0564137093171639	0.955274569883542	0.996863708343731	-5.05654151584785	RNF44	no	no	no
0.0174547873226137	8.91413085681061	0.0563139672567259	0.955353560945666	0.996863708343731	-5.05654498686142	INTS11	no	no	no
-0.0146104842944861	7.37722833324493	-0.056313177668269	0.955354186264727	0.996863708343731	-5.05654501431451	NUP153	no	no	no
-0.0120131202219469	7.47319163476299	-0.0559977499847402	0.955603993281262	0.996863708343731	-5.05655595059329	DEPDC5	no	no	no
-0.00956864542185225	7.39542201650501	-0.0557669214249086	0.955786803794675	0.996863708343731	-5.0565639147954	RFPL2	no	no	no
0.0133809733974624	7.03831793234857	0.055684008491423	0.955852469376768	0.996863708343731	-5.05656676748428	PPFIA3	no	no	no
0.022691296695004	10.1997325033075	0.0556376725592934	0.955889166753566	0.996863708343731	-5.05656835986237	GADD45A	no	no	no
-0.0122836742568818	9.12791151360361	-0.0555634883082315	0.955947919790936	0.996863708343731	-5.05657090651475	VPS39	no	no	no
-0.0284786081423861	7.87659109200698	-0.0555525217447435	0.955956605198762	0.996863708343731	-5.05657128269492	IGFBP5	no	no	no
-0.0137254998229239	8.07147778547789	-0.0555466306783222	0.955961270866267	0.996863708343731	-5.05657148474237	PCM1	no	no	no
-0.0152135914740529	8.22805621413394	-0.0551611470721002	0.956266573534088	0.996863708343731	-5.05658465920965	FARP1	no	no	no
-0.019963413313227	10.0878566173503	-0.0550135967766041	0.956383434995322	0.996863708343731	-5.05658967768237	LYRM1	no	no	no
-0.0264861684963469	7.96980347925383	-0.0549982608848915	0.956395581246416	0.996863708343731	-5.05659019851489	RAMP1	no	no	no
0.0148405112018328	9.91415457540862	0.0549926155525631	0.956400052435033	0.996863708343731	-5.05659039020325	ZBTB5	no	no	no
0.0372784551009082	10.217452037061	0.0546108820514263	0.956702394431314	0.996863708343731	-5.05660330639747	LOXL1	no	no	no
-0.0118714786968856	9.04519027380722	-0.0544470234601364	0.956832176307115	0.996863708343731	-5.05660882306322	PSMB7	no	no	no
-0.0135182500784183	8.41517377039222	-0.0543728466110033	0.956890927419378	0.996863708343731	-5.05661131494289	STX4	no	no	no
0.0133560800225927	8.04021839583577	0.0542768517216637	0.956966959675826	0.996863708343731	-5.05661453473071	ERBB3	no	no	no
-0.0102715107292812	9.79371915874681	-0.0541332305570284	0.957080714834432	0.996863708343731	-5.05661934134106	FAM53C	no	no	no
0.0215450310652295	8.25976417908711	0.0541081617277963	0.957100570696108	0.996863708343731	-5.05662017902146	C12orf4	no	no	no
-0.0101311721217816	9.36476787909338	-0.0540473014239704	0.957148775446205	0.996863708343731	-5.05662221106763	RAB3IL1	no	no	no
-0.015012962207996	8.95379552070509	-0.0540147701126331	0.957174542123091	0.996863708343731	-5.05662329630796	MMP24OS	no	no	no
-0.0174387128959459	7.76196482059419	-0.0534250694923171	0.95764162706711	0.996863708343731	-5.05664285539033	GJB3	no	no	no
-0.0266178073826824	9.57156662173655	-0.0532167251702517	0.957806654236062	0.996863708343731	-5.05664971439754	RESF1	no	no	no
-0.0152204809937357	7.48393558801354	-0.0531688144424975	0.957844604043894	0.996863708343731	-5.05665128790102	XRCC2	no	no	no
-0.0217995378603282	8.76285876394985	-0.0526798640553145	0.958231904432529	0.996863708343731	-5.0566672651858	GTPBP6	no	no	no
0.0138925971287293	7.9904516881383	0.0526216279974461	0.958278034228091	0.996863708343731	-5.05666915831235	MYBBP1A	no	no	no
0.0130471678371666	9.2172515044738	0.0525519158205337	0.958333254647602	0.996863708343731	-5.05667142174928	TXN2	no	no	no
-0.0211453424011616	11.1229329433667	-0.0524993334734172	0.958374906320868	0.996863708343731	-5.05667312702468	AZIN1	no	no	no
0.019644339841904	8.66034252256023	0.0523661239279339	0.958480425158347	0.996863708343731	-5.05667743944693	SAMHD1	no	no	no
0.0100712038498171	8.32795315273318	0.0523464161341223	0.958496036292	0.996863708343731	-5.05667807652153	U2AF1	no	no	no
0.0225230732101268	7.70258384491479	0.0523250559593038	0.958512956344742	0.996863708343731	-5.05667876674029	KRT81	no	no	no
-0.018582273733801	8.68781607064962	-0.0522383993633985	0.958581599903321	0.996863708343731	-5.05668156401584	ZNF354A	no	no	no
-0.00808916386808748	8.5289471336256	-0.051856828970006	0.958883858220133	0.996863708343731	-5.05669382596573	GPATCH8	no	no	no
-0.0169617793504808	8.91750595248964	-0.0518327642267403	0.958902921143732	0.996863708343731	-5.05669459628497	IFNGR1	no	no	no
0.0213962591963153	8.82417576080202	0.0517548712141453	0.958964624380919	0.996863708343731	-5.05669708721104	NDUFAF4	no	no	no
0.0175775545288738	7.68668328837404	0.0516054907910857	0.95908295734576	0.996863708343731	-5.05670185374062	SPTBN2	no	no	no
-0.0131146950922233	11.7890717738236	-0.0514847348191909	0.959178615892061	0.996863708343731	-5.05670569683358	AP2M1	no	no	no
0.020272967967458	8.99961941338637	0.0514611030888062	0.959197336171837	0.996863708343731	-5.0567064478669	SIGIRR	no	no	no
0.0153449785322198	9.92328332796934	0.0512203954120244	0.959388018203948	0.996863708343731	-5.0567140780897	MAP1LC3B	no	no	no
-0.0116263154956462	8.10352904935776	-0.0510005984807296	0.959562137417501	0.996863708343731	-5.05672101421832	MED28	no	no	no
-0.029182906948976	9.47800419023404	-0.0509355945449819	0.959613632760511	0.996863708343731	-5.05672305983229	RAI2	no	no	no
-0.00855738200109932	8.54824806605387	-0.0508790145044561	0.959658454936175	0.996863708343731	-5.0567248382307	RBFOX2	no	no	no
0.00995559034647244	8.51681146169033	0.0506336926320229	0.959852798140404	0.996863708343731	-5.05673252621708	TNPO1	no	no	no
0.0142465258239186	8.16438919320905	0.0506221138092032	0.959861970908021	0.996863708343731	-5.0567328881603	CHAC1	no	no	no
0.0191948301797077	9.46175237439299	0.050493223303043	0.959964078607364	0.996863708343731	-5.05673691156921	DHRS4	no	no	no
0.0151388664618753	9.29838426638702	0.0502182374799557	0.960181926013421	0.996863708343731	-5.05674546116728	SYNCRIP	no	no	no
-0.0161516235605798	8.58373685283717	-0.0501037243183964	0.960272645763437	0.996863708343731	-5.0567490077345	AP1S2	no	no	no
-0.0131504814144845	8.75299925048473	-0.049903812679084	0.960431021270638	0.996863708343731	-5.05675517976141	MED8	no	no	no
-0.00973339019987441	8.98224603372811	-0.0496817957343231	0.960606911104288	0.996863708343731	-5.0567620053483	METTL5	no	no	no
-0.011786617611552	8.68785426764809	-0.0493564588842328	0.960864658278181	0.996863708343731	-5.0567719523895	WDR46	no	no	no
0.00978640349312233	6.99126384147202	0.0493232037220727	0.960891004822797	0.996863708343731	-5.05677296547164	LCMT2	no	no	no
-0.0134077626242268	10.4940162392132	-0.0491901706102414	0.960996401317266	0.996863708343731	-5.0567770113516	TIMM8B	no	no	no
-0.0132198245358409	7.61609576528921	-0.0487048168316434	0.961380932509443	0.996863708343731	-5.05679167956933	RAB21	no	no	no
-0.0200314764903369	7.37454976975657	-0.0480110322126203	0.961930613312155	0.996863708343731	-5.05681239441039	ADRA2C	no	no	no
-0.00812498603680806	6.66176182313348	-0.0477286398692759	0.962154356212477	0.996863708343731	-5.05682074091828	DHX57	no	no	no
0.0111244238071675	10.6616507388053	0.0475303349049555	0.962311477501557	0.996863708343731	-5.05682657268	RNPS1	no	no	no
-0.0226939083069695	10.6096988853114	-0.0474537356680253	0.962372169130832	0.996863708343731	-5.05682881881413	C1QBP	no	no	no
0.0102619902437714	7.79337613672791	0.0470557760111756	0.962687486862344	0.996863708343731	-5.05684042996721	SNIP1	no	no	no
0.0181169902467508	9.41424824191661	0.0469338146174039	0.96278412246769	0.996863708343731	-5.05684396882628	RALBP1	no	no	no
0.0114280306526411	8.74712537980342	0.0468251944821087	0.962870187658718	0.996863708343731	-5.05684711284145	KPNA6	no	no	no
0.0185249360471873	9.51071898103941	0.0467701761900122	0.962913781587021	0.996863708343731	-5.05684870256961	CDCA8	no	no	no
0.0205606698419493	10.1032354606727	0.0466539168309417	0.963005900457573	0.996863708343731	-5.05685205568363	EAPP	no	no	no
0.0134356297587394	10.7337829757227	0.0465427277006734	0.963094002377212	0.996863708343731	-5.05685525475748	FIBP	no	no	no
0.0101930373817847	7.03372905634394	0.0464004752787997	0.963206718314754	0.996863708343731	-5.05685933643912	ZNF589	no	no	no
-0.0119220675113899	10.5810469391102	-0.0463702015034143	0.963230706313822	0.996863708343731	-5.05686020347934	HSP90B1	no	no	no
-0.0107588727245475	9.29287399146074	-0.046222342318765	0.963347865832764	0.996863708343731	-5.0568644300329	YIPF3	no	no	no
0.00860932367303886	8.08123095812958	0.0459666226541714	0.963550492938344	0.996863708343731	-5.05687170792116	WTAP	no	no	no
-0.0134327764048883	9.83803678038616	-0.0457159218700541	0.963749145550336	0.996863708343731	-5.0568788037805	CCT5	no	no	no
-0.0143292541583839	8.38609264295782	-0.0452394249405201	0.964126723017553	0.996863708343731	-5.05689218363705	CTAGE9	no	no	no
0.0178592566234494	9.84378676280986	0.0450880046076061	0.964246710650632	0.996863708343731	-5.0568964061148	WDR77	no	no	no
-0.0107074730300616	12.2199971219787	-0.0447269175296607	0.964532844582868	0.996863708343731	-5.05690641819436	NHP2	no	no	no
-0.0201287397194445	8.4953034608075	-0.0445901201463192	0.964641247298819	0.996863708343731	-5.05691019023413	CAAP1	no	no	no
0.00823143328919206	13.2793944425436	0.0445394451289158	0.964681404010108	0.996863708343731	-5.05691158461038	RPL34	no	no	no
0.0115205401072839	7.45067973147536	0.0445078469705321	0.964706443577292	0.996863708343731	-5.05691245326438	DCAF16	no	no	no
0.0100292933153636	7.21409379488764	0.044445121574709	0.964756149642964	0.996863708343731	-5.05691417580015	NEK11	no	no	no
-0.0115408648525958	7.40062885365767	-0.0442570454902942	0.964905189363607	0.996863708343731	-5.05691932609812	NDUFS1	no	no	no
0.0124746663084821	9.39372284396192	0.0439182257864489	0.96517368812557	0.996863708343731	-5.05692854927087	MAN1B1	no	no	no
0.0173877972019309	7.92242031635113	0.0439134840675677	0.965177445745001	0.996863708343731	-5.0569286778446	HOOK1	no	no	no
0.0137907082742816	9.56007098767563	0.0438178424845754	0.965253237981893	0.996863708343731	-5.05693126824327	IDI1	no	no	no
0.0160278907000307	7.8163466765922	0.0431590077000346	0.965775347732997	0.996863708343731	-5.05694895897589	P3H4	no	no	no
0.00897020046733516	8.30021924616227	0.0429715775125634	0.965923884158578	0.996863708343731	-5.05695394280429	NUBP2	no	no	no
0.0312123833948893	9.46748271837294	0.0426030211626692	0.966215964702497	0.996863708343731	-5.05696367958186	OAS1	no	no	no
0.0182737133425653	7.05263117829231	0.0425935640090374	0.966223459549357	0.996863708343731	-5.05696392832398	EDN2	no	no	no
-0.00757100698584731	7.71843761142928	-0.0417113579453514	0.96692262625551	0.996863708343731	-5.05698688929288	PZP	no	no	no
-0.0148053323388606	8.54285002792136	-0.0415977647541648	0.967012653153786	0.996863708343731	-5.05698981083866	NUP155	no	no	no
-0.0169159111642044	8.20904776266567	-0.041031496154634	0.967461448896487	0.996863708343731	-5.05700425607264	RAPGEF3	no	no	no
-0.00907675146437113	8.21840239988148	-0.0409575944223281	0.967520020447868	0.996863708343731	-5.0570061266656	MKRN2	no	no	no
0.00769815312945827	8.6032669154087	0.0408785910956762	0.967582635519106	0.996863708343731	-5.05700812266062	SDHD	no	no	no
-0.0139186468934847	9.14261825645501	-0.0408589179555962	0.96759822774368	0.996863708343731	-5.05700861909727	SIVA1	no	no	no
-0.00875746418034837	8.40155099256084	-0.0408100052031149	0.967636994290928	0.996863708343731	-5.05700985233762	GSE1	no	no	no
0.0104063168665187	10.7966147744858	0.0408088911633723	0.967637877241023	0.996863708343731	-5.05700988040877	PARP4	no	no	no
0.00734012728394599	10.1085749883683	0.0407832822130023	0.967658174037368	0.996863708343731	-5.05701052548214	DSTN	no	no	no
0.0089518137391136	7.54101503426166	0.0406373191553919	0.96777385988187	0.996863708343731	-5.05701419446932	TBX19	no	no	no
-0.00673331176345666	7.38642848443148	-0.0403394830813498	0.968009917798565	0.996863708343731	-5.05702164019637	PES1	no	no	no
-0.010608014438865	8.23400711783078	-0.040248578488459	0.968081967235005	0.996863708343731	-5.05702390184925	ZSCAN26	no	no	no
0.00764786335569765	13.5557866653337	0.0401520534697037	0.968158471620806	0.996863708343731	-5.05702629775029	IFITM3	no	no	no
0.0154021386593652	8.28650091372114	0.0400074687246526	0.968273068043869	0.996863708343731	-5.05702987580726	SLC6A8	no	no	no
0.0057004633900683	7.5929389590644	0.0398210692609896	0.96842080739537	0.996863708343731	-5.05703446961355	DHX8	no	no	no
0.0170480689802515	9.41139334734793	0.0394102764375935	0.968746403838661	0.996863708343731	-5.05704451785496	PCLAF	no	no	no
-0.00488257038243239	7.85002435631602	-0.0393360912108491	0.968805203996513	0.996863708343731	-5.05704632136436	HNRNPM	no	no	no
0.00914708928850692	7.6879785135854	0.0390857416277123	0.969003635566523	0.996863708343731	-5.05705238250684	PPP1R2	no	no	no
-0.00995290384862006	9.18917398054238	-0.0390653312099031	0.969019813317542	0.996863708343731	-5.05705287495172	CNOT1	no	no	no
-0.0091636310081961	8.40330865512852	-0.0390162078378596	0.969058749648675	0.996863708343731	-5.05705405910346	SAFB2	no	no	no
-0.00973243342875322	10.2579647002423	-0.0388410630368164	0.969197574126397	0.996863708343731	-5.05705826896073	ADRM1	no	no	no
-0.00899485421683814	8.79090598174743	-0.0384059939721229	0.969542425735664	0.996863708343731	-5.05706864451786	RALGAPB	no	no	no
0.00886063176043961	7.84004959575843	0.0383719516903633	0.969569409139442	0.996863708343731	-5.05706945143081	RNF126	no	no	no
-0.0156670364487245	8.50861027466869	-0.0382854194477429	0.969637998547866	0.996863708343731	-5.05707149930599	PANK4	no	no	no
0.00817671792714844	7.83952747500208	0.0382645707576953	0.969654524206779	0.996863708343731	-5.05707199202075	ARHGEF9	no	no	no
-0.00637979784184863	8.20438643969656	-0.0382164125572931	0.969692696728259	0.996863708343731	-5.05707312911224	SAMM50	no	no	no
-0.01182763374252	7.70072563901409	-0.0381524977221283	0.969743358832401	0.996863708343731	-5.05707463603164	COL6A1	no	no	no
-0.0131549807329047	8.44126075464434	-0.0380506426216486	0.969824094554983	0.996863708343731	-5.0570770322561	ACP6	no	no	no
-0.0159904663302097	10.2231534594206	-0.037904453453567	0.96993997235627	0.996863708343731	-5.05708046028199	NOL11	no	no	no
0.0124959426344295	8.51139884717587	0.0376193986971934	0.970165924762823	0.996863708343731	-5.05708710665386	CDC42EP3	no	no	no
-0.0187835650460978	11.3812349387382	-0.0371949986513354	0.97050233563637	0.996863708343731	-5.0570969090713	VPS28	no	no	no
-0.00887246075643098	6.71428632311139	-0.0371487935828037	0.970538961521083	0.996863708343731	-5.05709796956274	MAP3K6	no	no	no
-0.00523402904180972	8.26972342461278	-0.0370105207445515	0.970648568171113	0.996863708343731	-5.05710113530474	TBXT	no	no	no
0.0121792605793189	8.728537900431	0.0363719560703284	0.971154755507984	0.996863708343731	-5.05711560204202	TRIP6	no	no	no
0.00871233846733422	6.67917134238672	0.036185967297507	0.971302190240992	0.996863708343731	-5.05711976829215	PEX13	no	no	no
-0.00747869596905548	9.76584209999857	-0.0360458063320247	0.971413297589294	0.996863708343731	-5.05712289386261	OTUB1	no	no	no
-0.00656708315048318	7.43298039609222	-0.0360413506464074	0.971416829676379	0.996863708343731	-5.05712299302487	UNKL	no	no	no
0.00797516860303457	9.33555744213476	0.0359774012360872	0.97146752337212	0.996863708343731	-5.05712441488271	PHF1	no	no	no
0.0104969417624238	7.28209131410578	0.0358824264446527	0.971542811591935	0.996863708343731	-5.05712652190265	PYROXD1	no	no	no
-0.0096448418042282	9.91633366509853	-0.0356014998842268	0.971765508646902	0.996863708343731	-5.05713272167173	TINF2	no	no	no
0.0217495908345147	9.13687151608648	0.0353616247027183	0.971955665118326	0.996863708343731	-5.05713797691256	OGDHL	no	no	no
0.0143718674358897	7.46196496603751	0.0352896042366791	0.972012758290752	0.996863708343731	-5.05713954781922	ANG	no	no	no
0.00816093790258276	6.90894245343724	0.0351187135977701	0.97214822994212	0.996863708343731	-5.05714326246235	VAMP5	no	no	no
0.00922913497760724	7.55811264320874	0.0350268078576943	0.972221087538625	0.996863708343731	-5.05714525275789	TASOR2	no	no	no
0.00923560161834992	7.34046867044098	0.0345989660881888	0.972560259089979	0.996863708343731	-5.0571544493825	NIPAL2	no	no	no
0.0171782960472803	9.92936937917061	0.0342236111117471	0.972857825970709	0.996863708343731	-5.05716242471402	FXYD5	no	no	no
0.0175069918482816	9.49389057847484	0.0339468736318618	0.973077215229013	0.996863708343731	-5.05716824896815	GRB7	no	no	no
0.00803053220681567	7.94270247209482	0.0336745882131534	0.97329307708395	0.996863708343731	-5.05717393337502	PPP2R2A	no	no	no
-0.0148022161073758	10.3617481620443	-0.0336153897177515	0.973340008609797	0.996863708343731	-5.05717516318335	EMG1	no	no	no
0.010480958350982	10.9435629300438	0.0334994994094503	0.973431884684221	0.996863708343731	-5.05717756446142	CLSTN1	no	no	no
0.0140819760627392	9.32685107519095	0.033398637225375	0.973511846987367	0.996863708343731	-5.05717964760377	SAR1A	no	no	no
0.00918066575141006	7.19060284990141	0.0330300357168529	0.973804072083047	0.996863708343731	-5.05718720704103	CCNJL	no	no	no
0.00921779283941667	9.38487385709905	0.0328923128126489	0.973913258923349	0.996863708343731	-5.05719000999434	MAPK1IP1L	no	no	no
0.00713052875897614	8.03554449413652	0.032887245958444	0.973917275939511	0.996863708343731	-5.05719011289222	UQCC1	no	no	no
0.0101741234530456	7.7885969282535	0.0328649400758856	0.973934960113637	0.996863708343731	-5.05719056569252	TTC28	no	no	no
-0.0120715193428604	8.75519688965638	-0.0326310058829066	0.974120424677921	0.996863708343731	-5.05719529595611	CBX7	no	no	no
0.010088259870429	11.9493153802272	0.0325978530437289	0.974146708583962	0.996863708343731	-5.05719596358919	MAGED1	no	no	no
-0.0141657008073014	9.90053773868618	-0.0323408369704106	0.974350474508963	0.996863708343731	-5.05720111636542	KLHDC3	no	no	no
-0.0100056060674864	9.41951973458928	-0.0321623768261761	0.974491961218922	0.996863708343731	-5.05720467022503	CRTAP	no	no	no
-0.0136834302354573	8.79834970983493	-0.0320516276714941	0.974579765743694	0.996863708343731	-5.05720686579853	ATP8B1	no	no	no
-0.00534045527673245	8.19652618761776	-0.0318927373548047	0.974705738266456	0.996863708343731	-5.05721000253215	WDR55	no	no	no
-0.0128925910768491	10.4560370678847	-0.0318302057905541	0.974755315154186	0.996863708343731	-5.05721123272486	LGMN	no	no	no
0.00929796290965848	9.835842659186	0.0315066762859117	0.975011820595794	0.996863708343731	-5.05721755901018	DERL1	no	no	no
-0.0116179761757391	8.2815902278845	-0.0314973055477687	0.975019250082853	0.996863708343731	-5.05721774128226	CENPB	no	no	no
-0.0084992429410634	7.94809776119339	-0.0311026931201501	0.975332116250835	0.996863708343731	-5.05722536775309	TSR1	no	no	no
0.0211486936577033	8.36037839932684	0.0310806804712724	0.975349568967637	0.996863708343731	-5.05722579034901	CXCL9	no	no	no
0.0118961269172405	9.793445752252	0.0306114453208361	0.975721604696324	0.996863708343731	-5.05723472750221	DHX40	no	no	no
0.0032205411014199	13.5780560732266	0.0304154794677064	0.975876978949003	0.996863708343731	-5.05723841966727	ACTB	no	no	no
0.00917553179383082	8.03648449207138	0.0298802356795337	0.976301359243298	0.996863708343731	-5.0572483832979	PDCD5	no	no	no
-0.00576361616524652	8.54112938169537	-0.0298271125245678	0.97634347953413	0.996863708343731	-5.05724936254304	MAPK7	no	no	no
0.00646823375690325	8.07824028596869	0.0298110651842209	0.976356203163905	0.996863708343731	-5.05724965800886	SETD2	no	no	no
-0.00937320972523962	8.97597140430382	-0.0294600092751705	0.976634550244386	0.996863708343731	-5.05725608191304	WDR5B	no	no	no
0.00827727139635153	8.05954339452466	0.0291078150672189	0.97691380282553	0.996863708343731	-5.0572624501844	MOCS3	no	no	no
-0.00948020365311887	11.0190536921132	-0.0290408535201003	0.976966896549282	0.996863708343731	-5.05726365229849	RAD21	no	no	no
-0.00602776633154466	9.5365160190072	-0.0290117808592279	0.976989948257243	0.996863708343731	-5.05726417335784	LMF2	no	no	no
-0.00933685529429805	9.68994856974232	-0.0288680852021174	0.977103884811634	0.996863708343731	-5.05726674110173	FBXW4	no	no	no
0.0172048971417531	9.06411915064366	0.0287784875409304	0.977174927209169	0.996863708343731	-5.05726833569822	PRR15L	no	no	no
0.0117237938709317	7.35543884692288	0.0287581631233196	0.977191042559452	0.996863708343731	-5.05726869672829	CST7	no	no	no
-0.00817457192137434	12.459798182235	-0.0285160232909889	0.977383037396485	0.996863708343731	-5.05727297832696	PARK7	no	no	no
0.00696819738073398	7.43032521485255	0.0284078645233051	0.977468797888998	0.996863708343731	-5.05727487913043	MMP2	no	no	no
-0.0055680995197916	8.34310713079293	-0.0283455241160435	0.97751822853065	0.996863708343731	-5.05727597143169	SMARCB1	no	no	no
0.00870770061400656	7.23064756157	0.0281578132550886	0.977667067819804	0.996863708343731	-5.05727924592875	TAF15	no	no	no
0.00714886304903042	7.24752742985163	0.0279897973013129	0.977800291348768	0.996863708343731	-5.05728215840936	DHX58	no	no	no
-0.00935507628375919	7.56616009020749	-0.0279772496178857	0.977810240707503	0.996863708343731	-5.05728237521834	EXT1	no	no	no
-0.0124103269441234	8.8993039693822	-0.0279199561621491	0.977855670106258	0.996863708343731	-5.05728336394549	NXT2	no	no	no
0.00721857034730918	11.5689992456389	0.0274481879536323	0.978229749605775	0.996863708343731	-5.05729142831072	NOP10	no	no	no
-0.0101860976456389	8.00125024387045	-0.0274443657877441	0.978232780338836	0.996863708343731	-5.05729149308531	MAP2K4	no	no	no
-0.00707206368963605	7.67121323994289	-0.027410784647046	0.978259408049346	0.996863708343731	-5.05729206180021	P3H2	no	no	no
-0.00646082244908802	6.60508114955118	-0.0274066920280307	0.978262653237856	0.996863708343731	-5.05729213106334	AGPAT4	no	no	no
0.00496313094770219	6.64325343076345	0.0274000441459389	0.978267924589465	0.996863708343731	-5.05729224354948	ITPKB	no	no	no
0.00603203467771849	7.77633094039859	0.0270345164863139	0.978557766497022	0.996863708343731	-5.05729838649808	GLE1	no	no	no
0.00555645203071141	7.10366963421119	0.0270276521967379	0.978563209502568	0.996863708343731	-5.05729850106813	BTD	no	no	no
-0.0053552938759199	8.20710370250399	-0.0270083825391556	0.978578489290787	0.996863708343731	-5.05729882253746	SRP19	no	no	no
0.00590407940061816	7.47958642665679	0.0268309462584564	0.978719186972377	0.996863708343731	-5.05730177187314	ARHGAP35	no	no	no
-0.00941247101902483	9.6293083590849	-0.0268193678136645	0.978728368096824	0.996863708343731	-5.05730196365375	ATP2B4	no	no	no
0.0151558134349325	8.81926785197116	0.0268094504350324	0.97873623208166	0.996863708343731	-5.05730212785534	KLK10	no	no	no
-0.00875648861429124	10.5569343023269	-0.0267844158950679	0.978756083228253	0.996863708343731	-5.05730254208094	GOLGA7	no	no	no
0.00871809940233356	9.64238803183861	0.0265792210291476	0.978918793076032	0.996863708343731	-5.05730592268442	MAGOH	no	no	no
-0.00828855090880725	8.11373734913824	-0.0265189880269283	0.978966555177779	0.996863708343731	-5.05730691009279	DVL2	no	no	no
-0.0112154012678249	7.75296708499198	-0.0264429320388047	0.979026864317713	0.996863708343731	-5.05730815368963	SNCG	no	no	no
-0.00504375993838132	7.54494966440064	-0.0260655151592422	0.979326141561859	0.996863708343731	-5.05731427202301	PDE4C	no	no	no
0.00725889513573361	8.97754117652807	0.0260615658919025	0.979329273196796	0.996863708343731	-5.05731433557991	FOXO3	no	no	no
0.00822836115095321	10.1431347417889	0.0260470951748896	0.979340747986979	0.996863708343731	-5.0573145683798	AKT1	no	no	no
-0.00875618073309019	8.27661233032865	-0.0258509268700954	0.979496303267374	0.996863708343731	-5.05731771151103	CDK11B	no	no	no
0.00733548618105624	9.18164174720491	0.0258360315247943	0.979508114839591	0.996863708343731	-5.05731794920299	FTSJ3	no	no	no
0.0112025040623469	8.54523313924948	0.0258124004430852	0.979526853604262	0.996863708343731	-5.05731832601411	HDHD3	no	no	no
0.0089012798521578	10.1948666225793	0.0257935887415871	0.979541770748106	0.996863708343731	-5.05731862573096	MAGED2	no	no	no
0.00951627084041438	7.63649321373572	0.0257765861514388	0.979555253324516	0.996863708343731	-5.05731889643621	TYMP	no	no	no
0.00979999755093876	9.44196258871925	0.0255912929372691	0.979702186029917	0.996863708343731	-5.05732183499384	SHTN1	no	no	no
0.00512709310142519	7.2751302658204	0.0254893511262932	0.979783023542205	0.996863708343731	-5.05732344264521	B3GALT4	no	no	no
0.00512080472509662	7.47821071318781	0.0254608511708112	0.979805623390124	0.996863708343731	-5.05732389094993	PARD6A	no	no	no
-0.00886260669013059	8.05565321490666	-0.0253342446703299	0.979906019807671	0.996863708343731	-5.05732587640955	LHFPL6	no	no	no
-0.00516118237266941	8.1503793230034	-0.0253280650231432	0.979910920152492	0.996863708343731	-5.05732597306624	STK11	no	no	no
0.00502529690047628	12.5101867257597	0.025202872405454	0.980010195729224	0.996863708343731	-5.05732792614358	TUBB	no	no	no
0.0106262041885843	7.76645905632419	0.0251514718414739	0.980050955578801	0.996863708343731	-5.05732872521989	ZNF432	no	no	no
0.00708992578709184	11.7737926888092	0.0250631742526589	0.980120974322304	0.996863708343731	-5.05733009409154	NARS1	no	no	no
-0.00454373758363176	9.05879662442153	-0.0246216810790991	0.980471074554135	0.996863708343731	-5.05733686632134	TRAPPC4	no	no	no
-0.00438111274821549	7.8253066309759	-0.0242887363642652	0.980735099385673	0.996863708343731	-5.05734189388327	AMDHD2	no	no	no
-0.00671702209809184	8.0931640387644	-0.0242498944753547	0.980765901108285	0.996863708343731	-5.05734247594887	VPS26C	no	no	no
0.00750680641393104	9.97523170209096	0.0242089635237451	0.980798359495375	0.996863708343731	-5.0573430883121	MRPS18B	no	no	no
0.0068142255803526	8.02455276669052	0.0241626977044065	0.980835048490768	0.996863708343731	-5.05734377924422	ARAF	no	no	no
-0.00402593496817254	6.99754635919465	-0.0238672762146925	0.981069319999613	0.996863708343731	-5.05734815989539	PTCD1	no	no	no
-0.00464104885635644	6.97887939745014	-0.0236995580873109	0.981202322515531	0.996863708343731	-5.05735062291941	ZCCHC14	no	no	no
0.00742584630374136	8.8058288715995	0.0234562776142923	0.981395247851525	0.996863708343731	-5.05735416474547	MANBA	no	no	no
-0.00893063881488646	8.21305675361059	-0.0233929610053277	0.981445459128126	0.996863708343731	-5.05735508055428	CRISPLD2	no	no	no
0.00453707676492227	7.40841452546594	0.0232681321317967	0.981544451024596	0.996863708343731	-5.05735687882327	MRPL20	no	no	no
0.0105895241878953	8.2227117372574	0.0232038508450463	0.98159542753862	0.996863708343731	-5.05735780109846	SKAP1	no	no	no
-0.00511933997875517	8.14993097208914	-0.023021091177891	0.981740360511895	0.996863708343731	-5.05736040930256	IST1	no	no	no
-0.00807319077396094	9.4616788609233	-0.0230091850519023	0.981749802388394	0.996863708343731	-5.05736057850201	MRPS2	no	no	no
-0.00661532115754832	10.2317806694613	-0.0229429457749856	0.981802331955742	0.996863708343731	-5.05736151823867	MTX1	no	no	no
-0.00533558640603831	8.65695761777978	-0.0229074437716756	0.981830486053869	0.996863708343731	-5.05736202079048	KPNA4	no	no	no
0.00575926516553958	10.1284639600987	0.0228759699617251	0.981855445699716	0.996863708343731	-5.05736246567007	SPAG7	no	no	no
0.00875555980041706	9.16486723577621	0.0227082461742874	0.981988455846324	0.996863708343731	-5.05736482611677	TM4SF1	no	no	no
0.00532442756154315	7.45174372279829	0.0226703873189201	0.982018479160436	0.996863708343731	-5.05736535651737	CELSR3	no	no	no
0.00518481581950601	9.31921190863724	0.0220926426033696	0.982476652916178	0.997195404270728	-5.05737334088944	PI4KB	no	no	no
-0.00593841322222504	9.590453520724	-0.0217911586763321	0.98271574363918	0.997259821751694	-5.05737742553135	CHMP1A	no	no	no
0.00550813246879751	7.73089559784752	0.021417100834861	0.983012391070855	0.997259821751694	-5.05738241542546	CALD1	no	no	no
-0.0105925085415878	10.3375623266831	-0.0213365224566493	0.983076294258886	0.997259821751694	-5.05738347902314	JUNB	no	no	no
-0.00547233662235297	8.38839195066743	-0.0209334515564422	0.983395953842699	0.997259821751694	-5.0573887391898	LIG1	no	no	no
-0.00778948576553921	9.95540709518446	-0.020924372844186	0.983403153842182	0.997259821751694	-5.05738885651387	RAB9A	no	no	no
-0.00584561843362376	9.29807643091054	-0.0207717998439209	0.98352415419872	0.997259821751694	-5.05739082059818	PBXIP1	no	no	no
0.0063663981307754	9.27164903773736	0.0206656732686164	0.983608319737588	0.997259821751694	-5.05739217829794	TTLL12	no	no	no
-0.00365268172822315	6.65361802773459	-0.0205529121474313	0.983697747126199	0.997259821751694	-5.05739361325484	PRDM11	no	no	no
0.00276116539225256	8.63869554768476	0.0204989015534483	0.983740581347831	0.997259821751694	-5.05739429779312	DAP3	no	no	no
0.00497917636274153	7.94664480479845	0.0200323681674139	0.984110577331156	0.997259821751694	-5.05740013573174	TRIM32	no	no	no
0.0135345700868944	9.34280698475778	0.0200074331683654	0.98413035275685	0.997259821751694	-5.05740044397104	ST6GALNAC2	no	no	no
-0.00841189302384606	9.57531988173841	-0.019948510938585	0.984177082783756	0.997259821751694	-5.05740117082527	WLS	no	no	no
-0.00661353113154813	8.74790809973829	-0.0198274406747732	0.984273101333799	0.997259821751694	-5.05740265759897	POLD1	no	no	no
-0.00860040553688387	12.3825466727759	-0.0196814918213196	0.984388850938981	0.997259821751694	-5.05740443785661	RPS26	no	no	no
0.00527414249792684	11.5237701195776	0.0194753898583111	0.984552307552529	0.997259821751694	-5.05740692945019	PGRMC1	no	no	no
0.00419343269853259	7.89452047725472	0.0193611193748355	0.984642934180771	0.997259821751694	-5.05740829957874	SMTN	no	no	no
0.00584672759880754	10.3400861033458	0.0189770154025992	0.984947564194605	0.997301779922656	-5.05741284597178	EXOC1	no	no	no
-0.00665482783013116	8.60884823742817	-0.0188640957406496	0.985037120375926	0.997301779922656	-5.05741416520258	PIAS3	no	no	no
0.00483447558043943	7.8351824546259	0.0186609689654123	0.985198219987852	0.997301779922656	-5.0574165184958	RAD50	no	no	no
-0.00391493603445196	12.9936013903448	-0.0185472538877094	0.98528840755853	0.997301779922656	-5.05741782480048	HMGN2	no	no	no
0.00480441463284395	7.99488854879115	0.0184802875647997	0.985341518724322	0.997301779922656	-5.05741859034223	FSTL1	no	no	no
0.00505529819088674	9.314300010887	0.0179983544393243	0.985723743115215	0.997555583189951	-5.05742401800845	SIGMAR1	no	no	no
-0.0150126055990571	10.2830201682328	-0.0176711499174338	0.985983253153158	0.997606085049349	-5.05742762134038	AEBP1	no	no	no
0.0036842479797486	8.14751318807821	0.0175004089685918	0.98611867056713	0.997606085049349	-5.05742947537284	SH2B1	no	no	no
0.00312319577177461	6.75619007517004	0.0173275163600043	0.986255794919241	0.997606085049349	-5.05743133442743	MSRA	no	no	no
0.00752699896530648	10.0601928351902	0.0171470351149533	0.986398938408853	0.997606085049349	-5.05743325538998	TUBB6	no	no	no
0.00332323181566182	6.66639601835363	0.0171066059370775	0.986431003706545	0.997606085049349	-5.05743368294292	SERGEF	no	no	no
-0.00415670860610298	7.61512057033013	-0.0168740972314997	0.986615412071904	0.997659614445843	-5.05743612221304	SURF2	no	no	no
-0.00373794031599057	7.66094653158383	-0.0166187018694622	0.986817973259561	0.997731483157035	-5.05743876311868	TMEM39A	no	no	no
0.00569940521676779	7.72321296135733	0.0161006391609244	0.987228865936825	0.997838617826167	-5.05744399641701	TENT5A	no	no	no
-0.00408914728790512	7.74673131341483	-0.0157951745364489	0.987471141689496	0.997838617826167	-5.05744700445564	HAUS5	no	no	no
0.0108781367932141	11.3025786436628	0.0157674552851506	0.987493126954313	0.997838617826167	-5.05744727456744	BST2	no	no	no
0.00400483457411158	9.47101773170651	0.0157455094991306	0.987510533056139	0.997838617826167	-5.05744748808288	KHNYN	no	no	no
-0.00627971120720712	7.79265304798053	-0.0154717807154836	0.987727639081216	0.997838617826167	-5.05745012626409	MSH5	no	no	no
0.00465637947936572	8.96329575125809	0.0152635506483773	0.987892795899212	0.997838617826167	-5.05745210218883	MTMR12	no	no	no
0.00373878573235425	8.44949515577009	0.0150510044273848	0.988061376610784	0.997838617826167	-5.05745409145885	ARFGEF2	no	no	no
0.00406723608574508	8.65270413561738	0.0150400671588894	0.988070051503636	0.997838617826167	-5.05745419306868	UBE2H	no	no	no
0.00512785631018575	9.35365192407284	0.0149929080440622	0.988107455765132	0.997838617826167	-5.05745463034223	CHIC2	no	no	no
-0.00601695776651466	7.82526077273439	-0.0141467636916805	0.988778579847399	0.998108590765819	-5.05746224268806	BHLHE41	no	no	no
-0.00414939104414498	11.3267717124848	-0.0140222804703662	0.988877315109741	0.998108590765819	-5.05746332529928	APMAP	no	no	no
-0.00339881568883377	10.2842372249782	-0.0139924347054605	0.988900987638994	0.998108590765819	-5.05746358344121	RNF167	no	no	no
-0.00481926816712773	9.72566549133258	-0.0138105452591698	0.989045255670164	0.998108590765819	-5.05746514474896	SRP54	no	no	no
0.00362052525420203	10.0232288937138	0.0135832297856285	0.989225554479228	0.998108590765819	-5.05746706726792	TOMM70	no	no	no
0.00585090139192371	8.05171584636345	0.0133517413339428	0.989409163736339	0.998108590765819	-5.05746899228984	KCNK5	no	no	no
0.00361422053627319	7.86100575363945	0.0132628428204987	0.989479675356884	0.998108590765819	-5.05746972276269	HIRIP3	no	no	no
-0.00394027922600571	9.35397087628903	-0.0132375391210807	0.989499745503926	0.998108590765819	-5.05746992978925	IRF3	no	no	no
0.00948073401567785	9.86562862248045	0.0131475849163073	0.989571094577997	0.998108590765819	-5.05747066256409	KLK11	no	no	no
0.00336299297623814	10.8370952863915	0.0127780552884498	0.9898641956929	0.998108590765819	-5.05747362036391	NDUFB3	no	no	no
0.0050252547188632	9.88101066170265	0.0126442435775109	0.989970331949838	0.998108590765819	-5.05747467062931	CTNNAL1	no	no	no
-0.00638609005665776	9.00901961497901	-0.0125742059084402	0.990025884231532	0.998108590765819	-5.05747521593524	NCAPD2	no	no	no
-0.00289057752876305	12.8046742036875	-0.0124999443506679	0.990084786860085	0.998108590765819	-5.05747579081955	PFN1	no	no	no
0.00447226294923283	8.34960154579332	0.0121029335351548	0.990399688017283	0.998283795722884	-5.0574788064527	ALDH5A1	no	no	no
-0.00368334086701037	8.58532495964073	-0.0118973266301105	0.990562771975433	0.998283795722884	-5.05748032995814	USP10	no	no	no
-0.00284128350176863	10.925964472534	-0.0117832372765743	0.990653265918993	0.998283795722884	-5.05748116407631	YTHDF1	no	no	no
-0.00232868197967447	8.37032288031849	-0.0113770995643014	0.990975409190014	0.998293438159797	-5.0574840681571	GTF2A2	no	no	no
-0.00505143300145453	12.0122274701239	-0.011289160624441	0.991045161441823	0.998293438159797	-5.05748468354886	CYC1	no	no	no
0.00233534624131527	12.083697687974	0.0112735784840303	0.991057521040821	0.998293438159797	-5.05748479209379	CUTA	no	no	no
0.00211143415591494	8.1822422821335	0.0109932389579676	0.991279883944907	0.998373140235096	-5.05748671932194	TTR	no	no	no
0.00203321977540364	10.1490551561292	0.0104368071025281	0.991721242973134	0.998373140235096	-5.05749040083094	RPL37A	no	no	no
-0.0039910708462172	8.7439283969541	-0.0102504095292135	0.991869093210719	0.998373140235096	-5.05749159134137	EPPK1	no	no	no
-0.00297687977672066	10.7224670090721	-0.010215006358525	0.991897174978221	0.998373140235096	-5.05749181503502	YIF1A	no	no	no
-0.00226421943860424	6.62730230285092	-0.0101945801485235	0.991913377036864	0.998373140235096	-5.05749194374521	H4C9	no	no	no
-0.00267752711128415	9.12404500586099	-0.0100446447500294	0.992032305818493	0.998373140235096	-5.05749288063608	SOCS5	no	no	no
-0.00195098978621499	12.6165443492376	-0.00998360265934978	0.992080724467062	0.998373140235096	-5.05749325808948	PSAP	no	no	no
0.0036867507143567	8.73415547697848	0.00968012303287941	0.992321445260839	0.998373140235096	-5.0574951004999	ITGA5	no	no	no
0.00234206777391534	9.37638350023017	0.00935985638107077	0.992575482349204	0.998373140235096	-5.05749698314871	PPM1B	no	no	no
0.00635665518885009	9.12301464961135	0.00934491608099292	0.99258733308817	0.998373140235096	-5.05749706942728	MGLL	no	no	no
0.00187090653452193	10.6805050830615	0.0091175077767973	0.992767714977227	0.998373140235096	-5.0574983656697	ILK	no	no	no
-0.00315231162223972	10.4904402828632	-0.00886650604553447	0.992966811784906	0.998373140235096	-5.05749975932254	SHLD2	no	no	no
0.00242995338093999	8.40969123985763	0.00885301220167594	0.992977515234936	0.998373140235096	-5.05749983314337	ADAP2	no	no	no
0.00214898661668085	8.59030896487552	0.00885156612597138	0.992978662276525	0.998373140235096	-5.05749984104774	KLC1	no	no	no
-0.00252318052104802	10.7759999707897	-0.00817253494621643	0.993517278159281	0.998748710819422	-5.05750341003734	PSMC5	no	no	no
-0.00269235486787418	8.98412040060649	-0.00790481266947196	0.993729639616582	0.998748710819422	-5.05750473893152	NRBP1	no	no	no
-0.00172700289921089	7.02236904524114	-0.0078071312195507	0.993807122171216	0.998748710819422	-5.05750521277351	HS3ST2	no	no	no
-0.00116192160926857	6.71811291350767	-0.00764630823783062	0.993934689772952	0.998748710819422	-5.05750598007285	KRT32	no	no	no
0.00172283115268225	6.91687609303043	0.00755096951088498	0.994010314194554	0.998748710819422	-5.05750642740152	RNF144A	no	no	no
-0.0025778772874666	8.68864775969134	-0.00738333599733528	0.99414328429756	0.998750065040366	-5.05750720032677	MICALL1	no	no	no
-0.000928639591377196	7.32596613821381	-0.00653022813813021	0.99481998826573	0.998990134581237	-5.05751086498985	CCDC33	no	no	no
-0.00164829356210985	8.3017244036867	-0.00649755962291395	0.994845901732371	0.998990134581237	-5.0575109963888	SUGP2	no	no	no
-0.00182106039127425	6.83890432120914	-0.00645898652049742	0.994876498869485	0.998990134581237	-5.05751115068869	LPAR6	no	no	no
-0.00202139413554732	9.5592937495554	-0.00641818672052797	0.994908862286558	0.998990134581237	-5.05751131289599	COPS3	no	no	no
-0.00111594782826817	8.71720068747774	-0.00602439527819644	0.995221227899945	0.99908537456194	-5.05751282565114	HINFP	no	no	no
-0.00128973772484211	11.6514525922731	-0.00530575984534662	0.995791270134407	0.99908537456194	-5.05751533948418	NDUFB5	no	no	no
-0.00194734924603482	10.6251692392216	-0.00523061385328281	0.995850878224005	0.99908537456194	-5.05751558393359	MKRN1	no	no	no
-0.00264229069584321	7.705046381306	-0.00512491506805813	0.995934721760175	0.99908537456194	-5.05751592186947	HMGCS1	no	no	no
-0.00109278182171127	8.34776133676073	-0.00480429729434357	0.996189045946415	0.99908537456194	-5.05751690473577	HIP1R	no	no	no
0.00108756737143651	8.06942985661243	0.00478431034249582	0.996204900244042	0.99908537456194	-5.05751696390477	PEX14	no	no	no
-0.001831414969417	8.28659934631768	-0.00477507503425361	0.996212225990216	0.99908537456194	-5.05751699116149	GRAMD1B	no	no	no
0.00128465959027383	8.18416648480193	0.00475181935927832	0.996230673147693	0.99908537456194	-5.05751705956405	SUPT7L	no	no	no
0.00147683339683949	9.07559746433843	0.00473216015460581	0.996246267469624	0.99908537456194	-5.05751711712774	SASH1	no	no	no
-0.000745471193459934	7.23280081792899	-0.00451980879615731	0.996414711582012	0.99908537456194	-5.05751772369827	MPC1	no	no	no
-0.00134409521835731	9.02571873187824	-0.00441394384050435	0.99649868722429	0.99908537456194	-5.05751801569519	SSNA1	no	no	no
0.000926393544790171	11.3024769718236	0.00430675742905547	0.996583711130644	0.99908537456194	-5.05751830428652	ATP6V0C	no	no	no
-0.000672051723354398	6.65178304052243	-0.00411348817520076	0.996737018975604	0.999107067369469	-5.05751880672128	PIK3R5	no	no	no
-0.000963960022019992	7.6368226086469	-0.00378465933023817	0.996997857652037	0.999229149657111	-5.05751960856057	PER2	no	no	no
-0.00138483438682552	9.27537020430079	-0.00348193100657962	0.997237992765689	0.999229149657111	-5.05752028772659	MCUB	no	no	no
0.00151893102560313	9.7032745882973	0.00329540662080791	0.99738595082099	0.999229149657111	-5.05752067801619	VIM	no	no	no
0.00103003206756727	8.34068818505159	0.00323113725241005	0.997436931687621	0.999229149657111	-5.0575208075191	PCGF3	no	no	no
0.00143093567407064	11.8500948408549	0.00296895544703178	0.997644904210972	0.999229149657111	-5.05752130939114	COL1A2	no	no	no
0.00154387494288266	8.56819764564685	0.00280054102996894	0.997778496984076	0.999229149657111	-5.05752160938299	PLLP	no	no	no
-0.000981104265752948	10.1985056795518	-0.0027978775333318	0.997780609772262	0.999229149657111	-5.05752161398673	TBCC	no	no	no
-0.000460339015296846	13.5890148460218	-0.00237570744362882	0.998115491551829	0.999327866250195	-5.05752228831498	RPS12	no	no	no
0.000499335999632249	8.17820862338249	0.00234155808921694	0.9981425801674	0.999327866250195	-5.05752233805032	ZNF430	no	no	no
-0.000657002968337864	10.503352558679	-0.00207667045008724	0.998352699568944	0.999406369964267	-5.05752269937882	SDF4	no	no	no
-0.00048083304698587	7.59974583643903	-0.00157629841791467	0.998749614859352	0.999473778553898	-5.05752326370649	UNC93B1	no	no	no
0.000379905136399247	8.67165125238466	0.00136609272903111	0.998916358596882	0.999473778553898	-5.05752345466422	CSNK2A2	no	no	no
-0.000554094365350031	8.77294103883359	-0.00115453853054084	0.999084172076764	0.999473778553898	-5.05752361929967	SLC12A2	no	no	no
-0.00070145382913736	9.56637448564415	-0.00114387462687888	0.999092631124345	0.999473778553898	-5.0575236268669	GBP1	no	no	no
-0.000211707813118189	9.14988020522778	-0.00106892413211762	0.99915208494658	0.999473778553898	-5.05752367807148	INTS5	no	no	no
-0.000191311461733828	7.63359186445093	-0.000840037977448656	0.999333646908885	0.999473778553898	-5.05752381297063	CAMTA2	no	no	no
-0.000219140407146497	11.7910719760185	-0.000829430914315308	0.999342060870905	0.999473778553898	-5.05752381843784	COX7C	no	no	no
-0.000115064658893779	12.2245486950535	-0.000590928427659283	0.999531250944708	0.999531250944708	-5.05752392302625	GABARAP	no	no	no
